ClinicID,ClinicName,Date,AppointmentCount,DayOfWeek,DayName,Day,Month,MonthName,Quarter,Year,WeekOfYear,IsWeekend,IsHoliday,HolidayName,SeasonFlag,Lag_1,Lag_7,Lag_14,Lag_28,RollingMean_7,RollingMean_14,RollingMean_28
1,Nexora Care - Riverside,2024-01-01,13,0,Monday,1,1,January,1,2024,1,0,True,New Year's Day,Flu Season,,,,,,,
1,Nexora Care - Riverside,2024-01-02,75,1,Tuesday,2,1,January,1,2024,1,0,False,No Holiday,Flu Season,13.0,,,,,,
1,Nexora Care - Riverside,2024-01-03,66,2,Wednesday,3,1,January,1,2024,1,0,False,No Holiday,Flu Season,75.0,,,,,,
1,Nexora Care - Riverside,2024-01-04,62,3,Thursday,4,1,January,1,2024,1,0,False,No Holiday,Flu Season,66.0,,,,,,
1,Nexora Care - Riverside,2024-01-05,36,4,Friday,5,1,January,1,2024,1,0,False,No Holiday,Flu Season,62.0,,,,,,
1,Nexora Care - Riverside,2024-01-06,17,5,Saturday,6,1,January,1,2024,1,1,False,No Holiday,Flu Season,36.0,,,,,,
1,Nexora Care - Riverside,2024-01-08,55,0,Monday,8,1,January,1,2024,2,0,False,No Holiday,Flu Season,17.0,,,,,,
1,Nexora Care - Riverside,2024-01-09,52,1,Tuesday,9,1,January,1,2024,2,0,False,No Holiday,Flu Season,55.0,13.0,,,46.285714285714285,,
1,Nexora Care - Riverside,2024-01-10,72,2,Wednesday,10,1,January,1,2024,2,0,False,No Holiday,Flu Season,52.0,75.0,,,51.857142857142854,,
1,Nexora Care - Riverside,2024-01-11,71,3,Thursday,11,1,January,1,2024,2,0,False,No Holiday,Flu Season,72.0,66.0,,,51.42857142857143,,
1,Nexora Care - Riverside,2024-01-12,51,4,Friday,12,1,January,1,2024,2,0,False,No Holiday,Flu Season,71.0,62.0,,,52.142857142857146,,
1,Nexora Care - Riverside,2024-01-13,15,5,Saturday,13,1,January,1,2024,2,1,False,No Holiday,Flu Season,51.0,36.0,,,50.57142857142857,,
1,Nexora Care - Riverside,2024-01-15,12,0,Monday,15,1,January,1,2024,3,0,True,MLK Day,Flu Season,15.0,17.0,,,47.57142857142857,,
1,Nexora Care - Riverside,2024-01-16,81,1,Tuesday,16,1,January,1,2024,3,0,False,No Holiday,Flu Season,12.0,55.0,,,46.857142857142854,,
1,Nexora Care - Riverside,2024-01-17,54,2,Wednesday,17,1,January,1,2024,3,0,False,No Holiday,Flu Season,81.0,52.0,13.0,,50.57142857142857,48.42857142857143,
1,Nexora Care - Riverside,2024-01-18,46,3,Thursday,18,1,January,1,2024,3,0,False,No Holiday,Flu Season,54.0,72.0,75.0,,50.857142857142854,51.357142857142854,
1,Nexora Care - Riverside,2024-01-19,47,4,Friday,19,1,January,1,2024,3,0,False,No Holiday,Flu Season,46.0,71.0,66.0,,47.142857142857146,49.285714285714285,
1,Nexora Care - Riverside,2024-01-20,21,5,Saturday,20,1,January,1,2024,3,1,False,No Holiday,Flu Season,47.0,51.0,62.0,,43.714285714285715,47.92857142857143,
1,Nexora Care - Riverside,2024-01-22,63,0,Monday,22,1,January,1,2024,4,0,False,No Holiday,Flu Season,21.0,15.0,36.0,,39.42857142857143,45.0,
1,Nexora Care - Riverside,2024-01-23,45,1,Tuesday,23,1,January,1,2024,4,0,False,No Holiday,Flu Season,63.0,12.0,17.0,,46.285714285714285,46.92857142857143,
1,Nexora Care - Riverside,2024-01-24,52,2,Wednesday,24,1,January,1,2024,4,0,False,No Holiday,Flu Season,45.0,81.0,55.0,,51.0,48.92857142857143,
1,Nexora Care - Riverside,2024-01-25,66,3,Thursday,25,1,January,1,2024,4,0,False,No Holiday,Flu Season,52.0,54.0,52.0,,46.857142857142854,48.714285714285715,
1,Nexora Care - Riverside,2024-01-26,49,4,Friday,26,1,January,1,2024,4,0,False,No Holiday,Flu Season,66.0,46.0,72.0,,48.57142857142857,49.714285714285715,
1,Nexora Care - Riverside,2024-01-27,9,5,Saturday,27,1,January,1,2024,4,1,False,No Holiday,Flu Season,49.0,47.0,71.0,,49.0,48.07142857142857,
1,Nexora Care - Riverside,2024-01-29,60,0,Monday,29,1,January,1,2024,5,0,False,No Holiday,Flu Season,9.0,21.0,51.0,,43.57142857142857,43.642857142857146,
1,Nexora Care - Riverside,2024-01-30,58,1,Tuesday,30,1,January,1,2024,5,0,False,No Holiday,Flu Season,60.0,63.0,15.0,,49.142857142857146,44.285714285714285,
1,Nexora Care - Riverside,2024-01-31,44,2,Wednesday,31,1,January,1,2024,5,0,False,No Holiday,Flu Season,58.0,45.0,12.0,,48.42857142857143,47.357142857142854,
1,Nexora Care - Riverside,2024-02-01,52,3,Thursday,1,2,February,1,2024,5,0,False,No Holiday,Flu Season,44.0,52.0,81.0,,48.285714285714285,49.642857142857146,
1,Nexora Care - Riverside,2024-02-02,47,4,Friday,2,2,February,1,2024,5,0,False,No Holiday,Flu Season,52.0,66.0,54.0,13.0,48.285714285714285,47.57142857142857,48.0
1,Nexora Care - Riverside,2024-02-03,22,5,Saturday,3,2,February,1,2024,5,1,False,No Holiday,Flu Season,47.0,49.0,46.0,75.0,45.57142857142857,47.07142857142857,49.214285714285715
1,Nexora Care - Riverside,2024-02-05,61,0,Monday,5,2,February,1,2024,6,0,False,No Holiday,Flu Season,22.0,9.0,47.0,66.0,41.714285714285715,45.357142857142854,47.32142857142857
1,Nexora Care - Riverside,2024-02-06,54,1,Tuesday,6,2,February,1,2024,6,0,False,No Holiday,Flu Season,61.0,60.0,21.0,62.0,49.142857142857146,46.357142857142854,47.142857142857146
1,Nexora Care - Riverside,2024-02-07,61,2,Wednesday,7,2,February,1,2024,6,0,False,No Holiday,Flu Season,54.0,58.0,63.0,36.0,48.285714285714285,48.714285714285715,46.857142857142854
1,Nexora Care - Riverside,2024-02-08,71,3,Thursday,8,2,February,1,2024,6,0,False,No Holiday,Flu Season,61.0,44.0,45.0,17.0,48.714285714285715,48.57142857142857,47.75
1,Nexora Care - Riverside,2024-02-09,55,4,Friday,9,2,February,1,2024,6,0,False,No Holiday,Flu Season,71.0,52.0,52.0,55.0,52.57142857142857,50.42857142857143,49.67857142857143
1,Nexora Care - Riverside,2024-02-10,19,5,Saturday,10,2,February,1,2024,6,1,False,No Holiday,Flu Season,55.0,47.0,66.0,52.0,53.0,50.642857142857146,49.67857142857143
1,Nexora Care - Riverside,2024-02-12,64,0,Monday,12,2,February,1,2024,7,0,False,No Holiday,Flu Season,19.0,22.0,49.0,72.0,49.0,47.285714285714285,48.5
1,Nexora Care - Riverside,2024-02-13,69,1,Tuesday,13,2,February,1,2024,7,0,False,No Holiday,Flu Season,64.0,61.0,9.0,71.0,55.0,48.357142857142854,48.214285714285715
1,Nexora Care - Riverside,2024-02-14,62,2,Wednesday,14,2,February,1,2024,7,0,False,No Holiday,Flu Season,69.0,54.0,60.0,51.0,56.142857142857146,52.642857142857146,48.142857142857146
1,Nexora Care - Riverside,2024-02-15,69,3,Thursday,15,2,February,1,2024,7,0,False,No Holiday,Flu Season,62.0,61.0,58.0,15.0,57.285714285714285,52.785714285714285,48.535714285714285
1,Nexora Care - Riverside,2024-02-16,38,4,Friday,16,2,February,1,2024,7,0,False,No Holiday,Flu Season,69.0,71.0,44.0,12.0,58.42857142857143,53.57142857142857,50.464285714285715
1,Nexora Care - Riverside,2024-02-17,20,5,Saturday,17,2,February,1,2024,7,1,False,No Holiday,Flu Season,38.0,55.0,52.0,81.0,53.714285714285715,53.142857142857146,51.392857142857146
1,Nexora Care - Riverside,2024-02-19,10,0,Monday,19,2,February,1,2024,8,0,True,Presidents' Day,Flu Season,20.0,19.0,47.0,54.0,48.714285714285715,50.857142857142854,49.214285714285715
1,Nexora Care - Riverside,2024-02-20,99,1,Tuesday,20,2,February,1,2024,8,0,False,No Holiday,Flu Season,10.0,64.0,22.0,46.0,47.42857142857143,48.214285714285715,47.642857142857146
1,Nexora Care - Riverside,2024-02-21,71,2,Wednesday,21,2,February,1,2024,8,0,False,No Holiday,Flu Season,99.0,69.0,61.0,47.0,52.42857142857143,53.714285714285715,49.535714285714285
1,Nexora Care - Riverside,2024-02-22,70,3,Thursday,22,2,February,1,2024,8,0,False,No Holiday,Flu Season,71.0,62.0,54.0,21.0,52.714285714285715,54.42857142857143,50.392857142857146
1,Nexora Care - Riverside,2024-02-23,66,4,Friday,23,2,February,1,2024,8,0,False,No Holiday,Flu Season,70.0,69.0,61.0,63.0,53.857142857142854,55.57142857142857,52.142857142857146
1,Nexora Care - Riverside,2024-02-24,18,5,Saturday,24,2,February,1,2024,8,1,False,No Holiday,Flu Season,66.0,38.0,71.0,45.0,53.42857142857143,55.92857142857143,52.25
1,Nexora Care - Riverside,2024-02-26,63,0,Monday,26,2,February,1,2024,9,0,False,No Holiday,Flu Season,18.0,20.0,55.0,52.0,50.57142857142857,52.142857142857146,51.285714285714285
1,Nexora Care - Riverside,2024-02-27,89,1,Tuesday,27,2,February,1,2024,9,0,False,No Holiday,Flu Season,63.0,10.0,19.0,66.0,56.714285714285715,52.714285714285715,51.67857142857143
1,Nexora Care - Riverside,2024-02-28,65,2,Wednesday,28,2,February,1,2024,9,0,False,No Holiday,Flu Season,89.0,99.0,64.0,49.0,68.0,57.714285714285715,52.5
1,Nexora Care - Riverside,2024-02-29,56,3,Thursday,29,2,February,1,2024,9,0,False,No Holiday,Flu Season,65.0,71.0,69.0,9.0,63.142857142857146,57.785714285714285,53.07142857142857
1,Nexora Care - Riverside,2024-03-01,42,4,Friday,1,3,March,1,2024,9,0,False,No Holiday,Allergy Season,56.0,70.0,62.0,60.0,61.0,56.857142857142854,54.75
1,Nexora Care - Riverside,2024-03-02,17,5,Saturday,2,3,March,1,2024,9,1,False,No Holiday,Allergy Season,42.0,66.0,69.0,58.0,57.0,55.42857142857143,54.107142857142854
1,Nexora Care - Riverside,2024-03-04,54,0,Monday,4,3,March,1,2024,10,0,False,No Holiday,Allergy Season,17.0,18.0,38.0,44.0,50.0,51.714285714285715,52.642857142857146
1,Nexora Care - Riverside,2024-03-05,51,1,Tuesday,5,3,March,1,2024,10,0,False,No Holiday,Allergy Season,54.0,63.0,20.0,52.0,55.142857142857146,52.857142857142854,53.0
1,Nexora Care - Riverside,2024-03-06,61,2,Wednesday,6,3,March,1,2024,10,0,False,No Holiday,Allergy Season,51.0,89.0,10.0,47.0,53.42857142857143,55.07142857142857,52.964285714285715
1,Nexora Care - Riverside,2024-03-07,53,3,Thursday,7,3,March,1,2024,10,0,False,No Holiday,Allergy Season,61.0,65.0,99.0,22.0,49.42857142857143,58.714285714285715,53.464285714285715
1,Nexora Care - Riverside,2024-03-08,56,4,Friday,8,3,March,1,2024,10,0,False,No Holiday,Allergy Season,53.0,56.0,71.0,61.0,47.714285714285715,55.42857142857143,54.57142857142857
1,Nexora Care - Riverside,2024-03-09,23,5,Saturday,9,3,March,1,2024,10,1,False,No Holiday,Allergy Season,56.0,42.0,70.0,54.0,47.714285714285715,54.357142857142854,54.392857142857146
1,Nexora Care - Riverside,2024-03-11,57,0,Monday,11,3,March,1,2024,11,0,False,No Holiday,Allergy Season,23.0,17.0,66.0,61.0,45.0,51.0,53.285714285714285
1,Nexora Care - Riverside,2024-03-12,65,1,Tuesday,12,3,March,1,2024,11,0,False,No Holiday,Allergy Season,57.0,54.0,18.0,71.0,50.714285714285715,50.357142857142854,53.142857142857146
1,Nexora Care - Riverside,2024-03-13,70,2,Wednesday,13,3,March,1,2024,11,0,False,No Holiday,Allergy Season,65.0,51.0,63.0,55.0,52.285714285714285,53.714285714285715,52.92857142857143
1,Nexora Care - Riverside,2024-03-14,46,3,Thursday,14,3,March,1,2024,11,0,False,No Holiday,Allergy Season,70.0,61.0,89.0,19.0,55.0,54.214285714285715,53.464285714285715
1,Nexora Care - Riverside,2024-03-15,49,4,Friday,15,3,March,1,2024,11,0,False,No Holiday,Allergy Season,46.0,53.0,65.0,64.0,52.857142857142854,51.142857142857146,54.42857142857143
1,Nexora Care - Riverside,2024-03-16,15,5,Saturday,16,3,March,1,2024,11,1,False,No Holiday,Allergy Season,49.0,56.0,56.0,69.0,52.285714285714285,50.0,53.892857142857146
1,Nexora Care - Riverside,2024-03-18,51,0,Monday,18,3,March,1,2024,12,0,False,No Holiday,Allergy Season,15.0,23.0,42.0,62.0,46.42857142857143,47.07142857142857,51.964285714285715
1,Nexora Care - Riverside,2024-03-19,51,1,Tuesday,19,3,March,1,2024,12,0,False,No Holiday,Allergy Season,51.0,57.0,17.0,69.0,50.42857142857143,47.714285714285715,51.57142857142857
1,Nexora Care - Riverside,2024-03-20,46,2,Wednesday,20,3,March,1,2024,12,0,False,No Holiday,Allergy Season,51.0,65.0,54.0,38.0,49.57142857142857,50.142857142857146,50.92857142857143
1,Nexora Care - Riverside,2024-03-21,44,3,Thursday,21,3,March,1,2024,12,0,False,No Holiday,Allergy Season,46.0,70.0,51.0,20.0,46.857142857142854,49.57142857142857,51.214285714285715
1,Nexora Care - Riverside,2024-03-22,53,4,Friday,22,3,March,1,2024,12,0,False,No Holiday,Allergy Season,44.0,46.0,61.0,10.0,43.142857142857146,49.07142857142857,52.07142857142857
1,Nexora Care - Riverside,2024-03-23,17,5,Saturday,23,3,March,1,2024,12,1,False,No Holiday,Allergy Season,53.0,49.0,53.0,99.0,44.142857142857146,48.5,53.607142857142854
1,Nexora Care - Riverside,2024-03-25,33,0,Monday,25,3,March,1,2024,13,0,False,No Holiday,Allergy Season,17.0,15.0,56.0,71.0,39.57142857142857,45.92857142857143,50.67857142857143
1,Nexora Care - Riverside,2024-03-26,61,1,Tuesday,26,3,March,1,2024,13,0,False,No Holiday,Allergy Season,33.0,51.0,23.0,70.0,42.142857142857146,44.285714285714285,49.32142857142857
1,Nexora Care - Riverside,2024-03-27,45,2,Wednesday,27,3,March,1,2024,13,0,False,No Holiday,Allergy Season,61.0,51.0,57.0,66.0,43.57142857142857,47.0,49.0
1,Nexora Care - Riverside,2024-03-28,46,3,Thursday,28,3,March,1,2024,13,0,False,No Holiday,Allergy Season,45.0,46.0,65.0,18.0,42.714285714285715,46.142857142857146,48.25
1,Nexora Care - Riverside,2024-03-29,59,4,Friday,29,3,March,1,2024,13,0,False,No Holiday,Allergy Season,46.0,44.0,70.0,63.0,42.714285714285715,44.785714285714285,49.25
1,Nexora Care - Riverside,2024-03-30,12,5,Saturday,30,3,March,1,2024,13,1,False,No Holiday,Allergy Season,59.0,53.0,46.0,89.0,44.857142857142854,44.0,49.107142857142854
1,Nexora Care - Riverside,2024-04-01,63,0,Monday,1,4,April,2,2024,14,0,False,No Holiday,Allergy Season,12.0,17.0,49.0,65.0,39.0,41.57142857142857,46.357142857142854
1,Nexora Care - Riverside,2024-04-02,57,1,Tuesday,2,4,April,2,2024,14,0,False,No Holiday,Allergy Season,63.0,33.0,15.0,56.0,45.57142857142857,42.57142857142857,46.285714285714285
1,Nexora Care - Riverside,2024-04-03,52,2,Wednesday,3,4,April,2,2024,14,0,False,No Holiday,Allergy Season,57.0,61.0,51.0,42.0,49.0,45.57142857142857,46.32142857142857
1,Nexora Care - Riverside,2024-04-04,56,3,Thursday,4,4,April,2,2024,14,0,False,No Holiday,Allergy Season,52.0,45.0,51.0,17.0,47.714285714285715,45.642857142857146,46.67857142857143
1,Nexora Care - Riverside,2024-04-05,47,4,Friday,5,4,April,2,2024,14,0,False,No Holiday,Allergy Season,56.0,46.0,46.0,54.0,49.285714285714285,46.0,48.07142857142857
1,Nexora Care - Riverside,2024-04-06,16,5,Saturday,6,4,April,2,2024,14,1,False,No Holiday,Allergy Season,47.0,59.0,44.0,51.0,49.42857142857143,46.07142857142857,47.82142857142857
1,Nexora Care - Riverside,2024-04-08,63,0,Monday,8,4,April,2,2024,15,0,False,No Holiday,Allergy Season,16.0,12.0,53.0,61.0,43.285714285714285,44.07142857142857,46.57142857142857
1,Nexora Care - Riverside,2024-04-09,60,1,Tuesday,9,4,April,2,2024,15,0,False,No Holiday,Allergy Season,63.0,63.0,17.0,53.0,50.57142857142857,44.785714285714285,46.642857142857146
1,Nexora Care - Riverside,2024-04-10,59,2,Wednesday,10,4,April,2,2024,15,0,False,No Holiday,Allergy Season,60.0,57.0,33.0,56.0,50.142857142857146,47.857142857142854,46.892857142857146
1,Nexora Care - Riverside,2024-04-11,65,3,Thursday,11,4,April,2,2024,15,0,False,No Holiday,Allergy Season,59.0,52.0,61.0,23.0,50.42857142857143,49.714285714285715,47.0
1,Nexora Care - Riverside,2024-04-12,43,4,Friday,12,4,April,2,2024,15,0,False,No Holiday,Allergy Season,65.0,56.0,45.0,57.0,52.285714285714285,50.0,48.5
1,Nexora Care - Riverside,2024-04-13,27,5,Saturday,13,4,April,2,2024,15,1,False,No Holiday,Allergy Season,43.0,47.0,46.0,65.0,50.42857142857143,49.857142857142854,48.0
1,Nexora Care - Riverside,2024-04-15,58,0,Monday,15,4,April,2,2024,16,0,False,No Holiday,Allergy Season,27.0,16.0,59.0,70.0,47.57142857142857,48.5,46.642857142857146
1,Nexora Care - Riverside,2024-04-16,51,1,Tuesday,16,4,April,2,2024,16,0,False,No Holiday,Allergy Season,58.0,63.0,12.0,46.0,53.57142857142857,48.42857142857143,46.214285714285715
1,Nexora Care - Riverside,2024-04-17,55,2,Wednesday,17,4,April,2,2024,16,0,False,No Holiday,Allergy Season,51.0,60.0,63.0,49.0,51.857142857142854,51.214285714285715,46.392857142857146
1,Nexora Care - Riverside,2024-04-18,58,3,Thursday,18,4,April,2,2024,16,0,False,No Holiday,Allergy Season,55.0,59.0,57.0,15.0,51.142857142857146,50.642857142857146,46.607142857142854
1,Nexora Care - Riverside,2024-04-19,57,4,Friday,19,4,April,2,2024,16,0,False,No Holiday,Allergy Season,58.0,65.0,52.0,51.0,51.0,50.714285714285715,48.142857142857146
1,Nexora Care - Riverside,2024-04-20,14,5,Saturday,20,4,April,2,2024,16,1,False,No Holiday,Allergy Season,57.0,43.0,56.0,51.0,49.857142857142854,51.07142857142857,48.357142857142854
1,Nexora Care - Riverside,2024-04-22,68,0,Monday,22,4,April,2,2024,17,0,False,No Holiday,Allergy Season,14.0,27.0,47.0,46.0,45.714285714285715,48.07142857142857,47.035714285714285
1,Nexora Care - Riverside,2024-04-23,63,1,Tuesday,23,4,April,2,2024,17,0,False,No Holiday,Allergy Season,68.0,58.0,16.0,44.0,51.57142857142857,49.57142857142857,47.82142857142857
1,Nexora Care - Riverside,2024-04-24,65,2,Wednesday,24,4,April,2,2024,17,0,False,No Holiday,Allergy Season,63.0,51.0,63.0,53.0,52.285714285714285,52.92857142857143,48.5
1,Nexora Care - Riverside,2024-04-25,46,3,Thursday,25,4,April,2,2024,17,0,False,No Holiday,Allergy Season,65.0,55.0,60.0,17.0,54.285714285714285,53.07142857142857,48.92857142857143
1,Nexora Care - Riverside,2024-04-26,62,4,Friday,26,4,April,2,2024,17,0,False,No Holiday,Allergy Season,46.0,58.0,59.0,33.0,53.0,52.07142857142857,49.964285714285715
1,Nexora Care - Riverside,2024-04-27,19,5,Saturday,27,4,April,2,2024,17,1,False,No Holiday,Allergy Season,62.0,57.0,65.0,61.0,53.57142857142857,52.285714285714285,51.0
1,Nexora Care - Riverside,2024-04-29,55,0,Monday,29,4,April,2,2024,18,0,False,No Holiday,Allergy Season,19.0,14.0,43.0,45.0,48.142857142857146,49.0,49.5
1,Nexora Care - Riverside,2024-04-30,69,1,Tuesday,30,4,April,2,2024,18,0,False,No Holiday,Allergy Season,55.0,68.0,27.0,46.0,54.0,49.857142857142854,49.857142857142854
1,Nexora Care - Riverside,2024-05-01,68,2,Wednesday,1,5,May,2,2024,18,0,False,No Holiday,Allergy Season,69.0,63.0,58.0,59.0,54.142857142857146,52.857142857142854,50.67857142857143
1,Nexora Care - Riverside,2024-05-02,70,3,Thursday,2,5,May,2,2024,18,0,False,No Holiday,Allergy Season,68.0,65.0,51.0,12.0,54.857142857142854,53.57142857142857,51.0
1,Nexora Care - Riverside,2024-05-03,68,4,Friday,3,5,May,2,2024,18,0,False,No Holiday,Allergy Season,70.0,46.0,55.0,63.0,55.57142857142857,54.92857142857143,53.07142857142857
1,Nexora Care - Riverside,2024-05-04,16,5,Saturday,4,5,May,2,2024,18,1,False,No Holiday,Allergy Season,68.0,62.0,58.0,57.0,58.714285714285715,55.857142857142854,53.25
1,Nexora Care - Riverside,2024-05-06,61,0,Monday,6,5,May,2,2024,19,0,False,No Holiday,Allergy Season,16.0,19.0,57.0,52.0,52.142857142857146,52.857142857142854,51.785714285714285
1,Nexora Care - Riverside,2024-05-07,54,1,Tuesday,7,5,May,2,2024,19,0,False,No Holiday,Allergy Season,61.0,55.0,14.0,56.0,58.142857142857146,53.142857142857146,52.107142857142854
1,Nexora Care - Riverside,2024-05-08,55,2,Wednesday,8,5,May,2,2024,19,0,False,No Holiday,Allergy Season,54.0,69.0,68.0,47.0,58.0,56.0,52.035714285714285
1,Nexora Care - Riverside,2024-05-09,66,3,Thursday,9,5,May,2,2024,19,0,False,No Holiday,Allergy Season,55.0,68.0,63.0,16.0,56.0,55.07142857142857,52.32142857142857
1,Nexora Care - Riverside,2024-05-10,37,4,Friday,10,5,May,2,2024,19,0,False,No Holiday,Allergy Season,66.0,70.0,65.0,63.0,55.714285714285715,55.285714285714285,54.107142857142854
1,Nexora Care - Riverside,2024-05-11,24,5,Saturday,11,5,May,2,2024,19,1,False,No Holiday,Allergy Season,37.0,68.0,46.0,60.0,51.0,53.285714285714285,53.17857142857143
1,Nexora Care - Riverside,2024-05-13,55,0,Monday,13,5,May,2,2024,20,0,False,No Holiday,Allergy Season,24.0,16.0,62.0,59.0,44.714285714285715,51.714285714285715,51.892857142857146
1,Nexora Care - Riverside,2024-05-14,56,1,Tuesday,14,5,May,2,2024,20,0,False,No Holiday,Allergy Season,55.0,61.0,19.0,65.0,50.285714285714285,51.214285714285715,51.75
1,Nexora Care - Riverside,2024-05-15,68,2,Wednesday,15,5,May,2,2024,20,0,False,No Holiday,Allergy Season,56.0,54.0,55.0,43.0,49.57142857142857,53.857142857142854,51.42857142857143
1,Nexora Care - Riverside,2024-05-16,66,3,Thursday,16,5,May,2,2024,20,0,False,No Holiday,Allergy Season,68.0,55.0,69.0,27.0,51.57142857142857,54.785714285714285,52.32142857142857
1,Nexora Care - Riverside,2024-05-17,38,4,Friday,17,5,May,2,2024,20,0,False,No Holiday,Allergy Season,66.0,66.0,68.0,58.0,53.142857142857146,54.57142857142857,53.714285714285715
1,Nexora Care - Riverside,2024-05-18,20,5,Saturday,18,5,May,2,2024,20,1,False,No Holiday,Allergy Season,38.0,37.0,70.0,51.0,49.142857142857146,52.42857142857143,53.0
1,Nexora Care - Riverside,2024-05-20,58,0,Monday,20,5,May,2,2024,21,0,False,No Holiday,Allergy Season,20.0,24.0,68.0,55.0,46.714285714285715,48.857142857142854,51.892857142857146
1,Nexora Care - Riverside,2024-05-21,56,1,Tuesday,21,5,May,2,2024,21,0,False,No Holiday,Allergy Season,58.0,55.0,16.0,58.0,51.57142857142857,48.142857142857146,52.0
1,Nexora Care - Riverside,2024-05-22,54,2,Wednesday,22,5,May,2,2024,21,0,False,No Holiday,Allergy Season,56.0,56.0,61.0,57.0,51.714285714285715,51.0,51.92857142857143
1,Nexora Care - Riverside,2024-05-23,46,3,Thursday,23,5,May,2,2024,21,0,False,No Holiday,Allergy Season,54.0,68.0,54.0,14.0,51.42857142857143,50.5,51.82142857142857
1,Nexora Care - Riverside,2024-05-24,46,4,Friday,24,5,May,2,2024,21,0,False,No Holiday,Allergy Season,46.0,66.0,55.0,68.0,48.285714285714285,49.92857142857143,52.964285714285715
1,Nexora Care - Riverside,2024-05-25,15,5,Saturday,25,5,May,2,2024,21,1,False,No Holiday,Allergy Season,46.0,38.0,66.0,63.0,45.42857142857143,49.285714285714285,52.17857142857143
1,Nexora Care - Riverside,2024-05-27,8,0,Monday,27,5,May,2,2024,22,0,True,Memorial Day,Allergy Season,15.0,20.0,37.0,65.0,42.142857142857146,45.642857142857146,50.464285714285715
1,Nexora Care - Riverside,2024-05-28,82,1,Tuesday,28,5,May,2,2024,22,0,False,No Holiday,Allergy Season,8.0,58.0,24.0,46.0,40.42857142857143,43.57142857142857,48.42857142857143
1,Nexora Care - Riverside,2024-05-29,58,2,Wednesday,29,5,May,2,2024,22,0,False,No Holiday,Allergy Season,82.0,56.0,55.0,62.0,43.857142857142854,47.714285714285715,49.714285714285715
1,Nexora Care - Riverside,2024-05-30,50,3,Thursday,30,5,May,2,2024,22,0,False,No Holiday,Allergy Season,58.0,54.0,56.0,19.0,44.142857142857146,47.92857142857143,49.57142857142857
1,Nexora Care - Riverside,2024-05-31,42,4,Friday,31,5,May,2,2024,22,0,False,No Holiday,Allergy Season,50.0,46.0,68.0,55.0,43.57142857142857,47.5,50.67857142857143
1,Nexora Care - Riverside,2024-06-01,17,5,Saturday,1,6,June,2,2024,22,1,False,No Holiday,Standard,42.0,46.0,66.0,69.0,43.0,45.642857142857146,50.214285714285715
1,Nexora Care - Riverside,2024-06-03,51,0,Monday,3,6,June,2,2024,23,0,False,No Holiday,Standard,17.0,15.0,38.0,68.0,38.857142857142854,42.142857142857146,48.357142857142854
1,Nexora Care - Riverside,2024-06-04,60,1,Tuesday,4,6,June,2,2024,23,0,False,No Holiday,Standard,51.0,8.0,20.0,70.0,44.0,43.07142857142857,47.75
1,Nexora Care - Riverside,2024-06-05,49,2,Wednesday,5,6,June,2,2024,23,0,False,No Holiday,Standard,60.0,82.0,58.0,68.0,51.42857142857143,45.92857142857143,47.392857142857146
1,Nexora Care - Riverside,2024-06-06,59,3,Thursday,6,6,June,2,2024,23,0,False,No Holiday,Standard,49.0,58.0,56.0,16.0,46.714285714285715,45.285714285714285,46.714285714285715
1,Nexora Care - Riverside,2024-06-07,49,4,Friday,7,6,June,2,2024,23,0,False,No Holiday,Standard,59.0,50.0,54.0,61.0,46.857142857142854,45.5,48.25
1,Nexora Care - Riverside,2024-06-08,14,5,Saturday,8,6,June,2,2024,23,1,False,No Holiday,Standard,49.0,42.0,46.0,54.0,46.714285714285715,45.142857142857146,47.82142857142857
1,Nexora Care - Riverside,2024-06-10,57,0,Monday,10,6,June,2,2024,24,0,False,No Holiday,Standard,14.0,17.0,46.0,55.0,42.714285714285715,42.857142857142854,46.392857142857146
1,Nexora Care - Riverside,2024-06-11,46,1,Tuesday,11,6,June,2,2024,24,0,False,No Holiday,Standard,57.0,51.0,15.0,66.0,48.42857142857143,43.642857142857146,46.464285714285715
1,Nexora Care - Riverside,2024-06-12,60,2,Wednesday,12,6,June,2,2024,24,0,False,No Holiday,Standard,46.0,60.0,8.0,37.0,47.714285714285715,45.857142857142854,45.75
1,Nexora Care - Riverside,2024-06-13,49,3,Thursday,13,6,June,2,2024,24,0,False,No Holiday,Standard,60.0,49.0,82.0,24.0,47.714285714285715,49.57142857142857,46.57142857142857
1,Nexora Care - Riverside,2024-06-14,46,4,Friday,14,6,June,2,2024,24,0,False,No Holiday,Standard,49.0,59.0,58.0,55.0,47.714285714285715,47.214285714285715,47.464285714285715
1,Nexora Care - Riverside,2024-06-15,14,5,Saturday,15,6,June,2,2024,24,1,False,No Holiday,Standard,46.0,49.0,50.0,56.0,45.857142857142854,46.357142857142854,47.142857142857146
1,Nexora Care - Riverside,2024-06-17,47,0,Monday,17,6,June,2,2024,25,0,False,No Holiday,Standard,14.0,14.0,42.0,68.0,40.857142857142854,43.785714285714285,45.642857142857146
1,Nexora Care - Riverside,2024-06-18,49,1,Tuesday,18,6,June,2,2024,25,0,False,No Holiday,Standard,47.0,57.0,17.0,66.0,45.57142857142857,44.142857142857146,44.892857142857146
1,Nexora Care - Riverside,2024-06-19,8,2,Wednesday,19,6,June,2,2024,25,0,True,Juneteenth,Standard,49.0,46.0,51.0,38.0,44.42857142857143,46.42857142857143,44.285714285714285
1,Nexora Care - Riverside,2024-06-20,59,3,Thursday,20,6,June,2,2024,25,0,False,No Holiday,Standard,8.0,60.0,60.0,20.0,39.0,43.357142857142854,43.214285714285715
1,Nexora Care - Riverside,2024-06-21,35,4,Friday,21,6,June,2,2024,25,0,False,No Holiday,Standard,59.0,49.0,49.0,58.0,38.857142857142854,43.285714285714285,44.607142857142854
1,Nexora Care - Riverside,2024-06-22,12,5,Saturday,22,6,June,2,2024,25,1,False,No Holiday,Standard,35.0,46.0,59.0,56.0,36.857142857142854,42.285714285714285,43.785714285714285
1,Nexora Care - Riverside,2024-06-24,48,0,Monday,24,6,June,2,2024,26,0,False,No Holiday,Standard,12.0,14.0,49.0,54.0,32.0,38.92857142857143,42.214285714285715
1,Nexora Care - Riverside,2024-06-25,40,1,Tuesday,25,6,June,2,2024,26,0,False,No Holiday,Standard,48.0,47.0,14.0,46.0,36.857142857142854,38.857142857142854,42.0
1,Nexora Care - Riverside,2024-06-26,52,2,Wednesday,26,6,June,2,2024,26,0,False,No Holiday,Standard,40.0,49.0,57.0,46.0,35.857142857142854,40.714285714285715,41.785714285714285
1,Nexora Care - Riverside,2024-06-27,33,3,Thursday,27,6,June,2,2024,26,0,False,No Holiday,Standard,52.0,8.0,46.0,15.0,36.285714285714285,40.357142857142854,42.0
1,Nexora Care - Riverside,2024-06-28,43,4,Friday,28,6,June,2,2024,26,0,False,No Holiday,Standard,33.0,59.0,60.0,8.0,39.857142857142854,39.42857142857143,42.642857142857146
1,Nexora Care - Riverside,2024-06-29,17,5,Saturday,29,6,June,2,2024,26,1,False,No Holiday,Standard,43.0,35.0,49.0,82.0,37.57142857142857,38.214285714285715,43.892857142857146
1,Nexora Care - Riverside,2024-07-01,55,0,Monday,1,7,July,3,2024,27,0,False,No Holiday,Standard,17.0,12.0,46.0,58.0,35.0,35.92857142857143,41.57142857142857
1,Nexora Care - Riverside,2024-07-02,44,1,Tuesday,2,7,July,3,2024,27,0,False,No Holiday,Standard,55.0,48.0,14.0,50.0,41.142857142857146,36.57142857142857,41.464285714285715
1,Nexora Care - Riverside,2024-07-03,41,2,Wednesday,3,7,July,3,2024,27,0,False,No Holiday,Standard,44.0,40.0,47.0,42.0,40.57142857142857,38.714285714285715,41.25
1,Nexora Care - Riverside,2024-07-04,5,3,Thursday,4,7,July,3,2024,27,0,True,Independence Day,Standard,41.0,52.0,49.0,17.0,40.714285714285715,38.285714285714285,41.214285714285715
1,Nexora Care - Riverside,2024-07-05,65,4,Friday,5,7,July,3,2024,27,0,False,No Holiday,Standard,5.0,33.0,8.0,51.0,34.0,35.142857142857146,40.785714285714285
1,Nexora Care - Riverside,2024-07-06,15,5,Saturday,6,7,July,3,2024,27,1,False,No Holiday,Standard,65.0,43.0,59.0,60.0,38.57142857142857,39.214285714285715,41.285714285714285
1,Nexora Care - Riverside,2024-07-08,55,0,Monday,8,7,July,3,2024,28,0,False,No Holiday,Standard,15.0,17.0,35.0,49.0,34.57142857142857,36.07142857142857,39.67857142857143
1,Nexora Care - Riverside,2024-07-09,34,1,Tuesday,9,7,July,3,2024,28,0,False,No Holiday,Standard,55.0,55.0,12.0,59.0,40.0,37.5,39.892857142857146
1,Nexora Care - Riverside,2024-07-10,42,2,Wednesday,10,7,July,3,2024,28,0,False,No Holiday,Standard,34.0,44.0,48.0,49.0,37.0,39.07142857142857,39.0
1,Nexora Care - Riverside,2024-07-11,56,3,Thursday,11,7,July,3,2024,28,0,False,No Holiday,Standard,42.0,41.0,40.0,14.0,36.714285714285715,38.642857142857146,38.75
1,Nexora Care - Riverside,2024-07-12,35,4,Friday,12,7,July,3,2024,28,0,False,No Holiday,Standard,56.0,5.0,52.0,57.0,38.857142857142854,39.785714285714285,40.25
1,Nexora Care - Riverside,2024-07-13,14,5,Saturday,13,7,July,3,2024,28,1,False,No Holiday,Standard,35.0,65.0,33.0,46.0,43.142857142857146,38.57142857142857,39.464285714285715
1,Nexora Care - Riverside,2024-07-15,54,0,Monday,15,7,July,3,2024,29,0,False,No Holiday,Standard,14.0,15.0,43.0,60.0,35.857142857142854,37.214285714285715,38.32142857142857
1,Nexora Care - Riverside,2024-07-16,64,1,Tuesday,16,7,July,3,2024,29,0,False,No Holiday,Standard,54.0,55.0,17.0,49.0,41.42857142857143,38.0,38.107142857142854
1,Nexora Care - Riverside,2024-07-17,30,2,Wednesday,17,7,July,3,2024,29,0,False,No Holiday,Standard,64.0,34.0,55.0,46.0,42.714285714285715,41.357142857142854,38.642857142857146
1,Nexora Care - Riverside,2024-07-18,52,3,Thursday,18,7,July,3,2024,29,0,False,No Holiday,Standard,30.0,42.0,44.0,14.0,42.142857142857146,39.57142857142857,38.07142857142857
1,Nexora Care - Riverside,2024-07-19,45,4,Friday,19,7,July,3,2024,29,0,False,No Holiday,Standard,52.0,56.0,41.0,47.0,43.57142857142857,40.142857142857146,39.42857142857143
1,Nexora Care - Riverside,2024-07-20,12,5,Saturday,20,7,July,3,2024,29,1,False,No Holiday,Standard,45.0,35.0,5.0,49.0,42.0,40.42857142857143,39.357142857142854
1,Nexora Care - Riverside,2024-07-22,50,0,Monday,22,7,July,3,2024,30,0,False,No Holiday,Standard,12.0,14.0,65.0,8.0,38.714285714285715,40.92857142857143,38.035714285714285
1,Nexora Care - Riverside,2024-07-23,57,1,Tuesday,23,7,July,3,2024,30,0,False,No Holiday,Standard,50.0,54.0,15.0,59.0,43.857142857142854,39.857142857142854,39.535714285714285
1,Nexora Care - Riverside,2024-07-24,52,2,Wednesday,24,7,July,3,2024,30,0,False,No Holiday,Standard,57.0,64.0,55.0,35.0,44.285714285714285,42.857142857142854,39.464285714285715
1,Nexora Care - Riverside,2024-07-25,52,3,Thursday,25,7,July,3,2024,30,0,False,No Holiday,Standard,52.0,30.0,34.0,12.0,42.57142857142857,42.642857142857146,40.07142857142857
1,Nexora Care - Riverside,2024-07-26,42,4,Friday,26,7,July,3,2024,30,0,False,No Holiday,Standard,52.0,52.0,42.0,48.0,45.714285714285715,43.92857142857143,41.5
1,Nexora Care - Riverside,2024-07-27,8,5,Saturday,27,7,July,3,2024,30,1,False,No Holiday,Standard,42.0,45.0,56.0,40.0,44.285714285714285,43.92857142857143,41.285714285714285
1,Nexora Care - Riverside,2024-07-29,36,0,Monday,29,7,July,3,2024,31,0,False,No Holiday,Standard,8.0,12.0,35.0,52.0,39.0,40.5,40.142857142857146
1,Nexora Care - Riverside,2024-07-30,50,1,Tuesday,30,7,July,3,2024,31,0,False,No Holiday,Standard,36.0,50.0,14.0,33.0,42.42857142857143,40.57142857142857,39.57142857142857
1,Nexora Care - Riverside,2024-07-31,60,2,Wednesday,31,7,July,3,2024,31,0,False,No Holiday,Standard,50.0,57.0,54.0,43.0,42.42857142857143,43.142857142857146,40.17857142857143
1,Nexora Care - Riverside,2024-08-01,44,3,Thursday,1,8,August,3,2024,31,0,False,No Holiday,Standard,60.0,52.0,64.0,17.0,42.857142857142854,43.57142857142857,40.785714285714285
1,Nexora Care - Riverside,2024-08-02,48,4,Friday,2,8,August,3,2024,31,0,False,No Holiday,Standard,44.0,52.0,30.0,55.0,41.714285714285715,42.142857142857146,41.75
1,Nexora Care - Riverside,2024-08-03,16,5,Saturday,3,8,August,3,2024,31,1,False,No Holiday,Standard,48.0,42.0,52.0,44.0,41.142857142857146,43.42857142857143,41.5
1,Nexora Care - Riverside,2024-08-05,42,0,Monday,5,8,August,3,2024,32,0,False,No Holiday,Standard,16.0,8.0,45.0,41.0,37.42857142857143,40.857142857142854,40.5
1,Nexora Care - Riverside,2024-08-06,54,1,Tuesday,6,8,August,3,2024,32,0,False,No Holiday,Standard,42.0,36.0,12.0,5.0,42.285714285714285,40.642857142857146,40.535714285714285
1,Nexora Care - Riverside,2024-08-07,59,2,Wednesday,7,8,August,3,2024,32,0,False,No Holiday,Standard,54.0,50.0,50.0,65.0,44.857142857142854,43.642857142857146,42.285714285714285
1,Nexora Care - Riverside,2024-08-08,42,3,Thursday,8,8,August,3,2024,32,0,False,No Holiday,Standard,59.0,60.0,57.0,15.0,46.142857142857146,44.285714285714285,42.07142857142857
1,Nexora Care - Riverside,2024-08-09,54,4,Friday,9,8,August,3,2024,32,0,False,No Holiday,Standard,42.0,44.0,52.0,55.0,43.57142857142857,43.214285714285715,43.035714285714285
1,Nexora Care - Riverside,2024-08-10,16,5,Saturday,10,8,August,3,2024,32,1,False,No Holiday,Standard,54.0,48.0,52.0,34.0,45.0,43.357142857142854,43.0
1,Nexora Care - Riverside,2024-08-12,61,0,Monday,12,8,August,3,2024,33,0,False,No Holiday,Standard,16.0,16.0,42.0,42.0,40.42857142857143,40.785714285714285,42.357142857142854
1,Nexora Care - Riverside,2024-08-13,60,1,Tuesday,13,8,August,3,2024,33,0,False,No Holiday,Standard,61.0,42.0,8.0,56.0,46.857142857142854,42.142857142857146,43.035714285714285
1,Nexora Care - Riverside,2024-08-14,45,2,Wednesday,14,8,August,3,2024,33,0,False,No Holiday,Standard,60.0,54.0,36.0,35.0,49.42857142857143,45.857142857142854,43.17857142857143
1,Nexora Care - Riverside,2024-08-15,50,3,Thursday,15,8,August,3,2024,33,0,False,No Holiday,Standard,45.0,59.0,50.0,14.0,48.142857142857146,46.5,43.535714285714285
1,Nexora Care - Riverside,2024-08-16,66,4,Friday,16,8,August,3,2024,33,0,False,No Holiday,Standard,50.0,42.0,60.0,54.0,46.857142857142854,46.5,44.82142857142857
1,Nexora Care - Riverside,2024-08-17,12,5,Saturday,17,8,August,3,2024,33,1,False,No Holiday,Standard,66.0,54.0,44.0,64.0,50.285714285714285,46.92857142857143,45.25
1,Nexora Care - Riverside,2024-08-19,45,0,Monday,19,8,August,3,2024,34,0,False,No Holiday,Standard,12.0,16.0,48.0,30.0,44.285714285714285,44.642857142857146,43.392857142857146
1,Nexora Care - Riverside,2024-08-20,38,1,Tuesday,20,8,August,3,2024,34,0,False,No Holiday,Standard,45.0,61.0,16.0,52.0,48.42857142857143,44.42857142857143,43.92857142857143
1,Nexora Care - Riverside,2024-08-21,59,2,Wednesday,21,8,August,3,2024,34,0,False,No Holiday,Standard,38.0,60.0,42.0,45.0,45.142857142857146,46.0,43.42857142857143
1,Nexora Care - Riverside,2024-08-22,51,3,Thursday,22,8,August,3,2024,34,0,False,No Holiday,Standard,59.0,45.0,54.0,12.0,45.0,47.214285714285715,43.92857142857143
1,Nexora Care - Riverside,2024-08-23,37,4,Friday,23,8,August,3,2024,34,0,False,No Holiday,Standard,51.0,50.0,59.0,50.0,45.857142857142854,47.0,45.32142857142857
1,Nexora Care - Riverside,2024-08-24,16,5,Saturday,24,8,August,3,2024,34,1,False,No Holiday,Standard,37.0,66.0,42.0,57.0,44.0,45.42857142857143,44.857142857142854
1,Nexora Care - Riverside,2024-08-26,42,0,Monday,26,8,August,3,2024,35,0,False,No Holiday,Standard,16.0,12.0,54.0,52.0,36.857142857142854,43.57142857142857,43.392857142857146
1,Nexora Care - Riverside,2024-08-27,38,1,Tuesday,27,8,August,3,2024,35,0,False,No Holiday,Standard,42.0,45.0,16.0,52.0,41.142857142857146,42.714285714285715,43.035714285714285
1,Nexora Care - Riverside,2024-08-28,36,2,Wednesday,28,8,August,3,2024,35,0,False,No Holiday,Standard,38.0,38.0,61.0,42.0,40.142857142857146,44.285714285714285,42.535714285714285
1,Nexora Care - Riverside,2024-08-29,44,3,Thursday,29,8,August,3,2024,35,0,False,No Holiday,Standard,36.0,59.0,60.0,8.0,39.857142857142854,42.5,42.32142857142857
1,Nexora Care - Riverside,2024-08-30,39,4,Friday,30,8,August,3,2024,35,0,False,No Holiday,Standard,44.0,51.0,45.0,36.0,37.714285714285715,41.357142857142854,43.607142857142854
1,Nexora Care - Riverside,2024-08-31,6,5,Saturday,31,8,August,3,2024,35,1,False,No Holiday,Standard,39.0,37.0,50.0,50.0,36.0,40.92857142857143,43.714285714285715
1,Nexora Care - Riverside,2024-09-02,2,0,Monday,2,9,September,3,2024,36,0,True,Labor Day,Standard,6.0,16.0,66.0,60.0,31.571428571428573,37.785714285714285,42.142857142857146
1,Nexora Care - Riverside,2024-09-03,60,1,Tuesday,3,9,September,3,2024,36,0,False,No Holiday,Standard,2.0,42.0,12.0,44.0,29.571428571428573,33.214285714285715,40.07142857142857
1,Nexora Care - Riverside,2024-09-04,55,2,Wednesday,4,9,September,3,2024,36,0,False,No Holiday,Standard,60.0,38.0,45.0,48.0,32.142857142857146,36.642857142857146,40.642857142857146
1,Nexora Care - Riverside,2024-09-05,59,3,Thursday,5,9,September,3,2024,36,0,False,No Holiday,Standard,55.0,36.0,38.0,16.0,34.57142857142857,37.357142857142854,40.892857142857146
1,Nexora Care - Riverside,2024-09-06,53,4,Friday,6,9,September,3,2024,36,0,False,No Holiday,Standard,59.0,44.0,59.0,42.0,37.857142857142854,38.857142857142854,42.42857142857143
1,Nexora Care - Riverside,2024-09-07,23,5,Saturday,7,9,September,3,2024,36,1,False,No Holiday,Standard,53.0,39.0,51.0,54.0,39.142857142857146,38.42857142857143,42.82142857142857
1,Nexora Care - Riverside,2024-09-09,67,0,Monday,9,9,September,3,2024,37,0,False,No Holiday,Standard,23.0,6.0,37.0,59.0,36.857142857142854,36.42857142857143,41.714285714285715
1,Nexora Care - Riverside,2024-09-10,63,1,Tuesday,10,9,September,3,2024,37,0,False,No Holiday,Standard,67.0,2.0,16.0,42.0,45.57142857142857,38.57142857142857,42.0
1,Nexora Care - Riverside,2024-09-11,55,2,Wednesday,11,9,September,3,2024,37,0,False,No Holiday,Standard,63.0,60.0,42.0,54.0,54.285714285714285,41.92857142857143,42.75
1,Nexora Care - Riverside,2024-09-12,52,3,Thursday,12,9,September,3,2024,37,0,False,No Holiday,Standard,55.0,55.0,38.0,16.0,53.57142857142857,42.857142857142854,42.785714285714285
1,Nexora Care - Riverside,2024-09-13,50,4,Friday,13,9,September,3,2024,37,0,False,No Holiday,Standard,52.0,59.0,36.0,61.0,53.142857142857146,43.857142857142854,44.07142857142857
1,Nexora Care - Riverside,2024-09-14,16,5,Saturday,14,9,September,3,2024,37,1,False,No Holiday,Standard,50.0,53.0,44.0,60.0,51.857142857142854,44.857142857142854,43.67857142857143
1,Nexora Care - Riverside,2024-09-16,49,0,Monday,16,9,September,3,2024,38,0,False,No Holiday,Standard,16.0,23.0,39.0,45.0,46.57142857142857,42.857142857142854,42.107142857142854
1,Nexora Care - Riverside,2024-09-17,45,1,Tuesday,17,9,September,3,2024,38,0,False,No Holiday,Standard,49.0,67.0,6.0,50.0,50.285714285714285,43.57142857142857,42.25
1,Nexora Care - Riverside,2024-09-18,55,2,Wednesday,18,9,September,3,2024,38,0,False,No Holiday,Standard,45.0,63.0,2.0,66.0,47.142857142857146,46.357142857142854,42.07142857142857
1,Nexora Care - Riverside,2024-09-19,37,3,Thursday,19,9,September,3,2024,38,0,False,No Holiday,Standard,55.0,55.0,60.0,12.0,46.0,50.142857142857146,41.67857142857143
1,Nexora Care - Riverside,2024-09-20,32,4,Friday,20,9,September,3,2024,38,0,False,No Holiday,Standard,37.0,52.0,55.0,45.0,43.42857142857143,48.5,42.57142857142857
1,Nexora Care - Riverside,2024-09-21,9,5,Saturday,21,9,September,3,2024,38,1,False,No Holiday,Standard,32.0,50.0,59.0,38.0,40.57142857142857,46.857142857142854,42.107142857142854
1,Nexora Care - Riverside,2024-09-23,35,0,Monday,23,9,September,3,2024,39,0,False,No Holiday,Standard,9.0,16.0,53.0,59.0,34.714285714285715,43.285714285714285,41.07142857142857
1,Nexora Care - Riverside,2024-09-24,52,1,Tuesday,24,9,September,3,2024,39,0,False,No Holiday,Standard,35.0,49.0,23.0,51.0,37.42857142857143,42.0,40.214285714285715
1,Nexora Care - Riverside,2024-09-25,44,2,Wednesday,25,9,September,3,2024,39,0,False,No Holiday,Standard,52.0,45.0,67.0,37.0,37.857142857142854,44.07142857142857,40.25
1,Nexora Care - Riverside,2024-09-26,52,3,Thursday,26,9,September,3,2024,39,0,False,No Holiday,Standard,44.0,55.0,63.0,16.0,37.714285714285715,42.42857142857143,40.5
1,Nexora Care - Riverside,2024-09-27,31,4,Friday,27,9,September,3,2024,39,0,False,No Holiday,Standard,52.0,37.0,55.0,42.0,37.285714285714285,41.642857142857146,41.785714285714285
1,Nexora Care - Riverside,2024-09-28,17,5,Saturday,28,9,September,3,2024,39,1,False,No Holiday,Standard,31.0,32.0,52.0,38.0,36.42857142857143,39.92857142857143,41.392857142857146
1,Nexora Care - Riverside,2024-09-30,35,0,Monday,30,9,September,3,2024,40,0,False,No Holiday,Standard,17.0,9.0,50.0,36.0,34.285714285714285,37.42857142857143,40.642857142857146
1,Nexora Care - Riverside,2024-10-01,42,1,Tuesday,1,10,October,4,2024,40,0,False,No Holiday,Standard,35.0,35.0,16.0,44.0,38.0,36.357142857142854,40.607142857142854
1,Nexora Care - Riverside,2024-10-02,44,2,Wednesday,2,10,October,4,2024,40,0,False,No Holiday,Standard,42.0,52.0,49.0,39.0,39.0,38.214285714285715,40.535714285714285
1,Nexora Care - Riverside,2024-10-03,57,3,Thursday,3,10,October,4,2024,40,0,False,No Holiday,Standard,44.0,44.0,45.0,6.0,37.857142857142854,37.857142857142854,40.714285714285715
1,Nexora Care - Riverside,2024-10-04,62,4,Friday,4,10,October,4,2024,40,0,False,No Holiday,Standard,57.0,52.0,55.0,2.0,39.714285714285715,38.714285714285715,42.535714285714285
1,Nexora Care - Riverside,2024-10-05,13,5,Saturday,5,10,October,4,2024,40,1,False,No Holiday,Standard,62.0,31.0,37.0,60.0,41.142857142857146,39.214285714285715,44.67857142857143
1,Nexora Care - Riverside,2024-10-07,48,0,Monday,7,10,October,4,2024,41,0,False,No Holiday,Standard,13.0,17.0,32.0,55.0,38.57142857142857,37.5,43.0
1,Nexora Care - Riverside,2024-10-08,69,1,Tuesday,8,10,October,4,2024,41,0,False,No Holiday,Standard,48.0,35.0,9.0,59.0,43.0,38.642857142857146,42.75
1,Nexora Care - Riverside,2024-10-09,80,2,Wednesday,9,10,October,4,2024,41,0,False,No Holiday,Standard,69.0,42.0,35.0,53.0,47.857142857142854,42.92857142857143,43.107142857142854
1,Nexora Care - Riverside,2024-10-10,58,3,Thursday,10,10,October,4,2024,41,0,False,No Holiday,Standard,80.0,44.0,52.0,23.0,53.285714285714285,46.142857142857146,44.07142857142857
1,Nexora Care - Riverside,2024-10-11,43,4,Friday,11,10,October,4,2024,41,0,False,No Holiday,Standard,58.0,57.0,44.0,67.0,55.285714285714285,46.57142857142857,45.32142857142857
1,Nexora Care - Riverside,2024-10-12,23,5,Saturday,12,10,October,4,2024,41,1,False,No Holiday,Standard,43.0,62.0,52.0,63.0,53.285714285714285,46.5,44.464285714285715
1,Nexora Care - Riverside,2024-10-14,36,0,Monday,14,10,October,4,2024,42,0,False,No Holiday,Standard,23.0,13.0,31.0,55.0,47.714285714285715,44.42857142857143,43.035714285714285
1,Nexora Care - Riverside,2024-10-15,41,1,Tuesday,15,10,October,4,2024,42,0,False,No Holiday,Standard,36.0,48.0,17.0,52.0,51.0,44.785714285714285,42.357142857142854
1,Nexora Care - Riverside,2024-10-16,62,2,Wednesday,16,10,October,4,2024,42,0,False,No Holiday,Standard,41.0,69.0,35.0,50.0,50.0,46.5,41.964285714285715
1,Nexora Care - Riverside,2024-10-17,29,3,Thursday,17,10,October,4,2024,42,0,False,No Holiday,Standard,62.0,80.0,42.0,16.0,49.0,48.42857142857143,42.392857142857146
1,Nexora Care - Riverside,2024-10-18,27,4,Friday,18,10,October,4,2024,42,0,False,No Holiday,Standard,29.0,58.0,44.0,49.0,41.714285714285715,47.5,42.857142857142854
1,Nexora Care - Riverside,2024-10-19,17,5,Saturday,19,10,October,4,2024,42,1,False,No Holiday,Standard,27.0,43.0,57.0,45.0,37.285714285714285,46.285714285714285,42.07142857142857
1,Nexora Care - Riverside,2024-10-21,45,0,Monday,21,10,October,4,2024,43,0,False,No Holiday,Standard,17.0,23.0,62.0,55.0,33.57142857142857,43.42857142857143,41.07142857142857
1,Nexora Care - Riverside,2024-10-22,41,1,Tuesday,22,10,October,4,2024,43,0,False,No Holiday,Standard,45.0,36.0,13.0,37.0,36.714285714285715,42.214285714285715,40.714285714285715
1,Nexora Care - Riverside,2024-10-23,56,2,Wednesday,23,10,October,4,2024,43,0,False,No Holiday,Standard,41.0,41.0,48.0,32.0,37.42857142857143,44.214285714285715,40.857142857142854
1,Nexora Care - Riverside,2024-10-24,50,3,Thursday,24,10,October,4,2024,43,0,False,No Holiday,Standard,56.0,62.0,69.0,9.0,39.57142857142857,44.785714285714285,41.714285714285715
1,Nexora Care - Riverside,2024-10-25,53,4,Friday,25,10,October,4,2024,43,0,False,No Holiday,Standard,50.0,29.0,80.0,35.0,37.857142857142854,43.42857142857143,43.17857142857143
1,Nexora Care - Riverside,2024-10-26,9,5,Saturday,26,10,October,4,2024,43,1,False,No Holiday,Standard,53.0,27.0,58.0,52.0,41.285714285714285,41.5,43.82142857142857
1,Nexora Care - Riverside,2024-10-28,37,0,Monday,28,10,October,4,2024,44,0,False,No Holiday,Standard,9.0,17.0,43.0,44.0,38.714285714285715,38.0,42.285714285714285
1,Nexora Care - Riverside,2024-10-29,46,1,Tuesday,29,10,October,4,2024,44,0,False,No Holiday,Standard,37.0,45.0,23.0,52.0,41.57142857142857,37.57142857142857,42.035714285714285
1,Nexora Care - Riverside,2024-10-30,67,2,Wednesday,30,10,October,4,2024,44,0,False,No Holiday,Standard,46.0,41.0,36.0,31.0,41.714285714285715,39.214285714285715,41.82142857142857
1,Nexora Care - Riverside,2024-10-31,49,3,Thursday,31,10,October,4,2024,44,0,False,No Holiday,Standard,67.0,56.0,41.0,17.0,45.42857142857143,41.42857142857143,43.107142857142854
1,Nexora Care - Riverside,2024-11-01,60,4,Friday,1,11,November,4,2024,44,0,False,No Holiday,Standard,49.0,50.0,62.0,35.0,44.42857142857143,42.0,44.25
1,Nexora Care - Riverside,2024-11-02,15,5,Saturday,2,11,November,4,2024,44,1,False,No Holiday,Standard,60.0,53.0,29.0,42.0,45.857142857142854,41.857142857142854,45.142857142857146
1,Nexora Care - Riverside,2024-11-04,49,0,Monday,4,11,November,4,2024,45,0,False,No Holiday,Standard,15.0,9.0,27.0,44.0,40.42857142857143,40.857142857142854,44.17857142857143
1,Nexora Care - Riverside,2024-11-05,51,1,Tuesday,5,11,November,4,2024,45,0,False,No Holiday,Standard,49.0,37.0,17.0,57.0,46.142857142857146,42.42857142857143,44.357142857142854
1,Nexora Care - Riverside,2024-11-06,55,2,Wednesday,6,11,November,4,2024,45,0,False,No Holiday,Standard,51.0,46.0,45.0,62.0,48.142857142857146,44.857142857142854,44.142857142857146
1,Nexora Care - Riverside,2024-11-07,29,3,Thursday,7,11,November,4,2024,45,0,False,No Holiday,Standard,55.0,67.0,41.0,13.0,49.42857142857143,45.57142857142857,43.892857142857146
1,Nexora Care - Riverside,2024-11-08,43,4,Friday,8,11,November,4,2024,45,0,False,No Holiday,Standard,29.0,49.0,56.0,48.0,44.0,44.714285714285715,44.464285714285715
1,Nexora Care - Riverside,2024-11-09,17,5,Saturday,9,11,November,4,2024,45,1,False,No Holiday,Standard,43.0,60.0,50.0,69.0,43.142857142857146,43.785714285714285,44.285714285714285
1,Nexora Care - Riverside,2024-11-11,8,0,Monday,11,11,November,4,2024,46,0,True,Veterans Day,Standard,17.0,15.0,53.0,80.0,37.0,41.42857142857143,42.42857142857143
1,Nexora Care - Riverside,2024-11-12,72,1,Tuesday,12,11,November,4,2024,46,0,False,No Holiday,Standard,8.0,49.0,9.0,58.0,36.0,38.214285714285715,39.857142857142854
1,Nexora Care - Riverside,2024-11-13,53,2,Wednesday,13,11,November,4,2024,46,0,False,No Holiday,Standard,72.0,51.0,37.0,43.0,39.285714285714285,42.714285714285715,40.357142857142854
1,Nexora Care - Riverside,2024-11-14,37,3,Thursday,14,11,November,4,2024,46,0,False,No Holiday,Standard,53.0,55.0,46.0,23.0,39.57142857142857,43.857142857142854,40.714285714285715
1,Nexora Care - Riverside,2024-11-15,38,4,Friday,15,11,November,4,2024,46,0,False,No Holiday,Standard,37.0,29.0,67.0,36.0,37.0,43.214285714285715,41.214285714285715
1,Nexora Care - Riverside,2024-11-16,23,5,Saturday,16,11,November,4,2024,46,1,False,No Holiday,Standard,38.0,43.0,49.0,41.0,38.285714285714285,41.142857142857146,41.285714285714285
1,Nexora Care - Riverside,2024-11-18,45,0,Monday,18,11,November,4,2024,47,0,False,No Holiday,Standard,23.0,17.0,60.0,62.0,35.42857142857143,39.285714285714285,40.642857142857146
1,Nexora Care - Riverside,2024-11-19,43,1,Tuesday,19,11,November,4,2024,47,0,False,No Holiday,Standard,45.0,8.0,15.0,29.0,39.42857142857143,38.214285714285715,40.035714285714285
1,Nexora Care - Riverside,2024-11-20,34,2,Wednesday,20,11,November,4,2024,47,0,False,No Holiday,Standard,43.0,72.0,49.0,27.0,44.42857142857143,40.214285714285715,40.535714285714285
1,Nexora Care - Riverside,2024-11-21,55,3,Thursday,21,11,November,4,2024,47,0,False,No Holiday,Standard,34.0,53.0,51.0,17.0,39.0,39.142857142857146,40.785714285714285
1,Nexora Care - Riverside,2024-11-22,46,4,Friday,22,11,November,4,2024,47,0,False,No Holiday,Standard,55.0,37.0,55.0,45.0,39.285714285714285,39.42857142857143,42.142857142857146
1,Nexora Care - Riverside,2024-11-23,26,5,Saturday,23,11,November,4,2024,47,1,False,No Holiday,Standard,46.0,38.0,29.0,41.0,40.57142857142857,38.785714285714285,42.17857142857143
1,Nexora Care - Riverside,2024-11-25,56,0,Monday,25,11,November,4,2024,48,0,False,No Holiday,Standard,26.0,23.0,43.0,56.0,38.857142857142854,38.57142857142857,41.642857142857146
1,Nexora Care - Riverside,2024-11-26,61,1,Tuesday,26,11,November,4,2024,48,0,False,No Holiday,Standard,56.0,45.0,17.0,50.0,43.57142857142857,39.5,41.642857142857146
1,Nexora Care - Riverside,2024-11-27,65,2,Wednesday,27,11,November,4,2024,48,0,False,No Holiday,Standard,61.0,43.0,8.0,53.0,45.857142857142854,42.642857142857146,42.035714285714285
1,Nexora Care - Riverside,2024-11-28,6,3,Thursday,28,11,November,4,2024,48,0,True,Thanksgiving,Standard,65.0,34.0,72.0,9.0,49.0,46.714285714285715,42.464285714285715
1,Nexora Care - Riverside,2024-11-29,6,4,Friday,29,11,November,4,2024,48,0,True,Day After Thanksgiving,Standard,6.0,55.0,53.0,37.0,45.0,42.0,42.357142857142854
1,Nexora Care - Riverside,2024-11-30,16,5,Saturday,30,11,November,4,2024,48,1,False,No Holiday,Standard,6.0,46.0,37.0,46.0,38.0,38.642857142857146,41.25
1,Nexora Care - Riverside,2024-12-02,55,0,Monday,2,12,December,4,2024,49,0,False,No Holiday,Flu Season,16.0,26.0,38.0,67.0,33.714285714285715,37.142857142857146,40.17857142857143
1,Nexora Care - Riverside,2024-12-03,70,1,Tuesday,3,12,December,4,2024,49,0,False,No Holiday,Flu Season,55.0,56.0,23.0,49.0,37.857142857142854,38.357142857142854,39.75
1,Nexora Care - Riverside,2024-12-04,62,2,Wednesday,4,12,December,4,2024,49,0,False,No Holiday,Flu Season,70.0,61.0,45.0,60.0,39.857142857142854,41.714285714285715,40.5
1,Nexora Care - Riverside,2024-12-05,64,3,Thursday,5,12,December,4,2024,49,0,False,No Holiday,Flu Season,62.0,65.0,43.0,15.0,40.0,42.92857142857143,40.57142857142857
1,Nexora Care - Riverside,2024-12-06,59,4,Friday,6,12,December,4,2024,49,0,False,No Holiday,Flu Season,64.0,6.0,34.0,49.0,39.857142857142854,44.42857142857143,42.32142857142857
1,Nexora Care - Riverside,2024-12-07,22,5,Saturday,7,12,December,4,2024,49,1,False,No Holiday,Flu Season,59.0,6.0,55.0,51.0,47.42857142857143,46.214285714285715,42.67857142857143
1,Nexora Care - Riverside,2024-12-09,67,0,Monday,9,12,December,4,2024,50,0,False,No Holiday,Flu Season,22.0,16.0,46.0,55.0,49.714285714285715,43.857142857142854,41.642857142857146
1,Nexora Care - Riverside,2024-12-10,78,1,Tuesday,10,12,December,4,2024,50,0,False,No Holiday,Flu Season,67.0,55.0,26.0,29.0,57.0,45.357142857142854,42.07142857142857
1,Nexora Care - Riverside,2024-12-11,79,2,Wednesday,11,12,December,4,2024,50,0,False,No Holiday,Flu Season,78.0,70.0,56.0,43.0,60.285714285714285,49.07142857142857,43.82142857142857
1,Nexora Care - Riverside,2024-12-12,64,3,Thursday,12,12,December,4,2024,50,0,False,No Holiday,Flu Season,79.0,62.0,61.0,17.0,61.57142857142857,50.714285714285715,45.107142857142854
1,Nexora Care - Riverside,2024-12-13,66,4,Friday,13,12,December,4,2024,50,0,False,No Holiday,Flu Season,64.0,64.0,65.0,8.0,61.857142857142854,50.92857142857143,46.785714285714285
1,Nexora Care - Riverside,2024-12-14,19,5,Saturday,14,12,December,4,2024,50,1,False,No Holiday,Flu Season,66.0,59.0,6.0,72.0,62.142857142857146,51.0,48.857142857142854
1,Nexora Care - Riverside,2024-12-16,67,0,Monday,16,12,December,4,2024,51,0,False,No Holiday,Flu Season,19.0,22.0,6.0,53.0,56.42857142857143,51.92857142857143,46.964285714285715
1,Nexora Care - Riverside,2024-12-17,77,1,Tuesday,17,12,December,4,2024,51,0,False,No Holiday,Flu Season,67.0,67.0,16.0,37.0,62.857142857142854,56.285714285714285,47.464285714285715
1,Nexora Care - Riverside,2024-12-18,62,2,Wednesday,18,12,December,4,2024,51,0,False,No Holiday,Flu Season,77.0,78.0,55.0,38.0,64.28571428571429,60.642857142857146,48.892857142857146
1,Nexora Care - Riverside,2024-12-19,61,3,Thursday,19,12,December,4,2024,51,0,False,No Holiday,Flu Season,62.0,79.0,70.0,23.0,62.0,61.142857142857146,49.75
1,Nexora Care - Riverside,2024-12-20,48,4,Friday,20,12,December,4,2024,51,0,False,No Holiday,Flu Season,61.0,64.0,62.0,45.0,59.42857142857143,60.5,51.107142857142854
1,Nexora Care - Riverside,2024-12-21,16,5,Saturday,21,12,December,4,2024,51,1,False,No Holiday,Flu Season,48.0,66.0,64.0,43.0,57.142857142857146,59.5,51.214285714285715
1,Nexora Care - Riverside,2024-12-23,79,0,Monday,23,12,December,4,2024,52,0,False,No Holiday,Flu Season,16.0,19.0,59.0,34.0,50.0,56.07142857142857,50.25
1,Nexora Care - Riverside,2024-12-24,13,1,Tuesday,24,12,December,4,2024,52,0,True,Christmas Eve,Flu Season,79.0,67.0,22.0,55.0,58.57142857142857,57.5,51.857142857142854
1,Nexora Care - Riverside,2024-12-25,10,2,Wednesday,25,12,December,4,2024,52,0,True,Christmas Day,Flu Season,13.0,77.0,67.0,46.0,50.857142857142854,56.857142857142854,50.357142857142854
1,Nexora Care - Riverside,2024-12-26,85,3,Thursday,26,12,December,4,2024,52,0,False,No Holiday,Flu Season,10.0,62.0,78.0,26.0,41.285714285714285,52.785714285714285,49.07142857142857
1,Nexora Care - Riverside,2024-12-27,61,4,Friday,27,12,December,4,2024,52,0,False,No Holiday,Flu Season,85.0,61.0,79.0,56.0,44.57142857142857,53.285714285714285,51.17857142857143
1,Nexora Care - Riverside,2024-12-28,24,5,Saturday,28,12,December,4,2024,52,1,False,No Holiday,Flu Season,61.0,48.0,64.0,61.0,44.57142857142857,52.0,51.357142857142854
1,Nexora Care - Riverside,2024-12-30,69,0,Monday,30,12,December,4,2024,1,0,False,No Holiday,Flu Season,24.0,16.0,66.0,65.0,41.142857142857146,49.142857142857146,50.035714285714285
1,Nexora Care - Riverside,2024-12-31,4,1,Tuesday,31,12,December,4,2024,1,0,True,New Year's Eve,Flu Season,69.0,79.0,19.0,6.0,48.714285714285715,49.357142857142854,50.17857142857143
1,Nexora Care - Riverside,2025-01-01,10,2,Wednesday,1,1,January,1,2025,1,0,True,New Year's Day,Flu Season,4.0,13.0,67.0,6.0,38.0,48.285714285714285,50.107142857142854
1,Nexora Care - Riverside,2025-01-02,89,3,Thursday,2,1,January,1,2025,1,0,False,No Holiday,Flu Season,10.0,10.0,77.0,16.0,37.57142857142857,44.214285714285715,50.25
1,Nexora Care - Riverside,2025-01-03,68,4,Friday,3,1,January,1,2025,1,0,False,No Holiday,Flu Season,89.0,85.0,62.0,55.0,48.857142857142854,45.07142857142857,52.857142857142854
1,Nexora Care - Riverside,2025-01-04,20,5,Saturday,4,1,January,1,2025,1,1,False,No Holiday,Flu Season,68.0,61.0,61.0,70.0,46.42857142857143,45.5,53.32142857142857
1,Nexora Care - Riverside,2025-01-06,47,0,Monday,6,1,January,1,2025,2,0,False,No Holiday,Flu Season,20.0,24.0,48.0,62.0,40.57142857142857,42.57142857142857,51.535714285714285
1,Nexora Care - Riverside,2025-01-07,51,1,Tuesday,7,1,January,1,2025,2,0,False,No Holiday,Flu Season,47.0,69.0,16.0,64.0,43.857142857142854,42.5,51.0
1,Nexora Care - Riverside,2025-01-08,81,2,Wednesday,8,1,January,1,2025,2,0,False,No Holiday,Flu Season,51.0,4.0,79.0,59.0,41.285714285714285,45.0,50.535714285714285
1,Nexora Care - Riverside,2025-01-09,61,3,Thursday,9,1,January,1,2025,2,0,False,No Holiday,Flu Season,81.0,10.0,13.0,22.0,52.285714285714285,45.142857142857146,51.32142857142857
1,Nexora Care - Riverside,2025-01-10,63,4,Friday,10,1,January,1,2025,2,0,False,No Holiday,Flu Season,61.0,89.0,10.0,67.0,59.57142857142857,48.57142857142857,52.714285714285715
1,Nexora Care - Riverside,2025-01-11,31,5,Saturday,11,1,January,1,2025,2,1,False,No Holiday,Flu Season,63.0,68.0,85.0,78.0,55.857142857142854,52.357142857142854,52.57142857142857
1,Nexora Care - Riverside,2025-01-13,68,0,Monday,13,1,January,1,2025,3,0,False,No Holiday,Flu Season,31.0,20.0,61.0,79.0,50.57142857142857,48.5,50.892857142857146
1,Nexora Care - Riverside,2025-01-14,59,1,Tuesday,14,1,January,1,2025,3,0,False,No Holiday,Flu Season,68.0,47.0,24.0,64.0,57.42857142857143,49.0,50.5
1,Nexora Care - Riverside,2025-01-15,82,2,Wednesday,15,1,January,1,2025,3,0,False,No Holiday,Flu Season,59.0,51.0,69.0,66.0,59.142857142857146,51.5,50.32142857142857
1,Nexora Care - Riverside,2025-01-16,69,3,Thursday,16,1,January,1,2025,3,0,False,No Holiday,Flu Season,82.0,81.0,4.0,19.0,63.57142857142857,52.42857142857143,50.892857142857146
1,Nexora Care - Riverside,2025-01-17,57,4,Friday,17,1,January,1,2025,3,0,False,No Holiday,Flu Season,69.0,61.0,10.0,67.0,61.857142857142854,57.07142857142857,52.67857142857143
1,Nexora Care - Riverside,2025-01-18,18,5,Saturday,18,1,January,1,2025,3,1,False,No Holiday,Flu Season,57.0,63.0,89.0,77.0,61.285714285714285,60.42857142857143,52.32142857142857
1,Nexora Care - Riverside,2025-01-20,5,0,Monday,20,1,January,1,2025,4,0,True,MLK Day,Flu Season,18.0,31.0,68.0,62.0,54.857142857142854,55.357142857142854,50.214285714285715
1,Nexora Care - Riverside,2025-01-21,87,1,Tuesday,21,1,January,1,2025,4,0,False,No Holiday,Flu Season,5.0,68.0,20.0,61.0,51.142857142857146,50.857142857142854,48.17857142857143
1,Nexora Care - Riverside,2025-01-22,77,2,Wednesday,22,1,January,1,2025,4,0,False,No Holiday,Flu Season,87.0,59.0,47.0,48.0,53.857142857142854,55.642857142857146,49.107142857142854
1,Nexora Care - Riverside,2025-01-23,85,3,Thursday,23,1,January,1,2025,4,0,False,No Holiday,Flu Season,77.0,82.0,51.0,16.0,56.42857142857143,57.785714285714285,50.142857142857146
1,Nexora Care - Riverside,2025-01-24,73,4,Friday,24,1,January,1,2025,4,0,False,No Holiday,Flu Season,85.0,69.0,81.0,79.0,56.857142857142854,60.214285714285715,52.607142857142854
1,Nexora Care - Riverside,2025-01-25,17,5,Saturday,25,1,January,1,2025,4,1,False,No Holiday,Flu Season,73.0,57.0,61.0,13.0,57.42857142857143,59.642857142857146,52.392857142857146
1,Nexora Care - Riverside,2025-01-27,56,0,Monday,27,1,January,1,2025,5,0,False,No Holiday,Flu Season,17.0,18.0,63.0,10.0,51.714285714285715,56.5,52.535714285714285
1,Nexora Care - Riverside,2025-01-28,72,1,Tuesday,28,1,January,1,2025,5,0,False,No Holiday,Flu Season,56.0,5.0,31.0,85.0,57.142857142857146,56.0,54.17857142857143
1,Nexora Care - Riverside,2025-01-29,44,2,Wednesday,29,1,January,1,2025,5,0,False,No Holiday,Flu Season,72.0,87.0,68.0,61.0,66.71428571428571,58.92857142857143,53.714285714285715
1,Nexora Care - Riverside,2025-01-30,65,3,Thursday,30,1,January,1,2025,5,0,False,No Holiday,Flu Season,44.0,77.0,59.0,24.0,60.57142857142857,57.214285714285715,53.107142857142854
1,Nexora Care - Riverside,2025-01-31,70,4,Friday,31,1,January,1,2025,5,0,False,No Holiday,Flu Season,65.0,85.0,82.0,69.0,58.857142857142854,57.642857142857146,54.57142857142857
1,Nexora Care - Riverside,2025-02-01,11,5,Saturday,1,2,February,1,2025,5,1,False,No Holiday,Flu Season,70.0,73.0,69.0,4.0,56.714285714285715,56.785714285714285,54.607142857142854
1,Nexora Care - Riverside,2025-02-03,61,0,Monday,3,2,February,1,2025,6,0,False,No Holiday,Flu Season,11.0,17.0,57.0,10.0,47.857142857142854,52.642857142857146,54.857142857142854
1,Nexora Care - Riverside,2025-02-04,48,1,Tuesday,4,2,February,1,2025,6,0,False,No Holiday,Flu Season,61.0,56.0,18.0,89.0,54.142857142857146,52.92857142857143,56.67857142857143
1,Nexora Care - Riverside,2025-02-05,91,2,Wednesday,5,2,February,1,2025,6,0,False,No Holiday,Flu Season,48.0,72.0,5.0,68.0,53.0,55.07142857142857,55.214285714285715
1,Nexora Care - Riverside,2025-02-06,70,3,Thursday,6,2,February,1,2025,6,0,False,No Holiday,Flu Season,91.0,44.0,87.0,20.0,55.714285714285715,61.214285714285715,56.035714285714285
1,Nexora Care - Riverside,2025-02-07,47,4,Friday,7,2,February,1,2025,6,0,False,No Holiday,Flu Season,70.0,65.0,77.0,47.0,59.42857142857143,60.0,57.82142857142857
1,Nexora Care - Riverside,2025-02-08,12,5,Saturday,8,2,February,1,2025,6,1,False,No Holiday,Flu Season,47.0,70.0,85.0,51.0,56.857142857142854,57.857142857142854,57.82142857142857
1,Nexora Care - Riverside,2025-02-10,64,0,Monday,10,2,February,1,2025,7,0,False,No Holiday,Flu Season,12.0,11.0,73.0,81.0,48.57142857142857,52.642857142857146,56.42857142857143
1,Nexora Care - Riverside,2025-02-11,61,1,Tuesday,11,2,February,1,2025,7,0,False,No Holiday,Flu Season,64.0,61.0,17.0,61.0,56.142857142857146,52.0,55.82142857142857
1,Nexora Care - Riverside,2025-02-12,77,2,Wednesday,12,2,February,1,2025,7,0,False,No Holiday,Flu Season,61.0,48.0,56.0,63.0,56.142857142857146,55.142857142857146,55.82142857142857
1,Nexora Care - Riverside,2025-02-13,52,3,Thursday,13,2,February,1,2025,7,0,False,No Holiday,Flu Season,77.0,91.0,72.0,31.0,60.285714285714285,56.642857142857146,56.32142857142857
1,Nexora Care - Riverside,2025-02-14,52,4,Friday,14,2,February,1,2025,7,0,False,No Holiday,Flu Season,52.0,70.0,44.0,68.0,54.714285714285715,55.214285714285715,57.07142857142857
1,Nexora Care - Riverside,2025-02-15,15,5,Saturday,15,2,February,1,2025,7,1,False,No Holiday,Flu Season,52.0,47.0,65.0,59.0,52.142857142857146,55.785714285714285,56.5
1,Nexora Care - Riverside,2025-02-17,7,0,Monday,17,2,February,1,2025,8,0,True,Presidents' Day,Flu Season,15.0,12.0,70.0,82.0,47.57142857142857,52.214285714285715,54.92857142857143
1,Nexora Care - Riverside,2025-02-18,83,1,Tuesday,18,2,February,1,2025,8,0,False,No Holiday,Flu Season,7.0,64.0,11.0,69.0,46.857142857142854,47.714285714285715,52.25
1,Nexora Care - Riverside,2025-02-19,62,2,Wednesday,19,2,February,1,2025,8,0,False,No Holiday,Flu Season,83.0,61.0,61.0,57.0,49.57142857142857,52.857142857142854,52.75
1,Nexora Care - Riverside,2025-02-20,71,3,Thursday,20,2,February,1,2025,8,0,False,No Holiday,Flu Season,62.0,77.0,48.0,18.0,49.714285714285715,52.92857142857143,52.92857142857143
1,Nexora Care - Riverside,2025-02-21,87,4,Friday,21,2,February,1,2025,8,0,False,No Holiday,Flu Season,71.0,52.0,91.0,5.0,48.857142857142854,54.57142857142857,54.82142857142857
1,Nexora Care - Riverside,2025-02-22,24,5,Saturday,22,2,February,1,2025,8,1,False,No Holiday,Flu Season,87.0,52.0,70.0,87.0,53.857142857142854,54.285714285714285,57.75
1,Nexora Care - Riverside,2025-02-24,70,0,Monday,24,2,February,1,2025,9,0,False,No Holiday,Flu Season,24.0,15.0,47.0,77.0,49.857142857142854,51.0,55.5
1,Nexora Care - Riverside,2025-02-25,67,1,Tuesday,25,2,February,1,2025,9,0,False,No Holiday,Flu Season,70.0,7.0,12.0,85.0,57.714285714285715,52.642857142857146,55.25
1,Nexora Care - Riverside,2025-02-26,75,2,Wednesday,26,2,February,1,2025,9,0,False,No Holiday,Flu Season,67.0,83.0,64.0,73.0,66.28571428571429,56.57142857142857,54.607142857142854
1,Nexora Care - Riverside,2025-02-27,61,3,Thursday,27,2,February,1,2025,9,0,False,No Holiday,Flu Season,75.0,62.0,61.0,17.0,65.14285714285714,57.357142857142854,54.67857142857143
1,Nexora Care - Riverside,2025-02-28,51,4,Friday,28,2,February,1,2025,9,0,False,No Holiday,Flu Season,61.0,71.0,77.0,56.0,65.0,57.357142857142854,56.25
1,Nexora Care - Riverside,2025-03-01,11,5,Saturday,1,3,March,1,2025,9,1,False,No Holiday,Allergy Season,51.0,87.0,52.0,72.0,62.142857142857146,55.5,56.07142857142857
1,Nexora Care - Riverside,2025-03-03,49,0,Monday,3,3,March,1,2025,10,0,False,No Holiday,Allergy Season,11.0,24.0,52.0,44.0,51.285714285714285,52.57142857142857,53.892857142857146
1,Nexora Care - Riverside,2025-03-04,59,1,Tuesday,4,3,March,1,2025,10,0,False,No Holiday,Allergy Season,49.0,70.0,15.0,65.0,54.857142857142854,52.357142857142854,54.07142857142857
1,Nexora Care - Riverside,2025-03-05,48,2,Wednesday,5,3,March,1,2025,10,0,False,No Holiday,Allergy Season,59.0,67.0,7.0,70.0,53.285714285714285,55.5,53.857142857142854
1,Nexora Care - Riverside,2025-03-06,34,3,Thursday,6,3,March,1,2025,10,0,False,No Holiday,Allergy Season,48.0,75.0,83.0,11.0,50.57142857142857,58.42857142857143,53.07142857142857
1,Nexora Care - Riverside,2025-03-07,52,4,Friday,7,3,March,1,2025,10,0,False,No Holiday,Allergy Season,34.0,61.0,62.0,61.0,44.714285714285715,54.92857142857143,53.892857142857146
1,Nexora Care - Riverside,2025-03-08,23,5,Saturday,8,3,March,1,2025,10,1,False,No Holiday,Allergy Season,52.0,51.0,71.0,48.0,43.42857142857143,54.214285714285715,53.57142857142857
1,Nexora Care - Riverside,2025-03-10,57,0,Monday,10,3,March,1,2025,11,0,False,No Holiday,Allergy Season,23.0,11.0,87.0,91.0,39.42857142857143,50.785714285714285,52.67857142857143
1,Nexora Care - Riverside,2025-03-11,60,1,Tuesday,11,3,March,1,2025,11,0,False,No Holiday,Allergy Season,57.0,49.0,24.0,70.0,46.0,48.642857142857146,51.464285714285715
1,Nexora Care - Riverside,2025-03-12,50,2,Wednesday,12,3,March,1,2025,11,0,False,No Holiday,Allergy Season,60.0,59.0,70.0,47.0,47.57142857142857,51.214285714285715,51.107142857142854
1,Nexora Care - Riverside,2025-03-13,44,3,Thursday,13,3,March,1,2025,11,0,False,No Holiday,Allergy Season,50.0,48.0,67.0,12.0,46.285714285714285,49.785714285714285,51.214285714285715
1,Nexora Care - Riverside,2025-03-14,58,4,Friday,14,3,March,1,2025,11,0,False,No Holiday,Allergy Season,44.0,34.0,75.0,64.0,45.714285714285715,48.142857142857146,52.357142857142854
1,Nexora Care - Riverside,2025-03-15,31,5,Saturday,15,3,March,1,2025,11,1,False,No Holiday,Allergy Season,58.0,52.0,61.0,61.0,49.142857142857146,46.92857142857143,52.142857142857146
1,Nexora Care - Riverside,2025-03-17,69,0,Monday,17,3,March,1,2025,12,0,False,No Holiday,Allergy Season,31.0,23.0,51.0,77.0,46.142857142857146,44.785714285714285,51.07142857142857
1,Nexora Care - Riverside,2025-03-18,55,1,Tuesday,18,3,March,1,2025,12,0,False,No Holiday,Allergy Season,69.0,57.0,11.0,52.0,52.714285714285715,46.07142857142857,50.785714285714285
1,Nexora Care - Riverside,2025-03-19,50,2,Wednesday,19,3,March,1,2025,12,0,False,No Holiday,Allergy Season,55.0,60.0,49.0,52.0,52.42857142857143,49.214285714285715,50.892857142857146
1,Nexora Care - Riverside,2025-03-20,67,3,Thursday,20,3,March,1,2025,12,0,False,No Holiday,Allergy Season,50.0,50.0,59.0,15.0,51.0,49.285714285714285,50.82142857142857
1,Nexora Care - Riverside,2025-03-21,60,4,Friday,21,3,March,1,2025,12,0,False,No Holiday,Allergy Season,67.0,44.0,48.0,7.0,53.42857142857143,49.857142857142854,52.67857142857143
1,Nexora Care - Riverside,2025-03-22,24,5,Saturday,22,3,March,1,2025,12,1,False,No Holiday,Allergy Season,60.0,58.0,34.0,83.0,55.714285714285715,50.714285714285715,54.57142857142857
1,Nexora Care - Riverside,2025-03-24,53,0,Monday,24,3,March,1,2025,13,0,False,No Holiday,Allergy Season,24.0,31.0,52.0,62.0,50.857142857142854,50.0,52.464285714285715
1,Nexora Care - Riverside,2025-03-25,45,1,Tuesday,25,3,March,1,2025,13,0,False,No Holiday,Allergy Season,53.0,69.0,23.0,71.0,54.0,50.07142857142857,52.142857142857146
1,Nexora Care - Riverside,2025-03-26,76,2,Wednesday,26,3,March,1,2025,13,0,False,No Holiday,Allergy Season,45.0,55.0,57.0,87.0,50.57142857142857,51.642857142857146,51.214285714285715
1,Nexora Care - Riverside,2025-03-27,66,3,Thursday,27,3,March,1,2025,13,0,False,No Holiday,Allergy Season,76.0,50.0,60.0,24.0,53.57142857142857,53.0,50.82142857142857
1,Nexora Care - Riverside,2025-03-28,48,4,Friday,28,3,March,1,2025,13,0,False,No Holiday,Allergy Season,66.0,67.0,50.0,70.0,55.857142857142854,53.42857142857143,52.32142857142857
1,Nexora Care - Riverside,2025-03-29,21,5,Saturday,29,3,March,1,2025,13,1,False,No Holiday,Allergy Season,48.0,60.0,44.0,67.0,53.142857142857146,53.285714285714285,51.535714285714285
1,Nexora Care - Riverside,2025-03-31,73,0,Monday,31,3,March,1,2025,14,0,False,No Holiday,Allergy Season,21.0,24.0,58.0,75.0,47.57142857142857,51.642857142857146,49.892857142857146
1,Nexora Care - Riverside,2025-04-01,62,1,Tuesday,1,4,April,2,2025,14,0,False,No Holiday,Allergy Season,73.0,53.0,31.0,61.0,54.57142857142857,52.714285714285715,49.82142857142857
1,Nexora Care - Riverside,2025-04-02,50,2,Wednesday,2,4,April,2,2025,14,0,False,No Holiday,Allergy Season,62.0,45.0,69.0,51.0,55.857142857142854,54.92857142857143,49.857142857142854
1,Nexora Care - Riverside,2025-04-03,59,3,Thursday,3,4,April,2,2025,14,0,False,No Holiday,Allergy Season,50.0,76.0,55.0,11.0,56.57142857142857,53.57142857142857,49.82142857142857
1,Nexora Care - Riverside,2025-04-04,39,4,Friday,4,4,April,2,2025,14,0,False,No Holiday,Allergy Season,59.0,66.0,50.0,49.0,54.142857142857146,53.857142857142854,51.535714285714285
1,Nexora Care - Riverside,2025-04-05,8,5,Saturday,5,4,April,2,2025,14,1,False,No Holiday,Allergy Season,39.0,48.0,67.0,59.0,50.285714285714285,53.07142857142857,51.17857142857143
1,Nexora Care - Riverside,2025-04-07,45,0,Monday,7,4,April,2,2025,15,0,False,No Holiday,Allergy Season,8.0,21.0,60.0,48.0,44.57142857142857,48.857142857142854,49.357142857142854
1,Nexora Care - Riverside,2025-04-08,59,1,Tuesday,8,4,April,2,2025,15,0,False,No Holiday,Allergy Season,45.0,73.0,24.0,34.0,48.0,47.785714285714285,49.25
1,Nexora Care - Riverside,2025-04-09,69,2,Wednesday,9,4,April,2,2025,15,0,False,No Holiday,Allergy Season,59.0,62.0,53.0,52.0,46.0,50.285714285714285,50.142857142857146
1,Nexora Care - Riverside,2025-04-10,66,3,Thursday,10,4,April,2,2025,15,0,False,No Holiday,Allergy Season,69.0,50.0,45.0,23.0,47.0,51.42857142857143,50.75
1,Nexora Care - Riverside,2025-04-11,39,4,Friday,11,4,April,2,2025,15,0,False,No Holiday,Allergy Season,66.0,59.0,76.0,57.0,49.285714285714285,52.92857142857143,52.285714285714285
1,Nexora Care - Riverside,2025-04-12,17,5,Saturday,12,4,April,2,2025,15,1,False,No Holiday,Allergy Season,39.0,39.0,66.0,60.0,46.42857142857143,50.285714285714285,51.642857142857146
1,Nexora Care - Riverside,2025-04-14,49,0,Monday,14,4,April,2,2025,16,0,False,No Holiday,Allergy Season,17.0,8.0,48.0,50.0,43.285714285714285,46.785714285714285,50.107142857142854
1,Nexora Care - Riverside,2025-04-15,64,1,Tuesday,15,4,April,2,2025,16,0,False,No Holiday,Allergy Season,49.0,45.0,21.0,44.0,49.142857142857146,46.857142857142854,50.07142857142857
1,Nexora Care - Riverside,2025-04-16,71,2,Wednesday,16,4,April,2,2025,16,0,False,No Holiday,Allergy Season,64.0,59.0,73.0,58.0,51.857142857142854,49.92857142857143,50.785714285714285
1,Nexora Care - Riverside,2025-04-17,51,3,Thursday,17,4,April,2,2025,16,0,False,No Holiday,Allergy Season,71.0,69.0,62.0,31.0,53.57142857142857,49.785714285714285,51.25
1,Nexora Care - Riverside,2025-04-18,45,4,Friday,18,4,April,2,2025,16,0,False,No Holiday,Allergy Season,51.0,66.0,50.0,69.0,51.0,49.0,51.964285714285715
1,Nexora Care - Riverside,2025-04-19,16,5,Saturday,19,4,April,2,2025,16,1,False,No Holiday,Allergy Season,45.0,39.0,59.0,55.0,48.0,48.642857142857146,51.107142857142854
1,Nexora Care - Riverside,2025-04-21,58,0,Monday,21,4,April,2,2025,17,0,False,No Holiday,Allergy Season,16.0,17.0,39.0,50.0,44.714285714285715,45.57142857142857,49.714285714285715
1,Nexora Care - Riverside,2025-04-22,58,1,Tuesday,22,4,April,2,2025,17,0,False,No Holiday,Allergy Season,58.0,49.0,8.0,67.0,50.57142857142857,46.92857142857143,50.0
1,Nexora Care - Riverside,2025-04-23,59,2,Wednesday,23,4,April,2,2025,17,0,False,No Holiday,Allergy Season,58.0,64.0,45.0,60.0,51.857142857142854,50.5,49.67857142857143
1,Nexora Care - Riverside,2025-04-24,66,3,Thursday,24,4,April,2,2025,17,0,False,No Holiday,Allergy Season,59.0,71.0,59.0,24.0,51.142857142857146,51.5,49.642857142857146
1,Nexora Care - Riverside,2025-04-25,52,4,Friday,25,4,April,2,2025,17,0,False,No Holiday,Allergy Season,66.0,51.0,69.0,53.0,50.42857142857143,52.0,51.142857142857146
1,Nexora Care - Riverside,2025-04-26,32,5,Saturday,26,4,April,2,2025,17,1,False,No Holiday,Allergy Season,52.0,45.0,66.0,45.0,50.57142857142857,50.785714285714285,51.107142857142854
1,Nexora Care - Riverside,2025-04-28,72,0,Monday,28,4,April,2,2025,18,0,False,No Holiday,Allergy Season,32.0,16.0,39.0,76.0,48.714285714285715,48.357142857142854,50.642857142857146
1,Nexora Care - Riverside,2025-04-29,56,1,Tuesday,29,4,April,2,2025,18,0,False,No Holiday,Allergy Season,72.0,58.0,17.0,66.0,56.714285714285715,50.714285714285715,50.5
1,Nexora Care - Riverside,2025-04-30,40,2,Wednesday,30,4,April,2,2025,18,0,False,No Holiday,Allergy Season,56.0,58.0,49.0,48.0,56.42857142857143,53.5,50.142857142857146
1,Nexora Care - Riverside,2025-05-01,46,3,Thursday,1,5,May,2,2025,18,0,False,No Holiday,Allergy Season,40.0,59.0,64.0,21.0,53.857142857142854,52.857142857142854,49.857142857142854
1,Nexora Care - Riverside,2025-05-02,35,4,Friday,2,5,May,2,2025,18,0,False,No Holiday,Allergy Season,46.0,66.0,71.0,73.0,52.0,51.57142857142857,50.75
1,Nexora Care - Riverside,2025-05-03,17,5,Saturday,3,5,May,2,2025,18,1,False,No Holiday,Allergy Season,35.0,52.0,51.0,62.0,47.57142857142857,49.0,49.392857142857146
1,Nexora Care - Riverside,2025-05-05,62,0,Monday,5,5,May,2,2025,19,0,False,No Holiday,Allergy Season,17.0,32.0,45.0,50.0,42.57142857142857,46.57142857142857,47.785714285714285
1,Nexora Care - Riverside,2025-05-06,64,1,Tuesday,6,5,May,2,2025,19,0,False,No Holiday,Allergy Season,62.0,72.0,16.0,59.0,46.857142857142854,47.785714285714285,48.214285714285715
1,Nexora Care - Riverside,2025-05-07,59,2,Wednesday,7,5,May,2,2025,19,0,False,No Holiday,Allergy Season,64.0,56.0,58.0,39.0,45.714285714285715,51.214285714285715,48.392857142857146
1,Nexora Care - Riverside,2025-05-08,61,3,Thursday,8,5,May,2,2025,19,0,False,No Holiday,Allergy Season,59.0,40.0,58.0,8.0,46.142857142857146,51.285714285714285,49.107142857142854
1,Nexora Care - Riverside,2025-05-09,53,4,Friday,9,5,May,2,2025,19,0,False,No Holiday,Allergy Season,61.0,46.0,59.0,45.0,49.142857142857146,51.5,51.0
1,Nexora Care - Riverside,2025-05-10,18,5,Saturday,10,5,May,2,2025,19,1,False,No Holiday,Allergy Season,53.0,35.0,66.0,59.0,50.142857142857146,51.07142857142857,51.285714285714285
1,Nexora Care - Riverside,2025-05-12,51,0,Monday,12,5,May,2,2025,20,0,False,No Holiday,Allergy Season,18.0,17.0,52.0,69.0,47.714285714285715,47.642857142857146,49.82142857142857
1,Nexora Care - Riverside,2025-05-13,55,1,Tuesday,13,5,May,2,2025,20,0,False,No Holiday,Allergy Season,51.0,62.0,32.0,66.0,52.57142857142857,47.57142857142857,49.17857142857143
1,Nexora Care - Riverside,2025-05-14,54,2,Wednesday,14,5,May,2,2025,20,0,False,No Holiday,Allergy Season,55.0,64.0,72.0,39.0,51.57142857142857,49.214285714285715,48.785714285714285
1,Nexora Care - Riverside,2025-05-15,56,3,Thursday,15,5,May,2,2025,20,0,False,No Holiday,Allergy Season,54.0,59.0,56.0,17.0,50.142857142857146,47.92857142857143,49.32142857142857
1,Nexora Care - Riverside,2025-05-16,37,4,Friday,16,5,May,2,2025,20,0,False,No Holiday,Allergy Season,56.0,61.0,40.0,49.0,49.714285714285715,47.92857142857143,50.714285714285715
1,Nexora Care - Riverside,2025-05-17,15,5,Saturday,17,5,May,2,2025,20,1,False,No Holiday,Allergy Season,37.0,53.0,46.0,64.0,46.285714285714285,47.714285714285715,50.285714285714285
1,Nexora Care - Riverside,2025-05-19,49,0,Monday,19,5,May,2,2025,21,0,False,No Holiday,Allergy Season,15.0,18.0,35.0,71.0,40.857142857142854,45.5,48.535714285714285
1,Nexora Care - Riverside,2025-05-20,58,1,Tuesday,20,5,May,2,2025,21,0,False,No Holiday,Allergy Season,49.0,51.0,17.0,51.0,45.285714285714285,46.5,47.75
1,Nexora Care - Riverside,2025-05-21,62,2,Wednesday,21,5,May,2,2025,21,0,False,No Holiday,Allergy Season,58.0,55.0,62.0,45.0,46.285714285714285,49.42857142857143,48.0
1,Nexora Care - Riverside,2025-05-22,61,3,Thursday,22,5,May,2,2025,21,0,False,No Holiday,Allergy Season,62.0,54.0,64.0,16.0,47.285714285714285,49.42857142857143,48.607142857142854
1,Nexora Care - Riverside,2025-05-23,60,4,Friday,23,5,May,2,2025,21,0,False,No Holiday,Allergy Season,61.0,56.0,59.0,58.0,48.285714285714285,49.214285714285715,50.214285714285715
1,Nexora Care - Riverside,2025-05-24,15,5,Saturday,24,5,May,2,2025,21,1,False,No Holiday,Allergy Season,60.0,37.0,61.0,58.0,48.857142857142854,49.285714285714285,50.285714285714285
1,Nexora Care - Riverside,2025-05-26,5,0,Monday,26,5,May,2,2025,22,0,True,Memorial Day,Allergy Season,15.0,15.0,53.0,59.0,45.714285714285715,46.0,48.75
1,Nexora Care - Riverside,2025-05-27,71,1,Tuesday,27,5,May,2,2025,22,0,False,No Holiday,Allergy Season,5.0,49.0,18.0,66.0,44.285714285714285,42.57142857142857,46.82142857142857
1,Nexora Care - Riverside,2025-05-28,47,2,Wednesday,28,5,May,2,2025,22,0,False,No Holiday,Allergy Season,71.0,58.0,51.0,52.0,47.42857142857143,46.357142857142854,47.0
1,Nexora Care - Riverside,2025-05-29,54,3,Thursday,29,5,May,2,2025,22,0,False,No Holiday,Allergy Season,47.0,62.0,55.0,32.0,45.857142857142854,46.07142857142857,46.82142857142857
1,Nexora Care - Riverside,2025-05-30,58,4,Friday,30,5,May,2,2025,22,0,False,No Holiday,Allergy Season,54.0,61.0,54.0,72.0,44.714285714285715,46.0,47.607142857142854
1,Nexora Care - Riverside,2025-05-31,14,5,Saturday,31,5,May,2,2025,22,1,False,No Holiday,Allergy Season,58.0,60.0,56.0,56.0,44.285714285714285,46.285714285714285,47.107142857142854
1,Nexora Care - Riverside,2025-06-02,38,0,Monday,2,6,June,2,2025,23,0,False,No Holiday,Standard,14.0,15.0,37.0,40.0,37.714285714285715,43.285714285714285,45.607142857142854
1,Nexora Care - Riverside,2025-06-03,49,1,Tuesday,3,6,June,2,2025,23,0,False,No Holiday,Standard,38.0,5.0,15.0,46.0,41.0,43.357142857142854,45.535714285714285
1,Nexora Care - Riverside,2025-06-04,40,2,Wednesday,4,6,June,2,2025,23,0,False,No Holiday,Standard,49.0,71.0,49.0,35.0,47.285714285714285,45.785714285714285,45.642857142857146
1,Nexora Care - Riverside,2025-06-05,39,3,Thursday,5,6,June,2,2025,23,0,False,No Holiday,Standard,40.0,47.0,58.0,17.0,42.857142857142854,45.142857142857146,45.82142857142857
1,Nexora Care - Riverside,2025-06-06,38,4,Friday,6,6,June,2,2025,23,0,False,No Holiday,Standard,39.0,54.0,62.0,62.0,41.714285714285715,43.785714285714285,46.607142857142854
1,Nexora Care - Riverside,2025-06-07,13,5,Saturday,7,6,June,2,2025,23,1,False,No Holiday,Standard,38.0,58.0,61.0,64.0,39.42857142857143,42.07142857142857,45.75
1,Nexora Care - Riverside,2025-06-09,44,0,Monday,9,6,June,2,2025,24,0,False,No Holiday,Standard,13.0,14.0,60.0,59.0,33.0,38.642857142857146,43.92857142857143
1,Nexora Care - Riverside,2025-06-10,48,1,Tuesday,10,6,June,2,2025,24,0,False,No Holiday,Standard,44.0,38.0,15.0,61.0,37.285714285714285,37.5,43.392857142857146
1,Nexora Care - Riverside,2025-06-11,48,2,Wednesday,11,6,June,2,2025,24,0,False,No Holiday,Standard,48.0,49.0,5.0,53.0,38.714285714285715,39.857142857142854,42.92857142857143
1,Nexora Care - Riverside,2025-06-12,41,3,Thursday,12,6,June,2,2025,24,0,False,No Holiday,Standard,48.0,40.0,71.0,18.0,38.57142857142857,42.92857142857143,42.75
1,Nexora Care - Riverside,2025-06-13,35,4,Friday,13,6,June,2,2025,24,0,False,No Holiday,Standard,41.0,39.0,47.0,51.0,38.714285714285715,40.785714285714285,43.57142857142857
1,Nexora Care - Riverside,2025-06-14,20,5,Saturday,14,6,June,2,2025,24,1,False,No Holiday,Standard,35.0,38.0,54.0,55.0,38.142857142857146,39.92857142857143,43.0
1,Nexora Care - Riverside,2025-06-16,45,0,Monday,16,6,June,2,2025,25,0,False,No Holiday,Standard,20.0,13.0,58.0,54.0,35.57142857142857,37.5,41.75
1,Nexora Care - Riverside,2025-06-17,49,1,Tuesday,17,6,June,2,2025,25,0,False,No Holiday,Standard,45.0,44.0,14.0,56.0,40.142857142857146,36.57142857142857,41.42857142857143
1,Nexora Care - Riverside,2025-06-18,42,2,Wednesday,18,6,June,2,2025,25,0,False,No Holiday,Standard,49.0,48.0,38.0,37.0,40.857142857142854,39.07142857142857,41.17857142857143
1,Nexora Care - Riverside,2025-06-19,9,3,Thursday,19,6,June,2,2025,25,0,True,Juneteenth,Standard,42.0,48.0,49.0,15.0,40.0,39.357142857142854,41.357142857142854
1,Nexora Care - Riverside,2025-06-20,62,4,Friday,20,6,June,2,2025,25,0,False,No Holiday,Standard,9.0,41.0,40.0,49.0,34.42857142857143,36.5,41.142857142857146
1,Nexora Care - Riverside,2025-06-21,24,5,Saturday,21,6,June,2,2025,25,1,False,No Holiday,Standard,62.0,35.0,39.0,58.0,37.42857142857143,38.07142857142857,41.607142857142854
1,Nexora Care - Riverside,2025-06-23,67,0,Monday,23,6,June,2,2025,26,0,False,No Holiday,Standard,24.0,20.0,38.0,62.0,35.857142857142854,37.0,40.392857142857146
1,Nexora Care - Riverside,2025-06-24,58,1,Tuesday,24,6,June,2,2025,26,0,False,No Holiday,Standard,67.0,45.0,13.0,61.0,42.57142857142857,39.07142857142857,40.57142857142857
1,Nexora Care - Riverside,2025-06-25,40,2,Wednesday,25,6,June,2,2025,26,0,False,No Holiday,Standard,58.0,49.0,44.0,60.0,44.42857142857143,42.285714285714285,40.464285714285715
1,Nexora Care - Riverside,2025-06-26,51,3,Thursday,26,6,June,2,2025,26,0,False,No Holiday,Standard,40.0,42.0,48.0,15.0,43.142857142857146,42.0,39.75
1,Nexora Care - Riverside,2025-06-27,41,4,Friday,27,6,June,2,2025,26,0,False,No Holiday,Standard,51.0,9.0,48.0,5.0,44.42857142857143,42.214285714285715,41.035714285714285
1,Nexora Care - Riverside,2025-06-28,16,5,Saturday,28,6,June,2,2025,26,1,False,No Holiday,Standard,41.0,62.0,41.0,71.0,49.0,41.714285714285715,42.32142857142857
1,Nexora Care - Riverside,2025-06-30,50,0,Monday,30,6,June,2,2025,27,0,False,No Holiday,Standard,16.0,24.0,35.0,47.0,42.42857142857143,39.92857142857143,40.357142857142854
1,Nexora Care - Riverside,2025-07-01,62,1,Tuesday,1,7,July,3,2025,27,0,False,No Holiday,Standard,50.0,67.0,20.0,54.0,46.142857142857146,41.0,40.464285714285715
1,Nexora Care - Riverside,2025-07-02,69,2,Wednesday,2,7,July,3,2025,27,0,False,No Holiday,Standard,62.0,58.0,45.0,58.0,45.42857142857143,44.0,40.75
1,Nexora Care - Riverside,2025-07-03,59,3,Thursday,3,7,July,3,2025,27,0,False,No Holiday,Standard,69.0,40.0,49.0,14.0,47.0,45.714285714285715,41.142857142857146
1,Nexora Care - Riverside,2025-07-04,5,4,Friday,4,7,July,3,2025,27,0,True,Independence Day,Standard,59.0,51.0,42.0,38.0,49.714285714285715,46.42857142857143,42.75
1,Nexora Care - Riverside,2025-07-05,20,5,Saturday,5,7,July,3,2025,27,1,False,No Holiday,Standard,5.0,41.0,9.0,49.0,43.142857142857146,43.785714285714285,41.57142857142857
1,Nexora Care - Riverside,2025-07-07,43,0,Monday,7,7,July,3,2025,28,0,False,No Holiday,Standard,20.0,16.0,62.0,40.0,40.142857142857146,44.57142857142857,40.535714285714285
1,Nexora Care - Riverside,2025-07-08,51,1,Tuesday,8,7,July,3,2025,28,0,False,No Holiday,Standard,43.0,50.0,24.0,39.0,44.0,43.214285714285715,40.642857142857146
1,Nexora Care - Riverside,2025-07-09,57,2,Wednesday,9,7,July,3,2025,28,0,False,No Holiday,Standard,51.0,62.0,67.0,38.0,44.142857142857146,45.142857142857146,41.07142857142857
1,Nexora Care - Riverside,2025-07-10,49,3,Thursday,10,7,July,3,2025,28,0,False,No Holiday,Standard,57.0,69.0,58.0,13.0,43.42857142857143,44.42857142857143,41.75
1,Nexora Care - Riverside,2025-07-11,39,4,Friday,11,7,July,3,2025,28,0,False,No Holiday,Standard,49.0,59.0,40.0,44.0,40.57142857142857,43.785714285714285,43.035714285714285
1,Nexora Care - Riverside,2025-07-12,15,5,Saturday,12,7,July,3,2025,28,1,False,No Holiday,Standard,39.0,5.0,51.0,48.0,37.714285714285715,43.714285714285715,42.857142857142854
1,Nexora Care - Riverside,2025-07-14,55,0,Monday,14,7,July,3,2025,29,0,False,No Holiday,Standard,15.0,20.0,41.0,48.0,39.142857142857146,41.142857142857146,41.67857142857143
1,Nexora Care - Riverside,2025-07-15,43,1,Tuesday,15,7,July,3,2025,29,0,False,No Holiday,Standard,55.0,43.0,16.0,41.0,44.142857142857146,42.142857142857146,41.92857142857143
1,Nexora Care - Riverside,2025-07-16,49,2,Wednesday,16,7,July,3,2025,29,0,False,No Holiday,Standard,43.0,51.0,50.0,35.0,44.142857142857146,44.07142857142857,42.0
1,Nexora Care - Riverside,2025-07-17,55,3,Thursday,17,7,July,3,2025,29,0,False,No Holiday,Standard,49.0,57.0,62.0,20.0,43.857142857142854,44.0,42.5
1,Nexora Care - Riverside,2025-07-18,45,4,Friday,18,7,July,3,2025,29,0,False,No Holiday,Standard,55.0,49.0,69.0,45.0,43.57142857142857,43.5,43.75
1,Nexora Care - Riverside,2025-07-19,9,5,Saturday,19,7,July,3,2025,29,1,False,No Holiday,Standard,45.0,39.0,59.0,49.0,43.0,41.785714285714285,43.75
1,Nexora Care - Riverside,2025-07-21,38,0,Monday,21,7,July,3,2025,30,0,False,No Holiday,Standard,9.0,15.0,5.0,42.0,38.714285714285715,38.214285714285715,42.32142857142857
1,Nexora Care - Riverside,2025-07-22,55,1,Tuesday,22,7,July,3,2025,30,0,False,No Holiday,Standard,38.0,55.0,20.0,9.0,42.0,40.57142857142857,42.17857142857143
1,Nexora Care - Riverside,2025-07-23,55,2,Wednesday,23,7,July,3,2025,30,0,False,No Holiday,Standard,55.0,43.0,43.0,62.0,42.0,43.07142857142857,43.82142857142857
1,Nexora Care - Riverside,2025-07-24,43,3,Thursday,24,7,July,3,2025,30,0,False,No Holiday,Standard,55.0,49.0,51.0,24.0,43.714285714285715,43.92857142857143,43.57142857142857
1,Nexora Care - Riverside,2025-07-25,31,4,Friday,25,7,July,3,2025,30,0,False,No Holiday,Standard,43.0,55.0,57.0,67.0,42.857142857142854,43.357142857142854,44.25
1,Nexora Care - Riverside,2025-07-26,10,5,Saturday,26,7,July,3,2025,30,1,False,No Holiday,Standard,31.0,45.0,49.0,58.0,39.42857142857143,41.5,42.964285714285715
1,Nexora Care - Riverside,2025-07-28,49,0,Monday,28,7,July,3,2025,31,0,False,No Holiday,Standard,10.0,9.0,39.0,40.0,34.42857142857143,38.714285714285715,41.25
1,Nexora Care - Riverside,2025-07-29,39,1,Tuesday,29,7,July,3,2025,31,0,False,No Holiday,Standard,49.0,38.0,15.0,51.0,40.142857142857146,39.42857142857143,41.57142857142857
1,Nexora Care - Riverside,2025-07-30,45,2,Wednesday,30,7,July,3,2025,31,0,False,No Holiday,Standard,39.0,55.0,55.0,41.0,40.285714285714285,41.142857142857146,41.142857142857146
1,Nexora Care - Riverside,2025-07-31,44,3,Thursday,31,7,July,3,2025,31,0,False,No Holiday,Standard,45.0,55.0,43.0,16.0,38.857142857142854,40.42857142857143,41.285714285714285
1,Nexora Care - Riverside,2025-08-01,52,4,Friday,1,8,August,3,2025,31,0,False,No Holiday,Standard,44.0,43.0,49.0,50.0,37.285714285714285,40.5,42.285714285714285
1,Nexora Care - Riverside,2025-08-02,23,5,Saturday,2,8,August,3,2025,31,1,False,No Holiday,Standard,52.0,31.0,55.0,62.0,38.57142857142857,40.714285714285715,42.357142857142854
1,Nexora Care - Riverside,2025-08-04,58,0,Monday,4,8,August,3,2025,32,0,False,No Holiday,Standard,23.0,10.0,45.0,69.0,37.42857142857143,38.42857142857143,40.964285714285715
1,Nexora Care - Riverside,2025-08-05,50,1,Tuesday,5,8,August,3,2025,32,0,False,No Holiday,Standard,58.0,49.0,9.0,59.0,44.285714285714285,39.357142857142854,40.57142857142857
1,Nexora Care - Riverside,2025-08-06,41,2,Wednesday,6,8,August,3,2025,32,0,False,No Holiday,Standard,50.0,39.0,38.0,5.0,44.42857142857143,42.285714285714285,40.25
1,Nexora Care - Riverside,2025-08-07,56,3,Thursday,7,8,August,3,2025,32,0,False,No Holiday,Standard,41.0,45.0,55.0,20.0,44.714285714285715,42.5,41.535714285714285
1,Nexora Care - Riverside,2025-08-08,57,4,Friday,8,8,August,3,2025,32,0,False,No Holiday,Standard,56.0,44.0,55.0,43.0,46.285714285714285,42.57142857142857,42.82142857142857
1,Nexora Care - Riverside,2025-08-09,20,5,Saturday,9,8,August,3,2025,32,1,False,No Holiday,Standard,57.0,52.0,43.0,51.0,48.142857142857146,42.714285714285715,43.32142857142857
1,Nexora Care - Riverside,2025-08-11,59,0,Monday,11,8,August,3,2025,33,0,False,No Holiday,Standard,20.0,23.0,31.0,57.0,43.57142857142857,41.07142857142857,42.214285714285715
1,Nexora Care - Riverside,2025-08-12,56,1,Tuesday,12,8,August,3,2025,33,0,False,No Holiday,Standard,59.0,58.0,10.0,49.0,48.714285714285715,43.07142857142857,42.285714285714285
1,Nexora Care - Riverside,2025-08-13,59,2,Wednesday,13,8,August,3,2025,33,0,False,No Holiday,Standard,56.0,50.0,49.0,39.0,48.42857142857143,46.357142857142854,42.535714285714285
1,Nexora Care - Riverside,2025-08-14,41,3,Thursday,14,8,August,3,2025,33,0,False,No Holiday,Standard,59.0,41.0,39.0,15.0,49.714285714285715,47.07142857142857,43.25
1,Nexora Care - Riverside,2025-08-15,44,4,Friday,15,8,August,3,2025,33,0,False,No Holiday,Standard,41.0,56.0,45.0,55.0,49.714285714285715,47.214285714285715,44.17857142857143
1,Nexora Care - Riverside,2025-08-16,15,5,Saturday,16,8,August,3,2025,33,1,False,No Holiday,Standard,44.0,57.0,44.0,43.0,48.0,47.142857142857146,43.785714285714285
1,Nexora Care - Riverside,2025-08-18,39,0,Monday,18,8,August,3,2025,34,0,False,No Holiday,Standard,15.0,20.0,52.0,49.0,42.0,45.07142857142857,42.785714285714285
1,Nexora Care - Riverside,2025-08-19,57,1,Tuesday,19,8,August,3,2025,34,0,False,No Holiday,Standard,39.0,59.0,23.0,55.0,44.714285714285715,44.142857142857146,42.42857142857143
1,Nexora Care - Riverside,2025-08-20,56,2,Wednesday,20,8,August,3,2025,34,0,False,No Holiday,Standard,57.0,56.0,58.0,45.0,44.42857142857143,46.57142857142857,42.5
1,Nexora Care - Riverside,2025-08-21,53,3,Thursday,21,8,August,3,2025,34,0,False,No Holiday,Standard,56.0,59.0,50.0,9.0,44.42857142857143,46.42857142857143,42.892857142857146
1,Nexora Care - Riverside,2025-08-22,55,4,Friday,22,8,August,3,2025,34,0,False,No Holiday,Standard,53.0,41.0,41.0,38.0,43.57142857142857,46.642857142857146,44.464285714285715
1,Nexora Care - Riverside,2025-08-23,15,5,Saturday,23,8,August,3,2025,34,1,False,No Holiday,Standard,55.0,44.0,56.0,55.0,45.57142857142857,47.642857142857146,45.07142857142857
1,Nexora Care - Riverside,2025-08-25,48,0,Monday,25,8,August,3,2025,35,0,False,No Holiday,Standard,15.0,15.0,57.0,55.0,41.42857142857143,44.714285714285715,43.642857142857146
1,Nexora Care - Riverside,2025-08-26,71,1,Tuesday,26,8,August,3,2025,35,0,False,No Holiday,Standard,48.0,39.0,20.0,43.0,46.142857142857146,44.07142857142857,43.392857142857146
1,Nexora Care - Riverside,2025-08-27,56,2,Wednesday,27,8,August,3,2025,35,0,False,No Holiday,Standard,71.0,57.0,59.0,31.0,50.714285714285715,47.714285714285715,44.392857142857146
1,Nexora Care - Riverside,2025-08-28,56,3,Thursday,28,8,August,3,2025,35,0,False,No Holiday,Standard,56.0,56.0,56.0,10.0,50.57142857142857,47.5,45.285714285714285
1,Nexora Care - Riverside,2025-08-29,51,4,Friday,29,8,August,3,2025,35,0,False,No Holiday,Standard,56.0,53.0,59.0,49.0,50.57142857142857,47.5,46.92857142857143
1,Nexora Care - Riverside,2025-08-30,14,5,Saturday,30,8,August,3,2025,35,1,False,No Holiday,Standard,51.0,55.0,41.0,39.0,50.285714285714285,46.92857142857143,47.0
1,Nexora Care - Riverside,2025-09-01,5,0,Monday,1,9,September,3,2025,36,0,True,Labor Day,Standard,14.0,15.0,44.0,45.0,44.42857142857143,45.0,46.107142857142854
1,Nexora Care - Riverside,2025-09-02,66,1,Tuesday,2,9,September,3,2025,36,0,False,No Holiday,Standard,5.0,48.0,15.0,44.0,43.0,42.214285714285715,44.67857142857143
1,Nexora Care - Riverside,2025-09-03,60,2,Wednesday,3,9,September,3,2025,36,0,False,No Holiday,Standard,66.0,71.0,39.0,52.0,45.57142857142857,45.857142857142854,45.464285714285715
1,Nexora Care - Riverside,2025-09-04,51,3,Thursday,4,9,September,3,2025,36,0,False,No Holiday,Standard,60.0,56.0,57.0,23.0,44.0,47.357142857142854,45.75
1,Nexora Care - Riverside,2025-09-05,54,4,Friday,5,9,September,3,2025,36,0,False,No Holiday,Standard,51.0,56.0,56.0,58.0,43.285714285714285,46.92857142857143,46.75
1,Nexora Care - Riverside,2025-09-06,26,5,Saturday,6,9,September,3,2025,36,1,False,No Holiday,Standard,54.0,51.0,53.0,50.0,43.0,46.785714285714285,46.607142857142854
1,Nexora Care - Riverside,2025-09-08,69,0,Monday,8,9,September,3,2025,37,0,False,No Holiday,Standard,26.0,14.0,55.0,41.0,39.42857142857143,44.857142857142854,45.75
1,Nexora Care - Riverside,2025-09-09,52,1,Tuesday,9,9,September,3,2025,37,0,False,No Holiday,Standard,69.0,5.0,15.0,56.0,47.285714285714285,45.857142857142854,46.75
1,Nexora Care - Riverside,2025-09-10,57,2,Wednesday,10,9,September,3,2025,37,0,False,No Holiday,Standard,52.0,66.0,48.0,57.0,54.0,48.5,46.607142857142854
1,Nexora Care - Riverside,2025-09-11,40,3,Thursday,11,9,September,3,2025,37,0,False,No Holiday,Standard,57.0,60.0,71.0,20.0,52.714285714285715,49.142857142857146,46.607142857142854
1,Nexora Care - Riverside,2025-09-12,44,4,Friday,12,9,September,3,2025,37,0,False,No Holiday,Standard,40.0,51.0,56.0,59.0,49.857142857142854,46.92857142857143,47.32142857142857
1,Nexora Care - Riverside,2025-09-13,23,5,Saturday,13,9,September,3,2025,37,1,False,No Holiday,Standard,44.0,54.0,56.0,56.0,48.857142857142854,46.07142857142857,46.785714285714285
1,Nexora Care - Riverside,2025-09-15,52,0,Monday,15,9,September,3,2025,38,0,False,No Holiday,Standard,23.0,26.0,51.0,59.0,44.42857142857143,43.714285714285715,45.607142857142854
1,Nexora Care - Riverside,2025-09-16,62,1,Tuesday,16,9,September,3,2025,38,0,False,No Holiday,Standard,52.0,69.0,14.0,41.0,48.142857142857146,43.785714285714285,45.357142857142854
1,Nexora Care - Riverside,2025-09-17,60,2,Wednesday,17,9,September,3,2025,38,0,False,No Holiday,Standard,62.0,52.0,5.0,44.0,47.142857142857146,47.214285714285715,46.107142857142854
1,Nexora Care - Riverside,2025-09-18,29,3,Thursday,18,9,September,3,2025,38,0,False,No Holiday,Standard,60.0,57.0,66.0,15.0,48.285714285714285,51.142857142857146,46.67857142857143
1,Nexora Care - Riverside,2025-09-19,37,4,Friday,19,9,September,3,2025,38,0,False,No Holiday,Standard,29.0,40.0,60.0,39.0,44.285714285714285,48.5,47.17857142857143
1,Nexora Care - Riverside,2025-09-20,20,5,Saturday,20,9,September,3,2025,38,1,False,No Holiday,Standard,37.0,44.0,51.0,57.0,43.857142857142854,46.857142857142854,47.107142857142854
1,Nexora Care - Riverside,2025-09-22,67,0,Monday,22,9,September,3,2025,39,0,False,No Holiday,Standard,20.0,23.0,54.0,56.0,40.42857142857143,44.642857142857146,45.785714285714285
1,Nexora Care - Riverside,2025-09-23,58,1,Tuesday,23,9,September,3,2025,39,0,False,No Holiday,Standard,67.0,52.0,26.0,53.0,46.714285714285715,45.57142857142857,46.17857142857143
1,Nexora Care - Riverside,2025-09-24,54,2,Wednesday,24,9,September,3,2025,39,0,False,No Holiday,Standard,58.0,62.0,69.0,55.0,47.57142857142857,47.857142857142854,46.357142857142854
1,Nexora Care - Riverside,2025-09-25,33,3,Thursday,25,9,September,3,2025,39,0,False,No Holiday,Standard,54.0,60.0,52.0,15.0,46.42857142857143,46.785714285714285,46.32142857142857
1,Nexora Care - Riverside,2025-09-26,36,4,Friday,26,9,September,3,2025,39,0,False,No Holiday,Standard,33.0,29.0,57.0,48.0,42.57142857142857,45.42857142857143,46.964285714285715
1,Nexora Care - Riverside,2025-09-27,11,5,Saturday,27,9,September,3,2025,39,1,False,No Holiday,Standard,36.0,37.0,40.0,71.0,43.57142857142857,43.92857142857143,46.535714285714285
1,Nexora Care - Riverside,2025-09-29,38,0,Monday,29,9,September,3,2025,40,0,False,No Holiday,Standard,11.0,20.0,44.0,56.0,39.857142857142854,41.857142857142854,44.392857142857146
1,Nexora Care - Riverside,2025-09-30,51,1,Tuesday,30,9,September,3,2025,40,0,False,No Holiday,Standard,38.0,67.0,23.0,56.0,42.42857142857143,41.42857142857143,43.75
1,Nexora Care - Riverside,2025-10-01,54,2,Wednesday,1,10,October,4,2025,40,0,False,No Holiday,Standard,51.0,58.0,52.0,51.0,40.142857142857146,43.42857142857143,43.57142857142857
1,Nexora Care - Riverside,2025-10-02,43,3,Thursday,2,10,October,4,2025,40,0,False,No Holiday,Standard,54.0,54.0,62.0,14.0,39.57142857142857,43.57142857142857,43.67857142857143
1,Nexora Care - Riverside,2025-10-03,42,4,Friday,3,10,October,4,2025,40,0,False,No Holiday,Standard,43.0,33.0,60.0,5.0,38.0,42.214285714285715,44.714285714285715
1,Nexora Care - Riverside,2025-10-04,23,5,Saturday,4,10,October,4,2025,40,1,False,No Holiday,Standard,42.0,36.0,29.0,66.0,39.285714285714285,40.92857142857143,46.035714285714285
1,Nexora Care - Riverside,2025-10-06,58,0,Monday,6,10,October,4,2025,41,0,False,No Holiday,Standard,23.0,11.0,37.0,60.0,37.42857142857143,40.5,44.5
1,Nexora Care - Riverside,2025-10-07,48,1,Tuesday,7,10,October,4,2025,41,0,False,No Holiday,Standard,58.0,38.0,20.0,51.0,44.142857142857146,42.0,44.42857142857143
1,Nexora Care - Riverside,2025-10-08,41,2,Wednesday,8,10,October,4,2025,41,0,False,No Holiday,Standard,48.0,51.0,67.0,54.0,45.57142857142857,44.0,44.32142857142857
1,Nexora Care - Riverside,2025-10-09,39,3,Thursday,9,10,October,4,2025,41,0,False,No Holiday,Standard,41.0,54.0,58.0,26.0,44.142857142857146,42.142857142857146,43.857142857142854
1,Nexora Care - Riverside,2025-10-10,28,4,Friday,10,10,October,4,2025,41,0,False,No Holiday,Standard,39.0,43.0,54.0,69.0,42.0,40.785714285714285,44.32142857142857
1,Nexora Care - Riverside,2025-10-11,15,5,Saturday,11,10,October,4,2025,41,1,False,No Holiday,Standard,28.0,42.0,33.0,52.0,39.857142857142854,38.92857142857143,42.857142857142854
1,Nexora Care - Riverside,2025-10-13,46,0,Monday,13,10,October,4,2025,42,0,False,No Holiday,Standard,15.0,23.0,36.0,57.0,36.0,37.642857142857146,41.535714285714285
1,Nexora Care - Riverside,2025-10-14,61,1,Tuesday,14,10,October,4,2025,42,0,False,No Holiday,Standard,46.0,58.0,11.0,40.0,39.285714285714285,38.357142857142854,41.142857142857146
1,Nexora Care - Riverside,2025-10-15,50,2,Wednesday,15,10,October,4,2025,42,0,False,No Holiday,Standard,61.0,48.0,38.0,44.0,39.714285714285715,41.92857142857143,41.892857142857146
1,Nexora Care - Riverside,2025-10-16,46,3,Thursday,16,10,October,4,2025,42,0,False,No Holiday,Standard,50.0,41.0,51.0,23.0,40.0,42.785714285714285,42.107142857142854
1,Nexora Care - Riverside,2025-10-17,40,4,Friday,17,10,October,4,2025,42,0,False,No Holiday,Standard,46.0,39.0,54.0,52.0,40.714285714285715,42.42857142857143,42.92857142857143
1,Nexora Care - Riverside,2025-10-18,17,5,Saturday,18,10,October,4,2025,42,1,False,No Holiday,Standard,40.0,28.0,43.0,62.0,40.857142857142854,41.42857142857143,42.5
1,Nexora Care - Riverside,2025-10-20,49,0,Monday,20,10,October,4,2025,43,0,False,No Holiday,Standard,17.0,15.0,42.0,60.0,39.285714285714285,39.57142857142857,40.892857142857146
1,Nexora Care - Riverside,2025-10-21,64,1,Tuesday,21,10,October,4,2025,43,0,False,No Holiday,Standard,49.0,46.0,23.0,29.0,44.142857142857146,40.07142857142857,40.5
1,Nexora Care - Riverside,2025-10-22,41,2,Wednesday,22,10,October,4,2025,43,0,False,No Holiday,Standard,64.0,61.0,58.0,37.0,46.714285714285715,43.0,41.75
1,Nexora Care - Riverside,2025-10-23,53,3,Thursday,23,10,October,4,2025,43,0,False,No Holiday,Standard,41.0,50.0,48.0,20.0,43.857142857142854,41.785714285714285,41.892857142857146
1,Nexora Care - Riverside,2025-10-24,47,4,Friday,24,10,October,4,2025,43,0,False,No Holiday,Standard,53.0,46.0,41.0,67.0,44.285714285714285,42.142857142857146,43.07142857142857
1,Nexora Care - Riverside,2025-10-25,30,5,Saturday,25,10,October,4,2025,43,1,False,No Holiday,Standard,47.0,40.0,39.0,58.0,44.42857142857143,42.57142857142857,42.357142857142854
1,Nexora Care - Riverside,2025-10-27,63,0,Monday,27,10,October,4,2025,44,0,False,No Holiday,Standard,30.0,17.0,28.0,54.0,43.0,41.92857142857143,41.357142857142854
1,Nexora Care - Riverside,2025-10-28,69,1,Tuesday,28,10,October,4,2025,44,0,False,No Holiday,Standard,63.0,49.0,15.0,33.0,49.57142857142857,44.42857142857143,41.67857142857143
1,Nexora Care - Riverside,2025-10-29,51,2,Wednesday,29,10,October,4,2025,44,0,False,No Holiday,Standard,69.0,64.0,46.0,36.0,52.42857142857143,48.285714285714285,42.964285714285715
1,Nexora Care - Riverside,2025-10-30,47,3,Thursday,30,10,October,4,2025,44,0,False,No Holiday,Standard,51.0,41.0,61.0,11.0,50.57142857142857,48.642857142857146,43.5
1,Nexora Care - Riverside,2025-10-31,58,4,Friday,31,10,October,4,2025,44,0,False,No Holiday,Standard,47.0,53.0,50.0,38.0,51.42857142857143,47.642857142857146,44.785714285714285
1,Nexora Care - Riverside,2025-11-01,18,5,Saturday,1,11,November,4,2025,44,1,False,No Holiday,Standard,58.0,47.0,46.0,51.0,52.142857142857146,48.214285714285715,45.5
1,Nexora Care - Riverside,2025-11-03,52,0,Monday,3,11,November,4,2025,45,0,False,No Holiday,Standard,18.0,30.0,40.0,54.0,48.0,46.214285714285715,44.32142857142857
1,Nexora Care - Riverside,2025-11-04,54,1,Tuesday,4,11,November,4,2025,45,0,False,No Holiday,Standard,52.0,63.0,17.0,43.0,51.142857142857146,47.07142857142857,44.25
1,Nexora Care - Riverside,2025-11-05,43,2,Wednesday,5,11,November,4,2025,45,0,False,No Holiday,Standard,54.0,69.0,49.0,42.0,49.857142857142854,49.714285714285715,44.642857142857146
1,Nexora Care - Riverside,2025-11-06,57,3,Thursday,6,11,November,4,2025,45,0,False,No Holiday,Standard,43.0,51.0,64.0,23.0,46.142857142857146,49.285714285714285,44.67857142857143
1,Nexora Care - Riverside,2025-11-07,37,4,Friday,7,11,November,4,2025,45,0,False,No Holiday,Standard,57.0,47.0,41.0,58.0,47.0,48.785714285714285,45.892857142857146
1,Nexora Care - Riverside,2025-11-08,12,5,Saturday,8,11,November,4,2025,45,1,False,No Holiday,Standard,37.0,58.0,53.0,48.0,45.57142857142857,48.5,45.142857142857146
1,Nexora Care - Riverside,2025-11-10,65,0,Monday,10,11,November,4,2025,46,0,False,No Holiday,Standard,12.0,18.0,47.0,41.0,39.0,45.57142857142857,43.857142857142854
1,Nexora Care - Riverside,2025-11-11,3,1,Tuesday,11,11,November,4,2025,46,0,True,Veterans Day,Standard,65.0,52.0,30.0,39.0,45.714285714285715,46.857142857142854,44.714285714285715
1,Nexora Care - Riverside,2025-11-12,60,2,Wednesday,12,11,November,4,2025,46,0,False,No Holiday,Standard,3.0,54.0,63.0,28.0,38.714285714285715,44.92857142857143,43.42857142857143
1,Nexora Care - Riverside,2025-11-13,49,3,Thursday,13,11,November,4,2025,46,0,False,No Holiday,Standard,60.0,43.0,69.0,15.0,39.57142857142857,44.714285714285715,44.57142857142857
1,Nexora Care - Riverside,2025-11-14,64,4,Friday,14,11,November,4,2025,46,0,False,No Holiday,Standard,49.0,57.0,51.0,46.0,40.42857142857143,43.285714285714285,45.785714285714285
1,Nexora Care - Riverside,2025-11-15,14,5,Saturday,15,11,November,4,2025,46,1,False,No Holiday,Standard,64.0,37.0,47.0,61.0,41.42857142857143,44.214285714285715,46.42857142857143
1,Nexora Care - Riverside,2025-11-17,53,0,Monday,17,11,November,4,2025,47,0,False,No Holiday,Standard,14.0,12.0,58.0,50.0,38.142857142857146,41.857142857142854,44.75
1,Nexora Care - Riverside,2025-11-18,57,1,Tuesday,18,11,November,4,2025,47,0,False,No Holiday,Standard,53.0,65.0,18.0,46.0,44.0,41.5,44.857142857142854
1,Nexora Care - Riverside,2025-11-19,39,2,Wednesday,19,11,November,4,2025,47,0,False,No Holiday,Standard,57.0,3.0,52.0,40.0,42.857142857142854,44.285714285714285,45.25
1,Nexora Care - Riverside,2025-11-20,61,3,Thursday,20,11,November,4,2025,47,0,False,No Holiday,Standard,39.0,60.0,54.0,17.0,48.0,43.357142857142854,45.214285714285715
1,Nexora Care - Riverside,2025-11-21,65,4,Friday,21,11,November,4,2025,47,0,False,No Holiday,Standard,61.0,49.0,43.0,49.0,48.142857142857146,43.857142857142854,46.785714285714285
1,Nexora Care - Riverside,2025-11-22,18,5,Saturday,22,11,November,4,2025,47,1,False,No Holiday,Standard,65.0,64.0,57.0,64.0,50.42857142857143,45.42857142857143,47.357142857142854
1,Nexora Care - Riverside,2025-11-24,56,0,Monday,24,11,November,4,2025,48,0,False,No Holiday,Standard,18.0,14.0,37.0,41.0,43.857142857142854,42.642857142857146,45.714285714285715
1,Nexora Care - Riverside,2025-11-25,71,1,Tuesday,25,11,November,4,2025,48,0,False,No Holiday,Standard,56.0,53.0,12.0,53.0,49.857142857142854,44.0,46.25
1,Nexora Care - Riverside,2025-11-26,58,2,Wednesday,26,11,November,4,2025,48,0,False,No Holiday,Standard,71.0,57.0,65.0,47.0,52.42857142857143,48.214285714285715,46.892857142857146
1,Nexora Care - Riverside,2025-11-27,8,3,Thursday,27,11,November,4,2025,48,0,True,Thanksgiving,Standard,58.0,39.0,3.0,30.0,52.57142857142857,47.714285714285715,47.285714285714285
1,Nexora Care - Riverside,2025-11-28,11,4,Friday,28,11,November,4,2025,48,0,True,Day After Thanksgiving,Standard,8.0,61.0,60.0,63.0,48.142857142857146,48.07142857142857,46.5
1,Nexora Care - Riverside,2025-11-29,14,5,Saturday,29,11,November,4,2025,48,1,False,No Holiday,Standard,11.0,65.0,49.0,69.0,41.0,44.57142857142857,44.642857142857146
1,Nexora Care - Riverside,2025-12-01,60,0,Monday,1,12,December,4,2025,49,0,False,No Holiday,Flu Season,14.0,18.0,64.0,51.0,33.714285714285715,42.07142857142857,42.67857142857143
1,Nexora Care - Riverside,2025-12-02,80,1,Tuesday,2,12,December,4,2025,49,0,False,No Holiday,Flu Season,60.0,56.0,14.0,47.0,39.714285714285715,41.785714285714285,43.0
1,Nexora Care - Riverside,2025-12-03,79,2,Wednesday,3,12,December,4,2025,49,0,False,No Holiday,Flu Season,80.0,71.0,53.0,58.0,43.142857142857146,46.5,44.17857142857143
1,Nexora Care - Riverside,2025-12-04,71,3,Thursday,4,12,December,4,2025,49,0,False,No Holiday,Flu Season,79.0,58.0,57.0,18.0,44.285714285714285,48.357142857142854,44.92857142857143
1,Nexora Care - Riverside,2025-12-05,49,4,Friday,5,12,December,4,2025,49,0,False,No Holiday,Flu Season,71.0,8.0,39.0,52.0,46.142857142857146,49.357142857142854,46.82142857142857
1,Nexora Care - Riverside,2025-12-06,23,5,Saturday,6,12,December,4,2025,49,1,False,No Holiday,Flu Season,49.0,11.0,61.0,54.0,52.0,50.07142857142857,46.714285714285715
1,Nexora Care - Riverside,2025-12-08,99,0,Monday,8,12,December,4,2025,50,0,False,No Holiday,Flu Season,23.0,14.0,65.0,43.0,53.714285714285715,47.357142857142854,45.607142857142854
1,Nexora Care - Riverside,2025-12-09,71,1,Tuesday,9,12,December,4,2025,50,0,False,No Holiday,Flu Season,99.0,60.0,18.0,57.0,65.85714285714286,49.785714285714285,47.607142857142854
1,Nexora Care - Riverside,2025-12-10,77,2,Wednesday,10,12,December,4,2025,50,0,False,No Holiday,Flu Season,71.0,80.0,56.0,37.0,67.42857142857143,53.57142857142857,48.107142857142854
1,Nexora Care - Riverside,2025-12-11,52,3,Thursday,11,12,December,4,2025,50,0,False,No Holiday,Flu Season,77.0,79.0,71.0,12.0,67.0,55.07142857142857,49.535714285714285
1,Nexora Care - Riverside,2025-12-12,56,4,Friday,12,12,December,4,2025,50,0,False,No Holiday,Flu Season,52.0,71.0,58.0,65.0,63.142857142857146,53.714285714285715,50.964285714285715
1,Nexora Care - Riverside,2025-12-13,27,5,Saturday,13,12,December,4,2025,50,1,False,No Holiday,Flu Season,56.0,49.0,8.0,3.0,61.0,53.57142857142857,50.642857142857146
1,Nexora Care - Riverside,2025-12-15,52,0,Monday,15,12,December,4,2025,51,0,False,No Holiday,Flu Season,27.0,23.0,11.0,60.0,57.857142857142854,54.92857142857143,51.5
1,Nexora Care - Riverside,2025-12-16,82,1,Tuesday,16,12,December,4,2025,51,0,False,No Holiday,Flu Season,52.0,99.0,14.0,49.0,62.0,57.857142857142854,51.214285714285715
1,Nexora Care - Riverside,2025-12-17,68,2,Wednesday,17,12,December,4,2025,51,0,False,No Holiday,Flu Season,82.0,71.0,60.0,64.0,59.57142857142857,62.714285714285715,52.392857142857146
1,Nexora Care - Riverside,2025-12-18,61,3,Thursday,18,12,December,4,2025,51,0,False,No Holiday,Flu Season,68.0,77.0,80.0,14.0,59.142857142857146,63.285714285714285,52.535714285714285
1,Nexora Care - Riverside,2025-12-19,60,4,Friday,19,12,December,4,2025,51,0,False,No Holiday,Flu Season,61.0,52.0,79.0,53.0,56.857142857142854,61.92857142857143,54.214285714285715
1,Nexora Care - Riverside,2025-12-20,25,5,Saturday,20,12,December,4,2025,51,1,False,No Holiday,Flu Season,60.0,56.0,71.0,57.0,58.0,60.57142857142857,54.464285714285715
1,Nexora Care - Riverside,2025-12-22,85,0,Monday,22,12,December,4,2025,52,0,False,No Holiday,Flu Season,25.0,27.0,49.0,39.0,53.57142857142857,57.285714285714285,53.32142857142857
1,Nexora Care - Riverside,2025-12-23,76,1,Tuesday,23,12,December,4,2025,52,0,False,No Holiday,Flu Season,85.0,52.0,23.0,61.0,61.857142857142854,59.857142857142854,54.964285714285715
1,Nexora Care - Riverside,2025-12-24,12,2,Wednesday,24,12,December,4,2025,52,0,True,Christmas Eve,Flu Season,76.0,82.0,99.0,65.0,65.28571428571429,63.642857142857146,55.5
1,Nexora Care - Riverside,2025-12-25,6,3,Thursday,25,12,December,4,2025,52,0,True,Christmas Day,Flu Season,12.0,68.0,71.0,18.0,55.285714285714285,57.42857142857143,53.607142857142854
1,Nexora Care - Riverside,2025-12-26,87,4,Friday,26,12,December,4,2025,52,0,False,No Holiday,Flu Season,6.0,61.0,77.0,56.0,46.42857142857143,52.785714285714285,53.17857142857143
1,Nexora Care - Riverside,2025-12-27,24,5,Saturday,27,12,December,4,2025,52,1,False,No Holiday,Flu Season,87.0,60.0,52.0,71.0,50.142857142857146,53.5,54.285714285714285
1,Nexora Care - Riverside,2025-12-29,75,0,Monday,29,12,December,4,2025,1,0,False,No Holiday,Flu Season,24.0,25.0,56.0,58.0,45.0,51.5,52.607142857142854
1,Nexora Care - Riverside,2025-12-30,63,1,Tuesday,30,12,December,4,2025,1,0,False,No Holiday,Flu Season,75.0,85.0,27.0,8.0,52.142857142857146,52.857142857142854,53.214285714285715
1,Nexora Care - Riverside,2025-12-31,10,2,Wednesday,31,12,December,4,2025,1,0,True,New Year's Eve,Flu Season,63.0,76.0,52.0,11.0,49.0,55.42857142857143,55.17857142857143
2,Nexora Care - Lakeside,2024-01-01,13,0,Monday,1,1,January,1,2024,1,0,True,New Year's Day,Flu Season,,,,,,,
2,Nexora Care - Lakeside,2024-01-02,109,1,Tuesday,2,1,January,1,2024,1,0,False,No Holiday,Flu Season,13.0,,,,,,
2,Nexora Care - Lakeside,2024-01-03,77,2,Wednesday,3,1,January,1,2024,1,0,False,No Holiday,Flu Season,109.0,,,,,,
2,Nexora Care - Lakeside,2024-01-04,77,3,Thursday,4,1,January,1,2024,1,0,False,No Holiday,Flu Season,77.0,,,,,,
2,Nexora Care - Lakeside,2024-01-05,44,4,Friday,5,1,January,1,2024,1,0,False,No Holiday,Flu Season,77.0,,,,,,
2,Nexora Care - Lakeside,2024-01-06,59,5,Saturday,6,1,January,1,2024,1,1,False,No Holiday,Flu Season,44.0,,,,,,
2,Nexora Care - Lakeside,2024-01-08,89,0,Monday,8,1,January,1,2024,2,0,False,No Holiday,Flu Season,59.0,,,,,,
2,Nexora Care - Lakeside,2024-01-09,82,1,Tuesday,9,1,January,1,2024,2,0,False,No Holiday,Flu Season,89.0,13.0,,,66.85714285714286,,
2,Nexora Care - Lakeside,2024-01-10,75,2,Wednesday,10,1,January,1,2024,2,0,False,No Holiday,Flu Season,82.0,109.0,,,76.71428571428571,,
2,Nexora Care - Lakeside,2024-01-11,80,3,Thursday,11,1,January,1,2024,2,0,False,No Holiday,Flu Season,75.0,77.0,,,71.85714285714286,,
2,Nexora Care - Lakeside,2024-01-12,87,4,Friday,12,1,January,1,2024,2,0,False,No Holiday,Flu Season,80.0,77.0,,,72.28571428571429,,
2,Nexora Care - Lakeside,2024-01-13,24,5,Saturday,13,1,January,1,2024,2,1,False,No Holiday,Flu Season,87.0,44.0,,,73.71428571428571,,
2,Nexora Care - Lakeside,2024-01-15,7,0,Monday,15,1,January,1,2024,3,0,True,MLK Day,Flu Season,24.0,59.0,,,70.85714285714286,,
2,Nexora Care - Lakeside,2024-01-16,77,1,Tuesday,16,1,January,1,2024,3,0,False,No Holiday,Flu Season,7.0,89.0,,,63.42857142857143,,
2,Nexora Care - Lakeside,2024-01-17,71,2,Wednesday,17,1,January,1,2024,3,0,False,No Holiday,Flu Season,77.0,82.0,13.0,,61.714285714285715,64.28571428571429,
2,Nexora Care - Lakeside,2024-01-18,84,3,Thursday,18,1,January,1,2024,3,0,False,No Holiday,Flu Season,71.0,75.0,109.0,,60.142857142857146,68.42857142857143,
2,Nexora Care - Lakeside,2024-01-19,79,4,Friday,19,1,January,1,2024,3,0,False,No Holiday,Flu Season,84.0,80.0,77.0,,61.42857142857143,66.64285714285714,
2,Nexora Care - Lakeside,2024-01-20,54,5,Saturday,20,1,January,1,2024,3,1,False,No Holiday,Flu Season,79.0,87.0,77.0,,61.285714285714285,66.78571428571429,
2,Nexora Care - Lakeside,2024-01-22,77,0,Monday,22,1,January,1,2024,4,0,False,No Holiday,Flu Season,54.0,24.0,44.0,,56.57142857142857,65.14285714285714,
2,Nexora Care - Lakeside,2024-01-23,98,1,Tuesday,23,1,January,1,2024,4,0,False,No Holiday,Flu Season,77.0,7.0,59.0,,64.14285714285714,67.5,
2,Nexora Care - Lakeside,2024-01-24,121,2,Wednesday,24,1,January,1,2024,4,0,False,No Holiday,Flu Season,98.0,77.0,89.0,,77.14285714285714,70.28571428571429,
2,Nexora Care - Lakeside,2024-01-25,85,3,Thursday,25,1,January,1,2024,4,0,False,No Holiday,Flu Season,121.0,71.0,82.0,,83.42857142857143,72.57142857142857,
2,Nexora Care - Lakeside,2024-01-26,91,4,Friday,26,1,January,1,2024,4,0,False,No Holiday,Flu Season,85.0,84.0,75.0,,85.42857142857143,72.78571428571429,
2,Nexora Care - Lakeside,2024-01-27,54,5,Saturday,27,1,January,1,2024,4,1,False,No Holiday,Flu Season,91.0,79.0,80.0,,86.42857142857143,73.92857142857143,
2,Nexora Care - Lakeside,2024-01-29,110,0,Monday,29,1,January,1,2024,5,0,False,No Holiday,Flu Season,54.0,54.0,87.0,,82.85714285714286,72.07142857142857,
2,Nexora Care - Lakeside,2024-01-30,91,1,Tuesday,30,1,January,1,2024,5,0,False,No Holiday,Flu Season,110.0,77.0,24.0,,90.85714285714286,73.71428571428571,
2,Nexora Care - Lakeside,2024-01-31,111,2,Wednesday,31,1,January,1,2024,5,0,False,No Holiday,Flu Season,91.0,98.0,7.0,,92.85714285714286,78.5,
2,Nexora Care - Lakeside,2024-02-01,99,3,Thursday,1,2,February,1,2024,5,0,False,No Holiday,Flu Season,111.0,121.0,77.0,,94.71428571428571,85.92857142857143,
2,Nexora Care - Lakeside,2024-02-02,73,4,Friday,2,2,February,1,2024,5,0,False,No Holiday,Flu Season,99.0,85.0,71.0,13.0,91.57142857142857,87.5,75.89285714285714
2,Nexora Care - Lakeside,2024-02-03,54,5,Saturday,3,2,February,1,2024,5,1,False,No Holiday,Flu Season,73.0,91.0,84.0,109.0,89.85714285714286,87.64285714285714,78.03571428571429
2,Nexora Care - Lakeside,2024-02-05,71,0,Monday,5,2,February,1,2024,6,0,False,No Holiday,Flu Season,54.0,54.0,79.0,77.0,84.57142857142857,85.5,76.07142857142857
2,Nexora Care - Lakeside,2024-02-06,85,1,Tuesday,6,2,February,1,2024,6,0,False,No Holiday,Flu Season,71.0,110.0,54.0,77.0,87.0,84.92857142857143,75.85714285714286
2,Nexora Care - Lakeside,2024-02-07,85,2,Wednesday,7,2,February,1,2024,6,0,False,No Holiday,Flu Season,85.0,91.0,77.0,44.0,83.42857142857143,87.14285714285714,76.14285714285714
2,Nexora Care - Lakeside,2024-02-08,96,3,Thursday,8,2,February,1,2024,6,0,False,No Holiday,Flu Season,85.0,111.0,98.0,59.0,82.57142857142857,87.71428571428571,77.60714285714286
2,Nexora Care - Lakeside,2024-02-09,93,4,Friday,9,2,February,1,2024,6,0,False,No Holiday,Flu Season,96.0,99.0,121.0,89.0,80.42857142857143,87.57142857142857,78.92857142857143
2,Nexora Care - Lakeside,2024-02-10,38,5,Saturday,10,2,February,1,2024,6,1,False,No Holiday,Flu Season,93.0,73.0,85.0,82.0,79.57142857142857,85.57142857142857,79.07142857142857
2,Nexora Care - Lakeside,2024-02-12,103,0,Monday,12,2,February,1,2024,7,0,False,No Holiday,Flu Season,38.0,54.0,91.0,75.0,74.57142857142857,82.21428571428571,77.5
2,Nexora Care - Lakeside,2024-02-13,79,1,Tuesday,13,2,February,1,2024,7,0,False,No Holiday,Flu Season,103.0,71.0,54.0,80.0,81.57142857142857,83.07142857142857,78.5
2,Nexora Care - Lakeside,2024-02-14,89,2,Wednesday,14,2,February,1,2024,7,0,False,No Holiday,Flu Season,79.0,85.0,110.0,87.0,82.71428571428571,84.85714285714286,78.46428571428571
2,Nexora Care - Lakeside,2024-02-15,77,3,Thursday,15,2,February,1,2024,7,0,False,No Holiday,Flu Season,89.0,85.0,91.0,24.0,83.28571428571429,83.35714285714286,78.53571428571429
2,Nexora Care - Lakeside,2024-02-16,84,4,Friday,16,2,February,1,2024,7,0,False,No Holiday,Flu Season,77.0,96.0,111.0,7.0,82.14285714285714,82.35714285714286,80.42857142857143
2,Nexora Care - Lakeside,2024-02-17,44,5,Saturday,17,2,February,1,2024,7,1,False,No Holiday,Flu Season,84.0,93.0,99.0,77.0,80.42857142857143,80.42857142857143,83.17857142857143
2,Nexora Care - Lakeside,2024-02-19,14,0,Monday,19,2,February,1,2024,8,0,True,Presidents' Day,Flu Season,44.0,38.0,73.0,71.0,73.42857142857143,76.5,82.0
2,Nexora Care - Lakeside,2024-02-20,109,1,Tuesday,20,2,February,1,2024,8,0,False,No Holiday,Flu Season,14.0,103.0,54.0,84.0,70.0,72.28571428571429,79.96428571428571
2,Nexora Care - Lakeside,2024-02-21,82,2,Wednesday,21,2,February,1,2024,8,0,False,No Holiday,Flu Season,109.0,79.0,71.0,79.0,70.85714285714286,76.21428571428571,80.85714285714286
2,Nexora Care - Lakeside,2024-02-22,89,3,Thursday,22,2,February,1,2024,8,0,False,No Holiday,Flu Season,82.0,89.0,85.0,54.0,71.28571428571429,77.0,80.96428571428571
2,Nexora Care - Lakeside,2024-02-23,73,4,Friday,23,2,February,1,2024,8,0,False,No Holiday,Flu Season,89.0,77.0,85.0,77.0,71.28571428571429,77.28571428571429,82.21428571428571
2,Nexora Care - Lakeside,2024-02-24,50,5,Saturday,24,2,February,1,2024,8,1,False,No Holiday,Flu Season,73.0,84.0,96.0,98.0,70.71428571428571,76.42857142857143,82.07142857142857
2,Nexora Care - Lakeside,2024-02-26,98,0,Monday,26,2,February,1,2024,9,0,False,No Holiday,Flu Season,50.0,44.0,93.0,121.0,65.85714285714286,73.14285714285714,80.35714285714286
2,Nexora Care - Lakeside,2024-02-27,99,1,Tuesday,27,2,February,1,2024,9,0,False,No Holiday,Flu Season,98.0,14.0,38.0,85.0,73.57142857142857,73.5,79.53571428571429
2,Nexora Care - Lakeside,2024-02-28,95,2,Wednesday,28,2,February,1,2024,9,0,False,No Holiday,Flu Season,99.0,109.0,103.0,91.0,85.71428571428571,77.85714285714286,80.03571428571429
2,Nexora Care - Lakeside,2024-02-29,69,3,Thursday,29,2,February,1,2024,9,0,False,No Holiday,Flu Season,95.0,82.0,79.0,54.0,83.71428571428571,77.28571428571429,80.17857142857143
2,Nexora Care - Lakeside,2024-03-01,62,4,Friday,1,3,March,1,2024,9,0,False,No Holiday,Allergy Season,69.0,89.0,89.0,110.0,81.85714285714286,76.57142857142857,80.71428571428571
2,Nexora Care - Lakeside,2024-03-02,42,5,Saturday,2,3,March,1,2024,9,1,False,No Holiday,Allergy Season,62.0,73.0,77.0,91.0,78.0,74.64285714285714,79.0
2,Nexora Care - Lakeside,2024-03-04,91,0,Monday,4,3,March,1,2024,10,0,False,No Holiday,Allergy Season,42.0,50.0,84.0,111.0,73.57142857142857,72.14285714285714,77.25
2,Nexora Care - Lakeside,2024-03-05,76,1,Tuesday,5,3,March,1,2024,10,0,False,No Holiday,Allergy Season,91.0,98.0,44.0,99.0,79.42857142857143,72.64285714285714,76.53571428571429
2,Nexora Care - Lakeside,2024-03-06,71,2,Wednesday,6,3,March,1,2024,10,0,False,No Holiday,Allergy Season,76.0,99.0,14.0,73.0,76.28571428571429,74.92857142857143,75.71428571428571
2,Nexora Care - Lakeside,2024-03-07,72,3,Thursday,7,3,March,1,2024,10,0,False,No Holiday,Allergy Season,71.0,95.0,109.0,54.0,72.28571428571429,79.0,75.64285714285714
2,Nexora Care - Lakeside,2024-03-08,53,4,Friday,8,3,March,1,2024,10,0,False,No Holiday,Allergy Season,72.0,69.0,82.0,71.0,69.0,76.35714285714286,76.28571428571429
2,Nexora Care - Lakeside,2024-03-09,41,5,Saturday,9,3,March,1,2024,10,1,False,No Holiday,Allergy Season,53.0,62.0,89.0,85.0,66.71428571428571,74.28571428571429,75.64285714285714
2,Nexora Care - Lakeside,2024-03-11,62,0,Monday,11,3,March,1,2024,11,0,False,No Holiday,Allergy Season,41.0,42.0,73.0,85.0,63.714285714285715,70.85714285714286,74.07142857142857
2,Nexora Care - Lakeside,2024-03-12,83,1,Tuesday,12,3,March,1,2024,11,0,False,No Holiday,Allergy Season,62.0,91.0,50.0,96.0,66.57142857142857,70.07142857142857,73.25
2,Nexora Care - Lakeside,2024-03-13,60,2,Wednesday,13,3,March,1,2024,11,0,False,No Holiday,Allergy Season,83.0,76.0,98.0,93.0,65.42857142857143,72.42857142857143,72.78571428571429
2,Nexora Care - Lakeside,2024-03-14,80,3,Thursday,14,3,March,1,2024,11,0,False,No Holiday,Allergy Season,60.0,71.0,99.0,38.0,63.142857142857146,69.71428571428571,71.60714285714286
2,Nexora Care - Lakeside,2024-03-15,94,4,Friday,15,3,March,1,2024,11,0,False,No Holiday,Allergy Season,80.0,72.0,95.0,103.0,64.42857142857143,68.35714285714286,73.10714285714286
2,Nexora Care - Lakeside,2024-03-16,42,5,Saturday,16,3,March,1,2024,11,1,False,No Holiday,Allergy Season,94.0,53.0,69.0,79.0,67.57142857142857,68.28571428571429,72.78571428571429
2,Nexora Care - Lakeside,2024-03-18,53,0,Monday,18,3,March,1,2024,12,0,False,No Holiday,Allergy Season,42.0,41.0,62.0,89.0,66.0,66.35714285714286,71.46428571428571
2,Nexora Care - Lakeside,2024-03-19,54,1,Tuesday,19,3,March,1,2024,12,0,False,No Holiday,Allergy Season,53.0,62.0,42.0,77.0,67.71428571428571,65.71428571428571,70.17857142857143
2,Nexora Care - Lakeside,2024-03-20,58,2,Wednesday,20,3,March,1,2024,12,0,False,No Holiday,Allergy Season,54.0,83.0,91.0,84.0,66.57142857142857,66.57142857142857,69.35714285714286
2,Nexora Care - Lakeside,2024-03-21,74,3,Thursday,21,3,March,1,2024,12,0,False,No Holiday,Allergy Season,58.0,60.0,76.0,44.0,63.0,64.21428571428571,68.42857142857143
2,Nexora Care - Lakeside,2024-03-22,79,4,Friday,22,3,March,1,2024,12,0,False,No Holiday,Allergy Season,74.0,80.0,71.0,14.0,65.0,64.07142857142857,69.5
2,Nexora Care - Lakeside,2024-03-23,41,5,Saturday,23,3,March,1,2024,12,1,False,No Holiday,Allergy Season,79.0,94.0,72.0,109.0,64.85714285714286,64.64285714285714,71.82142857142857
2,Nexora Care - Lakeside,2024-03-25,82,0,Monday,25,3,March,1,2024,13,0,False,No Holiday,Allergy Season,41.0,42.0,53.0,82.0,57.285714285714285,62.42857142857143,69.39285714285714
2,Nexora Care - Lakeside,2024-03-26,81,1,Tuesday,26,3,March,1,2024,13,0,False,No Holiday,Allergy Season,82.0,53.0,41.0,89.0,63.0,64.5,69.39285714285714
2,Nexora Care - Lakeside,2024-03-27,82,2,Wednesday,27,3,March,1,2024,13,0,False,No Holiday,Allergy Season,81.0,54.0,62.0,73.0,67.0,67.35714285714286,69.10714285714286
2,Nexora Care - Lakeside,2024-03-28,109,3,Thursday,28,3,March,1,2024,13,0,False,No Holiday,Allergy Season,82.0,58.0,83.0,50.0,71.0,68.78571428571429,69.42857142857143
2,Nexora Care - Lakeside,2024-03-29,70,4,Friday,29,3,March,1,2024,13,0,False,No Holiday,Allergy Season,109.0,74.0,60.0,98.0,78.28571428571429,70.64285714285714,71.53571428571429
2,Nexora Care - Lakeside,2024-03-30,45,5,Saturday,30,3,March,1,2024,13,1,False,No Holiday,Allergy Season,70.0,79.0,80.0,99.0,77.71428571428571,71.35714285714286,70.53571428571429
2,Nexora Care - Lakeside,2024-04-01,83,0,Monday,1,4,April,2,2024,14,0,False,No Holiday,Allergy Season,45.0,41.0,94.0,95.0,72.85714285714286,68.85714285714286,68.60714285714286
2,Nexora Care - Lakeside,2024-04-02,94,1,Tuesday,2,4,April,2,2024,14,0,False,No Holiday,Allergy Season,83.0,82.0,42.0,69.0,78.85714285714286,68.07142857142857,68.17857142857143
2,Nexora Care - Lakeside,2024-04-03,97,2,Wednesday,3,4,April,2,2024,14,0,False,No Holiday,Allergy Season,94.0,81.0,53.0,62.0,80.57142857142857,71.78571428571429,69.07142857142857
2,Nexora Care - Lakeside,2024-04-04,59,3,Thursday,4,4,April,2,2024,14,0,False,No Holiday,Allergy Season,97.0,82.0,54.0,42.0,82.85714285714286,74.92857142857143,70.32142857142857
2,Nexora Care - Lakeside,2024-04-05,74,4,Friday,5,4,April,2,2024,14,0,False,No Holiday,Allergy Season,59.0,109.0,58.0,91.0,79.57142857142857,75.28571428571429,70.92857142857143
2,Nexora Care - Lakeside,2024-04-06,47,5,Saturday,6,4,April,2,2024,14,1,False,No Holiday,Allergy Season,74.0,70.0,74.0,76.0,74.57142857142857,76.42857142857143,70.32142857142857
2,Nexora Care - Lakeside,2024-04-08,92,0,Monday,8,4,April,2,2024,15,0,False,No Holiday,Allergy Season,47.0,45.0,79.0,71.0,71.28571428571429,74.5,69.28571428571429
2,Nexora Care - Lakeside,2024-04-09,70,1,Tuesday,9,4,April,2,2024,15,0,False,No Holiday,Allergy Season,92.0,83.0,41.0,72.0,78.0,75.42857142857143,70.03571428571429
2,Nexora Care - Lakeside,2024-04-10,81,2,Wednesday,10,4,April,2,2024,15,0,False,No Holiday,Allergy Season,70.0,94.0,82.0,53.0,76.14285714285714,77.5,69.96428571428571
2,Nexora Care - Lakeside,2024-04-11,72,3,Thursday,11,4,April,2,2024,15,0,False,No Holiday,Allergy Season,81.0,97.0,81.0,41.0,74.28571428571429,77.42857142857143,70.96428571428571
2,Nexora Care - Lakeside,2024-04-12,81,4,Friday,12,4,April,2,2024,15,0,False,No Holiday,Allergy Season,72.0,59.0,82.0,62.0,70.71428571428571,76.78571428571429,72.07142857142857
2,Nexora Care - Lakeside,2024-04-13,54,5,Saturday,13,4,April,2,2024,15,1,False,No Holiday,Allergy Season,81.0,74.0,109.0,83.0,73.85714285714286,76.71428571428571,72.75
2,Nexora Care - Lakeside,2024-04-15,82,0,Monday,15,4,April,2,2024,16,0,False,No Holiday,Allergy Season,54.0,47.0,70.0,60.0,71.0,72.78571428571429,71.71428571428571
2,Nexora Care - Lakeside,2024-04-16,97,1,Tuesday,16,4,April,2,2024,16,0,False,No Holiday,Allergy Season,82.0,92.0,45.0,80.0,76.0,73.64285714285714,72.5
2,Nexora Care - Lakeside,2024-04-17,86,2,Wednesday,17,4,April,2,2024,16,0,False,No Holiday,Allergy Season,97.0,70.0,83.0,94.0,76.71428571428571,77.35714285714286,73.10714285714286
2,Nexora Care - Lakeside,2024-04-18,77,3,Thursday,18,4,April,2,2024,16,0,False,No Holiday,Allergy Season,86.0,81.0,94.0,42.0,79.0,77.57142857142857,72.82142857142857
2,Nexora Care - Lakeside,2024-04-19,68,4,Friday,19,4,April,2,2024,16,0,False,No Holiday,Allergy Season,77.0,72.0,97.0,53.0,78.42857142857143,76.35714285714286,74.07142857142857
2,Nexora Care - Lakeside,2024-04-20,38,5,Saturday,20,4,April,2,2024,16,1,False,No Holiday,Allergy Season,68.0,81.0,59.0,54.0,77.85714285714286,74.28571428571429,74.60714285714286
2,Nexora Care - Lakeside,2024-04-22,86,0,Monday,22,4,April,2,2024,17,0,False,No Holiday,Allergy Season,38.0,54.0,74.0,58.0,71.71428571428571,72.78571428571429,74.03571428571429
2,Nexora Care - Lakeside,2024-04-23,83,1,Tuesday,23,4,April,2,2024,17,0,False,No Holiday,Allergy Season,86.0,82.0,47.0,74.0,76.28571428571429,73.64285714285714,75.03571428571429
2,Nexora Care - Lakeside,2024-04-24,83,2,Wednesday,24,4,April,2,2024,17,0,False,No Holiday,Allergy Season,83.0,97.0,92.0,79.0,76.42857142857143,76.21428571428571,75.35714285714286
2,Nexora Care - Lakeside,2024-04-25,92,3,Thursday,25,4,April,2,2024,17,0,False,No Holiday,Allergy Season,83.0,86.0,70.0,41.0,74.42857142857143,75.57142857142857,75.5
2,Nexora Care - Lakeside,2024-04-26,69,4,Friday,26,4,April,2,2024,17,0,False,No Holiday,Allergy Season,92.0,77.0,81.0,82.0,75.28571428571429,77.14285714285714,77.32142857142857
2,Nexora Care - Lakeside,2024-04-27,38,5,Saturday,27,4,April,2,2024,17,1,False,No Holiday,Allergy Season,69.0,68.0,72.0,81.0,74.14285714285714,76.28571428571429,76.85714285714286
2,Nexora Care - Lakeside,2024-04-29,83,0,Monday,29,4,April,2,2024,18,0,False,No Holiday,Allergy Season,38.0,38.0,81.0,82.0,69.85714285714286,73.85714285714286,75.32142857142857
2,Nexora Care - Lakeside,2024-04-30,103,1,Tuesday,30,4,April,2,2024,18,0,False,No Holiday,Allergy Season,83.0,86.0,54.0,109.0,76.28571428571429,74.0,75.35714285714286
2,Nexora Care - Lakeside,2024-05-01,92,2,Wednesday,1,5,May,2,2024,18,0,False,No Holiday,Allergy Season,103.0,83.0,82.0,70.0,78.71428571428571,77.5,75.14285714285714
2,Nexora Care - Lakeside,2024-05-02,93,3,Thursday,2,5,May,2,2024,18,0,False,No Holiday,Allergy Season,92.0,83.0,97.0,45.0,80.0,78.21428571428571,75.92857142857143
2,Nexora Care - Lakeside,2024-05-03,67,4,Friday,3,5,May,2,2024,18,0,False,No Holiday,Allergy Season,93.0,92.0,86.0,83.0,81.42857142857143,77.92857142857143,77.64285714285714
2,Nexora Care - Lakeside,2024-05-04,42,5,Saturday,4,5,May,2,2024,18,1,False,No Holiday,Allergy Season,67.0,69.0,77.0,94.0,77.85714285714286,76.57142857142857,77.07142857142857
2,Nexora Care - Lakeside,2024-05-06,83,0,Monday,6,5,May,2,2024,19,0,False,No Holiday,Allergy Season,42.0,38.0,68.0,97.0,74.0,74.07142857142857,75.21428571428571
2,Nexora Care - Lakeside,2024-05-07,73,1,Tuesday,7,5,May,2,2024,19,0,False,No Holiday,Allergy Season,83.0,83.0,38.0,59.0,80.42857142857143,75.14285714285714,74.71428571428571
2,Nexora Care - Lakeside,2024-05-08,85,2,Wednesday,8,5,May,2,2024,19,0,False,No Holiday,Allergy Season,73.0,103.0,86.0,74.0,79.0,77.64285714285714,75.21428571428571
2,Nexora Care - Lakeside,2024-05-09,63,3,Thursday,9,5,May,2,2024,19,0,False,No Holiday,Allergy Season,85.0,92.0,83.0,47.0,76.42857142857143,77.57142857142857,75.60714285714286
2,Nexora Care - Lakeside,2024-05-10,57,4,Friday,10,5,May,2,2024,19,0,False,No Holiday,Allergy Season,63.0,93.0,83.0,92.0,72.28571428571429,76.14285714285714,76.17857142857143
2,Nexora Care - Lakeside,2024-05-11,34,5,Saturday,11,5,May,2,2024,19,1,False,No Holiday,Allergy Season,57.0,67.0,92.0,70.0,67.14285714285714,74.28571428571429,74.92857142857143
2,Nexora Care - Lakeside,2024-05-13,71,0,Monday,13,5,May,2,2024,20,0,False,No Holiday,Allergy Season,34.0,42.0,69.0,81.0,62.42857142857143,70.14285714285714,73.64285714285714
2,Nexora Care - Lakeside,2024-05-14,79,1,Tuesday,14,5,May,2,2024,20,0,False,No Holiday,Allergy Season,71.0,83.0,38.0,72.0,66.57142857142857,70.28571428571429,73.28571428571429
2,Nexora Care - Lakeside,2024-05-15,64,2,Wednesday,15,5,May,2,2024,20,0,False,No Holiday,Allergy Season,79.0,73.0,83.0,81.0,66.0,73.21428571428571,73.53571428571429
2,Nexora Care - Lakeside,2024-05-16,86,3,Thursday,16,5,May,2,2024,20,0,False,No Holiday,Allergy Season,64.0,85.0,103.0,54.0,64.71428571428571,71.85714285714286,72.92857142857143
2,Nexora Care - Lakeside,2024-05-17,91,4,Friday,17,5,May,2,2024,20,0,False,No Holiday,Allergy Season,86.0,63.0,92.0,82.0,64.85714285714286,70.64285714285714,74.07142857142857
2,Nexora Care - Lakeside,2024-05-18,34,5,Saturday,18,5,May,2,2024,20,1,False,No Holiday,Allergy Season,91.0,57.0,93.0,97.0,68.85714285714286,70.57142857142857,74.39285714285714
2,Nexora Care - Lakeside,2024-05-20,73,0,Monday,20,5,May,2,2024,21,0,False,No Holiday,Allergy Season,34.0,34.0,67.0,86.0,65.57142857142857,66.35714285714286,72.14285714285714
2,Nexora Care - Lakeside,2024-05-21,76,1,Tuesday,21,5,May,2,2024,21,0,False,No Holiday,Allergy Season,73.0,71.0,42.0,77.0,71.14285714285714,66.78571428571429,71.67857142857143
2,Nexora Care - Lakeside,2024-05-22,76,2,Wednesday,22,5,May,2,2024,21,0,False,No Holiday,Allergy Season,76.0,79.0,83.0,68.0,71.85714285714286,69.21428571428571,71.64285714285714
2,Nexora Care - Lakeside,2024-05-23,63,3,Thursday,23,5,May,2,2024,21,0,False,No Holiday,Allergy Season,76.0,64.0,73.0,38.0,71.42857142857143,68.71428571428571,71.92857142857143
2,Nexora Care - Lakeside,2024-05-24,62,4,Friday,24,5,May,2,2024,21,0,False,No Holiday,Allergy Season,63.0,86.0,85.0,86.0,71.28571428571429,68.0,72.82142857142857
2,Nexora Care - Lakeside,2024-05-25,39,5,Saturday,25,5,May,2,2024,21,1,False,No Holiday,Allergy Season,62.0,91.0,63.0,83.0,67.85714285714286,66.35714285714286,71.96428571428571
2,Nexora Care - Lakeside,2024-05-27,12,0,Monday,27,5,May,2,2024,22,0,True,Memorial Day,Allergy Season,39.0,34.0,57.0,83.0,60.42857142857143,64.64285714285714,70.39285714285714
2,Nexora Care - Lakeside,2024-05-28,93,1,Tuesday,28,5,May,2,2024,22,0,False,No Holiday,Allergy Season,12.0,73.0,34.0,92.0,57.285714285714285,61.42857142857143,67.85714285714286
2,Nexora Care - Lakeside,2024-05-29,74,2,Wednesday,29,5,May,2,2024,22,0,False,No Holiday,Allergy Season,93.0,76.0,71.0,69.0,60.142857142857146,65.64285714285714,67.89285714285714
2,Nexora Care - Lakeside,2024-05-30,79,3,Thursday,30,5,May,2,2024,22,0,False,No Holiday,Allergy Season,74.0,76.0,79.0,38.0,59.857142857142854,65.85714285714286,68.07142857142857
2,Nexora Care - Lakeside,2024-05-31,62,4,Friday,31,5,May,2,2024,22,0,False,No Holiday,Allergy Season,79.0,63.0,64.0,83.0,60.285714285714285,65.85714285714286,69.53571428571429
2,Nexora Care - Lakeside,2024-06-01,32,5,Saturday,1,6,June,2,2024,22,1,False,No Holiday,Standard,62.0,62.0,86.0,103.0,60.142857142857146,65.71428571428571,68.78571428571429
2,Nexora Care - Lakeside,2024-06-03,73,0,Monday,3,6,June,2,2024,23,0,False,No Holiday,Standard,32.0,39.0,91.0,92.0,55.857142857142854,61.857142857142854,66.25
2,Nexora Care - Lakeside,2024-06-04,70,1,Tuesday,4,6,June,2,2024,23,0,False,No Holiday,Standard,73.0,12.0,34.0,93.0,60.714285714285715,60.57142857142857,65.57142857142857
2,Nexora Care - Lakeside,2024-06-05,61,2,Wednesday,5,6,June,2,2024,23,0,False,No Holiday,Standard,70.0,93.0,73.0,67.0,69.0,63.142857142857146,64.75
2,Nexora Care - Lakeside,2024-06-06,48,3,Thursday,6,6,June,2,2024,23,0,False,No Holiday,Standard,61.0,74.0,76.0,42.0,64.42857142857143,62.285714285714285,64.53571428571429
2,Nexora Care - Lakeside,2024-06-07,49,4,Friday,7,6,June,2,2024,23,0,False,No Holiday,Standard,48.0,79.0,76.0,83.0,60.714285714285715,60.285714285714285,64.75
2,Nexora Care - Lakeside,2024-06-08,33,5,Saturday,8,6,June,2,2024,23,1,False,No Holiday,Standard,49.0,62.0,63.0,73.0,56.42857142857143,58.357142857142854,63.535714285714285
2,Nexora Care - Lakeside,2024-06-10,52,0,Monday,10,6,June,2,2024,24,0,False,No Holiday,Standard,33.0,32.0,62.0,85.0,52.285714285714285,56.214285714285715,62.107142857142854
2,Nexora Care - Lakeside,2024-06-11,94,1,Tuesday,11,6,June,2,2024,24,0,False,No Holiday,Standard,52.0,73.0,39.0,63.0,55.142857142857146,55.5,60.92857142857143
2,Nexora Care - Lakeside,2024-06-12,64,2,Wednesday,12,6,June,2,2024,24,0,False,No Holiday,Standard,94.0,70.0,12.0,57.0,58.142857142857146,59.42857142857143,62.035714285714285
2,Nexora Care - Lakeside,2024-06-13,66,3,Thursday,13,6,June,2,2024,24,0,False,No Holiday,Standard,64.0,61.0,93.0,34.0,57.285714285714285,63.142857142857146,62.285714285714285
2,Nexora Care - Lakeside,2024-06-14,58,4,Friday,14,6,June,2,2024,24,0,False,No Holiday,Standard,66.0,48.0,74.0,71.0,58.0,61.214285714285715,63.42857142857143
2,Nexora Care - Lakeside,2024-06-15,31,5,Saturday,15,6,June,2,2024,24,1,False,No Holiday,Standard,58.0,49.0,79.0,79.0,59.42857142857143,60.07142857142857,62.964285714285715
2,Nexora Care - Lakeside,2024-06-17,74,0,Monday,17,6,June,2,2024,25,0,False,No Holiday,Standard,31.0,33.0,62.0,64.0,56.857142857142854,56.642857142857146,61.25
2,Nexora Care - Lakeside,2024-06-18,78,1,Tuesday,18,6,June,2,2024,25,0,False,No Holiday,Standard,74.0,52.0,32.0,86.0,62.714285714285715,57.5,61.607142857142854
2,Nexora Care - Lakeside,2024-06-19,15,2,Wednesday,19,6,June,2,2024,25,0,True,Juneteenth,Standard,78.0,94.0,73.0,91.0,66.42857142857143,60.785714285714285,61.32142857142857
2,Nexora Care - Lakeside,2024-06-20,84,3,Thursday,20,6,June,2,2024,25,0,False,No Holiday,Standard,15.0,64.0,70.0,34.0,55.142857142857146,56.642857142857146,58.607142857142854
2,Nexora Care - Lakeside,2024-06-21,62,4,Friday,21,6,June,2,2024,25,0,False,No Holiday,Standard,84.0,66.0,61.0,73.0,58.0,57.642857142857146,60.392857142857146
2,Nexora Care - Lakeside,2024-06-22,43,5,Saturday,22,6,June,2,2024,25,1,False,No Holiday,Standard,62.0,58.0,48.0,76.0,57.42857142857143,57.714285714285715,60.0
2,Nexora Care - Lakeside,2024-06-24,69,0,Monday,24,6,June,2,2024,26,0,False,No Holiday,Standard,43.0,31.0,49.0,76.0,55.285714285714285,57.357142857142854,58.82142857142857
2,Nexora Care - Lakeside,2024-06-25,93,1,Tuesday,25,6,June,2,2024,26,0,False,No Holiday,Standard,69.0,74.0,33.0,63.0,60.714285714285715,58.785714285714285,58.57142857142857
2,Nexora Care - Lakeside,2024-06-26,83,2,Wednesday,26,6,June,2,2024,26,0,False,No Holiday,Standard,93.0,78.0,52.0,62.0,63.42857142857143,63.07142857142857,59.642857142857146
2,Nexora Care - Lakeside,2024-06-27,72,3,Thursday,27,6,June,2,2024,26,0,False,No Holiday,Standard,83.0,15.0,94.0,39.0,64.14285714285714,65.28571428571429,60.392857142857146
2,Nexora Care - Lakeside,2024-06-28,68,4,Friday,28,6,June,2,2024,26,0,False,No Holiday,Standard,72.0,84.0,64.0,12.0,72.28571428571429,63.714285714285715,61.57142857142857
2,Nexora Care - Lakeside,2024-06-29,43,5,Saturday,29,6,June,2,2024,26,1,False,No Holiday,Standard,68.0,62.0,66.0,93.0,70.0,64.0,63.57142857142857
2,Nexora Care - Lakeside,2024-07-01,69,0,Monday,1,7,July,3,2024,27,0,False,No Holiday,Standard,43.0,43.0,58.0,74.0,67.28571428571429,62.357142857142854,61.785714285714285
2,Nexora Care - Lakeside,2024-07-02,75,1,Tuesday,2,7,July,3,2024,27,0,False,No Holiday,Standard,69.0,69.0,31.0,79.0,71.0,63.142857142857146,61.607142857142854
2,Nexora Care - Lakeside,2024-07-03,76,2,Wednesday,3,7,July,3,2024,27,0,False,No Holiday,Standard,75.0,93.0,74.0,62.0,71.85714285714286,66.28571428571429,61.464285714285715
2,Nexora Care - Lakeside,2024-07-04,13,3,Thursday,4,7,July,3,2024,27,0,True,Independence Day,Standard,76.0,83.0,78.0,32.0,69.42857142857143,66.42857142857143,61.964285714285715
2,Nexora Care - Lakeside,2024-07-05,80,4,Friday,5,7,July,3,2024,27,0,False,No Holiday,Standard,13.0,72.0,15.0,73.0,59.42857142857143,61.785714285714285,61.285714285714285
2,Nexora Care - Lakeside,2024-07-06,34,5,Saturday,6,7,July,3,2024,27,1,False,No Holiday,Standard,80.0,68.0,84.0,70.0,60.57142857142857,66.42857142857143,61.535714285714285
2,Nexora Care - Lakeside,2024-07-08,71,0,Monday,8,7,July,3,2024,28,0,False,No Holiday,Standard,34.0,43.0,62.0,61.0,55.714285714285715,62.857142857142854,60.25
2,Nexora Care - Lakeside,2024-07-09,68,1,Tuesday,9,7,July,3,2024,28,0,False,No Holiday,Standard,71.0,69.0,43.0,48.0,59.714285714285715,63.5,60.607142857142854
2,Nexora Care - Lakeside,2024-07-10,78,2,Wednesday,10,7,July,3,2024,28,0,False,No Holiday,Standard,68.0,75.0,69.0,49.0,59.57142857142857,65.28571428571429,61.32142857142857
2,Nexora Care - Lakeside,2024-07-11,67,3,Thursday,11,7,July,3,2024,28,0,False,No Holiday,Standard,78.0,76.0,93.0,33.0,60.0,65.92857142857143,62.357142857142854
2,Nexora Care - Lakeside,2024-07-12,64,4,Friday,12,7,July,3,2024,28,0,False,No Holiday,Standard,67.0,13.0,83.0,52.0,58.714285714285715,64.07142857142857,63.57142857142857
2,Nexora Care - Lakeside,2024-07-13,37,5,Saturday,13,7,July,3,2024,28,1,False,No Holiday,Standard,64.0,80.0,72.0,94.0,66.0,62.714285714285715,64.0
2,Nexora Care - Lakeside,2024-07-15,63,0,Monday,15,7,July,3,2024,29,0,False,No Holiday,Standard,37.0,34.0,68.0,64.0,59.857142857142854,60.214285714285715,61.964285714285715
2,Nexora Care - Lakeside,2024-07-16,81,1,Tuesday,16,7,July,3,2024,29,0,False,No Holiday,Standard,63.0,71.0,43.0,66.0,64.0,59.857142857142854,61.92857142857143
2,Nexora Care - Lakeside,2024-07-17,73,2,Wednesday,17,7,July,3,2024,29,0,False,No Holiday,Standard,81.0,68.0,69.0,58.0,65.42857142857143,62.57142857142857,62.464285714285715
2,Nexora Care - Lakeside,2024-07-18,55,3,Thursday,18,7,July,3,2024,29,0,False,No Holiday,Standard,73.0,78.0,75.0,31.0,66.14285714285714,62.857142857142854,63.0
2,Nexora Care - Lakeside,2024-07-19,58,4,Friday,19,7,July,3,2024,29,0,False,No Holiday,Standard,55.0,67.0,76.0,74.0,62.857142857142854,61.42857142857143,63.857142857142854
2,Nexora Care - Lakeside,2024-07-20,24,5,Saturday,20,7,July,3,2024,29,1,False,No Holiday,Standard,58.0,64.0,13.0,78.0,61.57142857142857,60.142857142857146,63.285714285714285
2,Nexora Care - Lakeside,2024-07-22,73,0,Monday,22,7,July,3,2024,30,0,False,No Holiday,Standard,24.0,37.0,80.0,15.0,55.857142857142854,60.92857142857143,61.357142857142854
2,Nexora Care - Lakeside,2024-07-23,95,1,Tuesday,23,7,July,3,2024,30,0,False,No Holiday,Standard,73.0,63.0,34.0,84.0,61.0,60.42857142857143,63.42857142857143
2,Nexora Care - Lakeside,2024-07-24,79,2,Wednesday,24,7,July,3,2024,30,0,False,No Holiday,Standard,95.0,81.0,71.0,62.0,65.57142857142857,64.78571428571429,63.82142857142857
2,Nexora Care - Lakeside,2024-07-25,79,3,Thursday,25,7,July,3,2024,30,0,False,No Holiday,Standard,79.0,73.0,68.0,43.0,65.28571428571429,65.35714285714286,64.42857142857143
2,Nexora Care - Lakeside,2024-07-26,73,4,Friday,26,7,July,3,2024,30,0,False,No Holiday,Standard,79.0,55.0,78.0,69.0,66.14285714285714,66.14285714285714,65.71428571428571
2,Nexora Care - Lakeside,2024-07-27,43,5,Saturday,27,7,July,3,2024,30,1,False,No Holiday,Standard,73.0,58.0,67.0,93.0,68.71428571428571,65.78571428571429,65.85714285714286
2,Nexora Care - Lakeside,2024-07-29,73,0,Monday,29,7,July,3,2024,31,0,False,No Holiday,Standard,43.0,24.0,64.0,83.0,66.57142857142857,64.07142857142857,64.07142857142857
2,Nexora Care - Lakeside,2024-07-30,71,1,Tuesday,30,7,July,3,2024,31,0,False,No Holiday,Standard,73.0,73.0,37.0,72.0,73.57142857142857,64.71428571428571,63.714285714285715
2,Nexora Care - Lakeside,2024-07-31,77,2,Wednesday,31,7,July,3,2024,31,0,False,No Holiday,Standard,71.0,95.0,63.0,68.0,73.28571428571429,67.14285714285714,63.67857142857143
2,Nexora Care - Lakeside,2024-08-01,75,3,Thursday,1,8,August,3,2024,31,0,False,No Holiday,Standard,77.0,79.0,81.0,43.0,70.71428571428571,68.14285714285714,64.0
2,Nexora Care - Lakeside,2024-08-02,58,4,Friday,2,8,August,3,2024,31,0,False,No Holiday,Standard,75.0,79.0,73.0,69.0,70.14285714285714,67.71428571428571,65.14285714285714
2,Nexora Care - Lakeside,2024-08-03,27,5,Saturday,3,8,August,3,2024,31,1,False,No Holiday,Standard,58.0,73.0,55.0,75.0,67.14285714285714,66.64285714285714,64.75
2,Nexora Care - Lakeside,2024-08-05,70,0,Monday,5,8,August,3,2024,32,0,False,No Holiday,Standard,27.0,43.0,58.0,76.0,60.57142857142857,64.64285714285714,63.035714285714285
2,Nexora Care - Lakeside,2024-08-06,54,1,Tuesday,6,8,August,3,2024,32,0,False,No Holiday,Standard,70.0,73.0,24.0,13.0,64.42857142857143,65.5,62.82142857142857
2,Nexora Care - Lakeside,2024-08-07,80,2,Wednesday,7,8,August,3,2024,32,0,False,No Holiday,Standard,54.0,71.0,73.0,80.0,61.714285714285715,67.64285714285714,64.28571428571429
2,Nexora Care - Lakeside,2024-08-08,70,3,Thursday,8,8,August,3,2024,32,0,False,No Holiday,Standard,80.0,77.0,95.0,34.0,63.0,68.14285714285714,64.28571428571429
2,Nexora Care - Lakeside,2024-08-09,60,4,Friday,9,8,August,3,2024,32,0,False,No Holiday,Standard,70.0,75.0,79.0,71.0,62.0,66.35714285714286,65.57142857142857
2,Nexora Care - Lakeside,2024-08-10,50,5,Saturday,10,8,August,3,2024,32,1,False,No Holiday,Standard,60.0,58.0,79.0,68.0,59.857142857142854,65.0,65.17857142857143
2,Nexora Care - Lakeside,2024-08-12,59,0,Monday,12,8,August,3,2024,33,0,False,No Holiday,Standard,50.0,27.0,73.0,78.0,58.714285714285715,62.92857142857143,64.53571428571429
2,Nexora Care - Lakeside,2024-08-13,94,1,Tuesday,13,8,August,3,2024,33,0,False,No Holiday,Standard,59.0,70.0,43.0,67.0,63.285714285714285,61.92857142857143,63.857142857142854
2,Nexora Care - Lakeside,2024-08-14,72,2,Wednesday,14,8,August,3,2024,33,0,False,No Holiday,Standard,94.0,54.0,73.0,64.0,66.71428571428571,65.57142857142857,64.82142857142857
2,Nexora Care - Lakeside,2024-08-15,73,3,Thursday,15,8,August,3,2024,33,0,False,No Holiday,Standard,72.0,80.0,71.0,37.0,69.28571428571429,65.5,65.10714285714286
2,Nexora Care - Lakeside,2024-08-16,74,4,Friday,16,8,August,3,2024,33,0,False,No Holiday,Standard,73.0,70.0,77.0,63.0,68.28571428571429,65.64285714285714,66.39285714285714
2,Nexora Care - Lakeside,2024-08-17,53,5,Saturday,17,8,August,3,2024,33,1,False,No Holiday,Standard,74.0,60.0,75.0,81.0,68.85714285714286,65.42857142857143,66.78571428571429
2,Nexora Care - Lakeside,2024-08-19,71,0,Monday,19,8,August,3,2024,34,0,False,No Holiday,Standard,53.0,50.0,58.0,73.0,67.85714285714286,63.857142857142854,65.78571428571429
2,Nexora Care - Lakeside,2024-08-20,98,1,Tuesday,20,8,August,3,2024,34,0,False,No Holiday,Standard,71.0,59.0,27.0,55.0,70.85714285714286,64.78571428571429,65.71428571428571
2,Nexora Care - Lakeside,2024-08-21,70,2,Wednesday,21,8,August,3,2024,34,0,False,No Holiday,Standard,98.0,94.0,70.0,58.0,76.42857142857143,69.85714285714286,67.25
2,Nexora Care - Lakeside,2024-08-22,81,3,Thursday,22,8,August,3,2024,34,0,False,No Holiday,Standard,70.0,72.0,54.0,24.0,73.0,69.85714285714286,67.67857142857143
2,Nexora Care - Lakeside,2024-08-23,59,4,Friday,23,8,August,3,2024,34,0,False,No Holiday,Standard,81.0,73.0,80.0,73.0,74.28571428571429,71.78571428571429,69.71428571428571
2,Nexora Care - Lakeside,2024-08-24,43,5,Saturday,24,8,August,3,2024,34,1,False,No Holiday,Standard,59.0,74.0,70.0,95.0,72.28571428571429,70.28571428571429,69.21428571428571
2,Nexora Care - Lakeside,2024-08-26,78,0,Monday,26,8,August,3,2024,35,0,False,No Holiday,Standard,43.0,53.0,60.0,79.0,67.85714285714286,68.35714285714286,67.35714285714286
2,Nexora Care - Lakeside,2024-08-27,62,1,Tuesday,27,8,August,3,2024,35,0,False,No Holiday,Standard,78.0,71.0,50.0,79.0,71.42857142857143,69.64285714285714,67.32142857142857
2,Nexora Care - Lakeside,2024-08-28,64,2,Wednesday,28,8,August,3,2024,35,0,False,No Holiday,Standard,62.0,98.0,59.0,73.0,70.14285714285714,70.5,66.71428571428571
2,Nexora Care - Lakeside,2024-08-29,87,3,Thursday,29,8,August,3,2024,35,0,False,No Holiday,Standard,64.0,70.0,94.0,43.0,65.28571428571429,70.85714285714286,66.39285714285714
2,Nexora Care - Lakeside,2024-08-30,63,4,Friday,30,8,August,3,2024,35,0,False,No Holiday,Standard,87.0,81.0,72.0,73.0,67.71428571428571,70.35714285714286,67.96428571428571
2,Nexora Care - Lakeside,2024-08-31,50,5,Saturday,31,8,August,3,2024,35,1,False,No Holiday,Standard,63.0,59.0,73.0,71.0,65.14285714285714,69.71428571428571,67.60714285714286
2,Nexora Care - Lakeside,2024-09-02,10,0,Monday,2,9,September,3,2024,36,0,True,Labor Day,Standard,50.0,43.0,74.0,77.0,63.857142857142854,68.07142857142857,66.85714285714286
2,Nexora Care - Lakeside,2024-09-03,102,1,Tuesday,3,9,September,3,2024,36,0,False,No Holiday,Standard,10.0,78.0,53.0,75.0,59.142857142857146,63.5,64.46428571428571
2,Nexora Care - Lakeside,2024-09-04,89,2,Wednesday,4,9,September,3,2024,36,0,False,No Holiday,Standard,102.0,62.0,71.0,58.0,62.57142857142857,67.0,65.42857142857143
2,Nexora Care - Lakeside,2024-09-05,65,3,Thursday,5,9,September,3,2024,36,0,False,No Holiday,Standard,89.0,64.0,98.0,27.0,66.42857142857143,68.28571428571429,66.53571428571429
2,Nexora Care - Lakeside,2024-09-06,75,4,Friday,6,9,September,3,2024,36,0,False,No Holiday,Standard,65.0,87.0,70.0,70.0,66.57142857142857,65.92857142857143,67.89285714285714
2,Nexora Care - Lakeside,2024-09-07,43,5,Saturday,7,9,September,3,2024,36,1,False,No Holiday,Standard,75.0,63.0,81.0,54.0,64.85714285714286,66.28571428571429,68.07142857142857
2,Nexora Care - Lakeside,2024-09-09,78,0,Monday,9,9,September,3,2024,37,0,False,No Holiday,Standard,43.0,50.0,59.0,80.0,62.0,63.57142857142857,67.67857142857143
2,Nexora Care - Lakeside,2024-09-10,67,1,Tuesday,10,9,September,3,2024,37,0,False,No Holiday,Standard,78.0,10.0,43.0,70.0,66.0,64.92857142857143,67.60714285714286
2,Nexora Care - Lakeside,2024-09-11,91,2,Wednesday,11,9,September,3,2024,37,0,False,No Holiday,Standard,67.0,102.0,78.0,60.0,74.14285714285714,66.64285714285714,67.5
2,Nexora Care - Lakeside,2024-09-12,73,3,Thursday,12,9,September,3,2024,37,0,False,No Holiday,Standard,91.0,89.0,62.0,50.0,72.57142857142857,67.57142857142857,68.60714285714286
2,Nexora Care - Lakeside,2024-09-13,57,4,Friday,13,9,September,3,2024,37,0,False,No Holiday,Standard,73.0,65.0,64.0,59.0,70.28571428571429,68.35714285714286,69.42857142857143
2,Nexora Care - Lakeside,2024-09-14,45,5,Saturday,14,9,September,3,2024,37,1,False,No Holiday,Standard,57.0,75.0,87.0,94.0,69.14285714285714,67.85714285714286,69.35714285714286
2,Nexora Care - Lakeside,2024-09-16,69,0,Monday,16,9,September,3,2024,38,0,False,No Holiday,Standard,45.0,43.0,63.0,72.0,64.85714285714286,64.85714285714286,67.60714285714286
2,Nexora Care - Lakeside,2024-09-17,67,1,Tuesday,17,9,September,3,2024,38,0,False,No Holiday,Standard,69.0,78.0,50.0,73.0,68.57142857142857,65.28571428571429,67.5
2,Nexora Care - Lakeside,2024-09-18,84,2,Wednesday,18,9,September,3,2024,38,0,False,No Holiday,Standard,67.0,67.0,10.0,74.0,67.0,66.5,67.28571428571429
2,Nexora Care - Lakeside,2024-09-19,74,3,Thursday,19,9,September,3,2024,38,0,False,No Holiday,Standard,84.0,91.0,102.0,53.0,69.42857142857143,71.78571428571429,67.64285714285714
2,Nexora Care - Lakeside,2024-09-20,55,4,Friday,20,9,September,3,2024,38,0,False,No Holiday,Standard,74.0,73.0,89.0,71.0,67.0,69.78571428571429,68.39285714285714
2,Nexora Care - Lakeside,2024-09-21,47,5,Saturday,21,9,September,3,2024,38,1,False,No Holiday,Standard,55.0,57.0,65.0,98.0,64.42857142857143,67.35714285714286,67.82142857142857
2,Nexora Care - Lakeside,2024-09-23,78,0,Monday,23,9,September,3,2024,39,0,False,No Holiday,Standard,47.0,45.0,75.0,70.0,63.0,66.07142857142857,66.0
2,Nexora Care - Lakeside,2024-09-24,61,1,Tuesday,24,9,September,3,2024,39,0,False,No Holiday,Standard,78.0,69.0,43.0,81.0,67.71428571428571,66.28571428571429,66.28571428571429
2,Nexora Care - Lakeside,2024-09-25,59,2,Wednesday,25,9,September,3,2024,39,0,False,No Holiday,Standard,61.0,67.0,78.0,59.0,66.57142857142857,67.57142857142857,65.57142857142857
2,Nexora Care - Lakeside,2024-09-26,74,3,Thursday,26,9,September,3,2024,39,0,False,No Holiday,Standard,59.0,84.0,67.0,43.0,65.42857142857143,66.21428571428571,65.57142857142857
2,Nexora Care - Lakeside,2024-09-27,59,4,Friday,27,9,September,3,2024,39,0,False,No Holiday,Standard,74.0,74.0,91.0,78.0,64.0,66.71428571428571,66.67857142857143
2,Nexora Care - Lakeside,2024-09-28,37,5,Saturday,28,9,September,3,2024,39,1,False,No Holiday,Standard,59.0,55.0,73.0,62.0,61.857142857142854,64.42857142857143,66.0
2,Nexora Care - Lakeside,2024-09-30,65,0,Monday,30,9,September,3,2024,40,0,False,No Holiday,Standard,37.0,47.0,57.0,64.0,59.285714285714285,61.857142857142854,65.10714285714286
2,Nexora Care - Lakeside,2024-10-01,89,1,Tuesday,1,10,October,4,2024,40,0,False,No Holiday,Standard,65.0,78.0,45.0,87.0,61.857142857142854,62.42857142857143,65.14285714285714
2,Nexora Care - Lakeside,2024-10-02,74,2,Wednesday,2,10,October,4,2024,40,0,False,No Holiday,Standard,89.0,61.0,69.0,63.0,63.42857142857143,65.57142857142857,65.21428571428571
2,Nexora Care - Lakeside,2024-10-03,67,3,Thursday,3,10,October,4,2024,40,0,False,No Holiday,Standard,74.0,59.0,67.0,50.0,65.28571428571429,65.92857142857143,65.60714285714286
2,Nexora Care - Lakeside,2024-10-04,89,4,Friday,4,10,October,4,2024,40,0,False,No Holiday,Standard,67.0,74.0,84.0,10.0,66.42857142857143,65.92857142857143,66.21428571428571
2,Nexora Care - Lakeside,2024-10-05,44,5,Saturday,5,10,October,4,2024,40,1,False,No Holiday,Standard,89.0,59.0,74.0,102.0,68.57142857142857,66.28571428571429,69.03571428571429
2,Nexora Care - Lakeside,2024-10-07,87,0,Monday,7,10,October,4,2024,41,0,False,No Holiday,Standard,44.0,37.0,55.0,89.0,66.42857142857143,64.14285714285714,66.96428571428571
2,Nexora Care - Lakeside,2024-10-08,73,1,Tuesday,8,10,October,4,2024,41,0,False,No Holiday,Standard,87.0,65.0,47.0,65.0,73.57142857142857,66.42857142857143,66.89285714285714
2,Nexora Care - Lakeside,2024-10-09,77,2,Wednesday,9,10,October,4,2024,41,0,False,No Holiday,Standard,73.0,89.0,78.0,75.0,74.71428571428571,68.28571428571429,67.17857142857143
2,Nexora Care - Lakeside,2024-10-10,76,3,Thursday,10,10,October,4,2024,41,0,False,No Holiday,Standard,77.0,74.0,61.0,43.0,73.0,68.21428571428571,67.25
2,Nexora Care - Lakeside,2024-10-11,56,4,Friday,11,10,October,4,2024,41,0,False,No Holiday,Standard,76.0,67.0,59.0,78.0,73.28571428571429,69.28571428571429,68.42857142857143
2,Nexora Care - Lakeside,2024-10-12,33,5,Saturday,12,10,October,4,2024,41,1,False,No Holiday,Standard,56.0,89.0,74.0,67.0,71.71428571428571,69.07142857142857,67.64285714285714
2,Nexora Care - Lakeside,2024-10-14,62,0,Monday,14,10,October,4,2024,42,0,False,No Holiday,Standard,33.0,44.0,59.0,91.0,63.714285714285715,66.14285714285714,66.42857142857143
2,Nexora Care - Lakeside,2024-10-15,84,1,Tuesday,15,10,October,4,2024,42,0,False,No Holiday,Standard,62.0,87.0,37.0,73.0,66.28571428571429,66.35714285714286,65.39285714285714
2,Nexora Care - Lakeside,2024-10-16,70,2,Wednesday,16,10,October,4,2024,42,0,False,No Holiday,Standard,84.0,73.0,65.0,57.0,65.85714285714286,69.71428571428571,65.78571428571429
2,Nexora Care - Lakeside,2024-10-17,58,3,Thursday,17,10,October,4,2024,42,0,False,No Holiday,Standard,70.0,77.0,89.0,45.0,65.42857142857143,70.07142857142857,66.25
2,Nexora Care - Lakeside,2024-10-18,54,4,Friday,18,10,October,4,2024,42,0,False,No Holiday,Standard,58.0,76.0,74.0,69.0,62.714285714285715,67.85714285714286,66.71428571428571
2,Nexora Care - Lakeside,2024-10-19,44,5,Saturday,19,10,October,4,2024,42,1,False,No Holiday,Standard,54.0,56.0,67.0,67.0,59.57142857142857,66.42857142857143,66.17857142857143
2,Nexora Care - Lakeside,2024-10-21,82,0,Monday,21,10,October,4,2024,43,0,False,No Holiday,Standard,44.0,33.0,89.0,84.0,57.857142857142854,64.78571428571429,65.35714285714286
2,Nexora Care - Lakeside,2024-10-22,79,1,Tuesday,22,10,October,4,2024,43,0,False,No Holiday,Standard,82.0,62.0,44.0,74.0,64.85714285714286,64.28571428571429,65.28571428571429
2,Nexora Care - Lakeside,2024-10-23,74,2,Wednesday,23,10,October,4,2024,43,0,False,No Holiday,Standard,79.0,84.0,87.0,55.0,67.28571428571429,66.78571428571429,65.46428571428571
2,Nexora Care - Lakeside,2024-10-24,74,3,Thursday,24,10,October,4,2024,43,0,False,No Holiday,Standard,74.0,70.0,73.0,47.0,65.85714285714286,65.85714285714286,66.14285714285714
2,Nexora Care - Lakeside,2024-10-25,66,4,Friday,25,10,October,4,2024,43,0,False,No Holiday,Standard,74.0,58.0,77.0,78.0,66.42857142857143,65.92857142857143,67.10714285714286
2,Nexora Care - Lakeside,2024-10-26,52,5,Saturday,26,10,October,4,2024,43,1,False,No Holiday,Standard,66.0,54.0,76.0,61.0,67.57142857142857,65.14285714285714,66.67857142857143
2,Nexora Care - Lakeside,2024-10-28,57,0,Monday,28,10,October,4,2024,44,0,False,No Holiday,Standard,52.0,44.0,56.0,59.0,67.28571428571429,63.42857142857143,66.35714285714286
2,Nexora Care - Lakeside,2024-10-29,70,1,Tuesday,29,10,October,4,2024,44,0,False,No Holiday,Standard,57.0,82.0,33.0,74.0,69.14285714285714,63.5,66.28571428571429
2,Nexora Care - Lakeside,2024-10-30,80,2,Wednesday,30,10,October,4,2024,44,0,False,No Holiday,Standard,70.0,79.0,62.0,59.0,67.42857142857143,66.14285714285714,66.14285714285714
2,Nexora Care - Lakeside,2024-10-31,75,3,Thursday,31,10,October,4,2024,44,0,False,No Holiday,Standard,80.0,74.0,84.0,37.0,67.57142857142857,67.42857142857143,66.89285714285714
2,Nexora Care - Lakeside,2024-11-01,84,4,Friday,1,11,November,4,2024,44,0,False,No Holiday,Standard,75.0,74.0,70.0,65.0,67.71428571428571,66.78571428571429,68.25
2,Nexora Care - Lakeside,2024-11-02,51,5,Saturday,2,11,November,4,2024,44,1,False,No Holiday,Standard,84.0,66.0,58.0,89.0,69.14285714285714,67.78571428571429,68.92857142857143
2,Nexora Care - Lakeside,2024-11-04,78,0,Monday,4,11,November,4,2024,45,0,False,No Holiday,Standard,51.0,52.0,54.0,74.0,67.0,67.28571428571429,67.57142857142857
2,Nexora Care - Lakeside,2024-11-05,64,1,Tuesday,5,11,November,4,2024,45,0,False,No Holiday,Standard,78.0,57.0,44.0,67.0,70.71428571428571,69.0,67.71428571428571
2,Nexora Care - Lakeside,2024-11-06,92,2,Wednesday,6,11,November,4,2024,45,0,False,No Holiday,Standard,64.0,70.0,82.0,89.0,71.71428571428571,70.42857142857143,67.60714285714286
2,Nexora Care - Lakeside,2024-11-07,80,3,Thursday,7,11,November,4,2024,45,0,False,No Holiday,Standard,92.0,80.0,79.0,44.0,74.85714285714286,71.14285714285714,67.71428571428571
2,Nexora Care - Lakeside,2024-11-08,67,4,Friday,8,11,November,4,2024,45,0,False,No Holiday,Standard,80.0,75.0,74.0,87.0,74.85714285714286,71.21428571428571,69.0
2,Nexora Care - Lakeside,2024-11-09,48,5,Saturday,9,11,November,4,2024,45,1,False,No Holiday,Standard,67.0,84.0,74.0,73.0,73.71428571428571,70.71428571428571,68.28571428571429
2,Nexora Care - Lakeside,2024-11-11,8,0,Monday,11,11,November,4,2024,46,0,True,Veterans Day,Standard,48.0,51.0,66.0,77.0,68.57142857142857,68.85714285714286,67.39285714285714
2,Nexora Care - Lakeside,2024-11-12,98,1,Tuesday,12,11,November,4,2024,46,0,False,No Holiday,Standard,8.0,78.0,52.0,76.0,62.42857142857143,64.71428571428571,64.92857142857143
2,Nexora Care - Lakeside,2024-11-13,62,2,Wednesday,13,11,November,4,2024,46,0,False,No Holiday,Standard,98.0,64.0,57.0,56.0,65.28571428571429,68.0,65.71428571428571
2,Nexora Care - Lakeside,2024-11-14,93,3,Thursday,14,11,November,4,2024,46,0,False,No Holiday,Standard,62.0,92.0,70.0,33.0,65.0,68.35714285714286,65.92857142857143
2,Nexora Care - Lakeside,2024-11-15,66,4,Friday,15,11,November,4,2024,46,0,False,No Holiday,Standard,93.0,80.0,80.0,62.0,65.14285714285714,70.0,68.07142857142857
2,Nexora Care - Lakeside,2024-11-16,47,5,Saturday,16,11,November,4,2024,46,1,False,No Holiday,Standard,66.0,67.0,75.0,84.0,63.142857142857146,69.0,68.21428571428571
2,Nexora Care - Lakeside,2024-11-18,66,0,Monday,18,11,November,4,2024,47,0,False,No Holiday,Standard,47.0,48.0,84.0,70.0,60.285714285714285,67.0,66.89285714285714
2,Nexora Care - Lakeside,2024-11-19,91,1,Tuesday,19,11,November,4,2024,47,0,False,No Holiday,Standard,66.0,8.0,51.0,58.0,62.857142857142854,65.71428571428571,66.75
2,Nexora Care - Lakeside,2024-11-20,67,2,Wednesday,20,11,November,4,2024,47,0,False,No Holiday,Standard,91.0,98.0,78.0,54.0,74.71428571428571,68.57142857142857,67.92857142857143
2,Nexora Care - Lakeside,2024-11-21,59,3,Thursday,21,11,November,4,2024,47,0,False,No Holiday,Standard,67.0,62.0,64.0,44.0,70.28571428571429,67.78571428571429,68.39285714285714
2,Nexora Care - Lakeside,2024-11-22,49,4,Friday,22,11,November,4,2024,47,0,False,No Holiday,Standard,59.0,93.0,92.0,82.0,69.85714285714286,67.42857142857143,68.92857142857143
2,Nexora Care - Lakeside,2024-11-23,25,5,Saturday,23,11,November,4,2024,47,1,False,No Holiday,Standard,49.0,66.0,80.0,79.0,63.57142857142857,64.35714285714286,67.75
2,Nexora Care - Lakeside,2024-11-25,56,0,Monday,25,11,November,4,2024,48,0,False,No Holiday,Standard,25.0,47.0,67.0,74.0,57.714285714285715,60.42857142857143,65.82142857142857
2,Nexora Care - Lakeside,2024-11-26,91,1,Tuesday,26,11,November,4,2024,48,0,False,No Holiday,Standard,56.0,66.0,48.0,74.0,59.0,59.642857142857146,65.17857142857143
2,Nexora Care - Lakeside,2024-11-27,85,2,Wednesday,27,11,November,4,2024,48,0,False,No Holiday,Standard,91.0,91.0,8.0,66.0,62.57142857142857,62.714285714285715,65.78571428571429
2,Nexora Care - Lakeside,2024-11-28,12,3,Thursday,28,11,November,4,2024,48,0,True,Thanksgiving,Standard,85.0,67.0,98.0,52.0,61.714285714285715,68.21428571428571,66.46428571428571
2,Nexora Care - Lakeside,2024-11-29,7,4,Friday,29,11,November,4,2024,48,0,True,Day After Thanksgiving,Standard,12.0,59.0,62.0,57.0,53.857142857142854,62.07142857142857,65.03571428571429
2,Nexora Care - Lakeside,2024-11-30,52,5,Saturday,30,11,November,4,2024,48,1,False,No Holiday,Standard,7.0,49.0,93.0,70.0,46.42857142857143,58.142857142857146,63.25
2,Nexora Care - Lakeside,2024-12-02,100,0,Monday,2,12,December,4,2024,49,0,False,No Holiday,Flu Season,52.0,25.0,66.0,80.0,46.857142857142854,55.214285714285715,62.607142857142854
2,Nexora Care - Lakeside,2024-12-03,89,1,Tuesday,3,12,December,4,2024,49,0,False,No Holiday,Flu Season,100.0,56.0,47.0,75.0,57.57142857142857,57.642857142857146,63.32142857142857
2,Nexora Care - Lakeside,2024-12-04,113,2,Wednesday,4,12,December,4,2024,49,0,False,No Holiday,Flu Season,89.0,91.0,66.0,84.0,62.285714285714285,60.642857142857146,63.82142857142857
2,Nexora Care - Lakeside,2024-12-05,116,3,Thursday,5,12,December,4,2024,49,0,False,No Holiday,Flu Season,113.0,85.0,91.0,51.0,65.42857142857143,64.0,64.85714285714286
2,Nexora Care - Lakeside,2024-12-06,97,4,Friday,6,12,December,4,2024,49,0,False,No Holiday,Flu Season,116.0,12.0,67.0,78.0,69.85714285714286,65.78571428571429,67.17857142857143
2,Nexora Care - Lakeside,2024-12-07,69,5,Saturday,7,12,December,4,2024,49,1,False,No Holiday,Flu Season,97.0,7.0,59.0,64.0,82.0,67.92857142857143,67.85714285714286
2,Nexora Care - Lakeside,2024-12-09,75,0,Monday,9,12,December,4,2024,50,0,False,No Holiday,Flu Season,69.0,52.0,49.0,92.0,90.85714285714286,68.64285714285714,68.03571428571429
2,Nexora Care - Lakeside,2024-12-10,100,1,Tuesday,10,12,December,4,2024,50,0,False,No Holiday,Flu Season,75.0,100.0,25.0,80.0,94.14285714285714,70.5,67.42857142857143
2,Nexora Care - Lakeside,2024-12-11,125,2,Wednesday,11,12,December,4,2024,50,0,False,No Holiday,Flu Season,100.0,89.0,56.0,67.0,94.14285714285714,75.85714285714286,68.14285714285714
2,Nexora Care - Lakeside,2024-12-12,100,3,Thursday,12,12,December,4,2024,50,0,False,No Holiday,Flu Season,125.0,113.0,91.0,48.0,99.28571428571429,80.78571428571429,70.21428571428571
2,Nexora Care - Lakeside,2024-12-13,69,4,Friday,13,12,December,4,2024,50,0,False,No Holiday,Flu Season,100.0,116.0,85.0,8.0,97.42857142857143,81.42857142857143,72.07142857142857
2,Nexora Care - Lakeside,2024-12-14,54,5,Saturday,14,12,December,4,2024,50,1,False,No Holiday,Flu Season,69.0,97.0,12.0,98.0,90.71428571428571,80.28571428571429,74.25
2,Nexora Care - Lakeside,2024-12-16,93,0,Monday,16,12,December,4,2024,51,0,False,No Holiday,Flu Season,54.0,69.0,7.0,62.0,84.57142857142857,83.28571428571429,72.67857142857143
2,Nexora Care - Lakeside,2024-12-17,102,1,Tuesday,17,12,December,4,2024,51,0,False,No Holiday,Flu Season,93.0,75.0,52.0,93.0,88.0,89.42857142857143,73.78571428571429
2,Nexora Care - Lakeside,2024-12-18,102,2,Wednesday,18,12,December,4,2024,51,0,False,No Holiday,Flu Season,102.0,100.0,100.0,66.0,91.85714285714286,93.0,74.10714285714286
2,Nexora Care - Lakeside,2024-12-19,90,3,Thursday,19,12,December,4,2024,51,0,False,No Holiday,Flu Season,102.0,125.0,89.0,47.0,92.14285714285714,93.14285714285714,75.39285714285714
2,Nexora Care - Lakeside,2024-12-20,95,4,Friday,20,12,December,4,2024,51,0,False,No Holiday,Flu Season,90.0,100.0,113.0,66.0,87.14285714285714,93.21428571428571,76.92857142857143
2,Nexora Care - Lakeside,2024-12-21,46,5,Saturday,21,12,December,4,2024,51,1,False,No Holiday,Flu Season,95.0,69.0,116.0,91.0,86.42857142857143,91.92857142857143,77.96428571428571
2,Nexora Care - Lakeside,2024-12-23,83,0,Monday,23,12,December,4,2024,52,0,False,No Holiday,Flu Season,46.0,54.0,97.0,67.0,83.14285714285714,86.92857142857143,76.35714285714286
2,Nexora Care - Lakeside,2024-12-24,18,1,Tuesday,24,12,December,4,2024,52,0,True,Christmas Eve,Flu Season,83.0,93.0,69.0,59.0,87.28571428571429,85.92857142857143,76.92857142857143
2,Nexora Care - Lakeside,2024-12-25,13,2,Wednesday,25,12,December,4,2024,52,0,True,Christmas Day,Flu Season,18.0,102.0,75.0,49.0,76.57142857142857,82.28571428571429,75.46428571428571
2,Nexora Care - Lakeside,2024-12-26,73,3,Thursday,26,12,December,4,2024,52,0,False,No Holiday,Flu Season,13.0,102.0,100.0,25.0,63.857142857142854,77.85714285714286,74.17857142857143
2,Nexora Care - Lakeside,2024-12-27,57,4,Friday,27,12,December,4,2024,52,0,False,No Holiday,Flu Season,73.0,90.0,125.0,56.0,59.714285714285715,75.92857142857143,75.89285714285714
2,Nexora Care - Lakeside,2024-12-28,53,5,Saturday,28,12,December,4,2024,52,1,False,No Holiday,Flu Season,57.0,95.0,100.0,91.0,55.0,71.07142857142857,75.92857142857143
2,Nexora Care - Lakeside,2024-12-30,100,0,Monday,30,12,December,4,2024,1,0,False,No Holiday,Flu Season,53.0,46.0,69.0,85.0,49.0,67.71428571428571,74.57142857142857
2,Nexora Care - Lakeside,2024-12-31,12,1,Tuesday,31,12,December,4,2024,1,0,True,New Year's Eve,Flu Season,100.0,83.0,54.0,12.0,56.714285714285715,69.92857142857143,75.10714285714286
2,Nexora Care - Lakeside,2025-01-01,15,2,Wednesday,1,1,January,1,2025,1,0,True,New Year's Day,Flu Season,12.0,18.0,93.0,7.0,46.57142857142857,66.92857142857143,75.10714285714286
2,Nexora Care - Lakeside,2025-01-02,124,3,Thursday,2,1,January,1,2025,1,0,False,No Holiday,Flu Season,15.0,13.0,102.0,52.0,46.142857142857146,61.357142857142854,75.39285714285714
2,Nexora Care - Lakeside,2025-01-03,74,4,Friday,3,1,January,1,2025,1,0,False,No Holiday,Flu Season,124.0,73.0,102.0,100.0,62.0,62.92857142857143,77.96428571428571
2,Nexora Care - Lakeside,2025-01-04,46,5,Saturday,4,1,January,1,2025,1,1,False,No Holiday,Flu Season,74.0,57.0,90.0,89.0,62.142857142857146,60.92857142857143,77.03571428571429
2,Nexora Care - Lakeside,2025-01-06,102,0,Monday,6,1,January,1,2025,2,0,False,No Holiday,Flu Season,46.0,53.0,95.0,113.0,60.57142857142857,57.785714285714285,75.5
2,Nexora Care - Lakeside,2025-01-07,95,1,Tuesday,7,1,January,1,2025,2,0,False,No Holiday,Flu Season,102.0,100.0,46.0,116.0,67.57142857142857,58.285714285714285,75.10714285714286
2,Nexora Care - Lakeside,2025-01-08,95,2,Wednesday,8,1,January,1,2025,2,0,False,No Holiday,Flu Season,95.0,12.0,83.0,97.0,66.85714285714286,61.785714285714285,74.35714285714286
2,Nexora Care - Lakeside,2025-01-09,140,3,Thursday,9,1,January,1,2025,2,0,False,No Holiday,Flu Season,95.0,15.0,18.0,69.0,78.71428571428571,62.642857142857146,74.28571428571429
2,Nexora Care - Lakeside,2025-01-10,102,4,Friday,10,1,January,1,2025,2,0,False,No Holiday,Flu Season,140.0,124.0,13.0,75.0,96.57142857142857,71.35714285714286,76.82142857142857
2,Nexora Care - Lakeside,2025-01-11,46,5,Saturday,11,1,January,1,2025,2,1,False,No Holiday,Flu Season,102.0,74.0,73.0,100.0,93.42857142857143,77.71428571428571,77.78571428571429
2,Nexora Care - Lakeside,2025-01-13,105,0,Monday,13,1,January,1,2025,3,0,False,No Holiday,Flu Season,46.0,46.0,57.0,125.0,89.42857142857143,75.78571428571429,75.85714285714286
2,Nexora Care - Lakeside,2025-01-14,118,1,Tuesday,14,1,January,1,2025,3,0,False,No Holiday,Flu Season,105.0,102.0,53.0,100.0,97.85714285714286,79.21428571428571,75.14285714285714
2,Nexora Care - Lakeside,2025-01-15,92,2,Wednesday,15,1,January,1,2025,3,0,False,No Holiday,Flu Season,118.0,95.0,100.0,69.0,100.14285714285714,83.85714285714286,75.78571428571429
2,Nexora Care - Lakeside,2025-01-16,83,3,Thursday,16,1,January,1,2025,3,0,False,No Holiday,Flu Season,92.0,95.0,12.0,54.0,99.71428571428571,83.28571428571429,76.60714285714286
2,Nexora Care - Lakeside,2025-01-17,57,4,Friday,17,1,January,1,2025,3,0,False,No Holiday,Flu Season,83.0,140.0,15.0,93.0,98.0,88.35714285714286,77.64285714285714
2,Nexora Care - Lakeside,2025-01-18,44,5,Saturday,18,1,January,1,2025,3,1,False,No Holiday,Flu Season,57.0,102.0,124.0,102.0,86.14285714285714,91.35714285714286,76.35714285714286
2,Nexora Care - Lakeside,2025-01-20,12,0,Monday,20,1,January,1,2025,4,0,True,MLK Day,Flu Season,44.0,46.0,74.0,102.0,77.85714285714286,85.64285714285714,74.28571428571429
2,Nexora Care - Lakeside,2025-01-21,117,1,Tuesday,21,1,January,1,2025,4,0,False,No Holiday,Flu Season,12.0,105.0,46.0,90.0,73.0,81.21428571428571,71.07142857142857
2,Nexora Care - Lakeside,2025-01-22,102,2,Wednesday,22,1,January,1,2025,4,0,False,No Holiday,Flu Season,117.0,118.0,102.0,95.0,74.71428571428571,86.28571428571429,72.03571428571429
2,Nexora Care - Lakeside,2025-01-23,71,3,Thursday,23,1,January,1,2025,4,0,False,No Holiday,Flu Season,102.0,92.0,95.0,46.0,72.42857142857143,86.28571428571429,72.28571428571429
2,Nexora Care - Lakeside,2025-01-24,70,4,Friday,24,1,January,1,2025,4,0,False,No Holiday,Flu Season,71.0,83.0,95.0,83.0,69.42857142857143,84.57142857142857,73.17857142857143
2,Nexora Care - Lakeside,2025-01-25,32,5,Saturday,25,1,January,1,2025,4,1,False,No Holiday,Flu Season,70.0,57.0,140.0,18.0,67.57142857142857,82.78571428571429,72.71428571428571
2,Nexora Care - Lakeside,2025-01-27,81,0,Monday,27,1,January,1,2025,5,0,False,No Holiday,Flu Season,32.0,44.0,102.0,13.0,64.0,75.07142857142857,73.21428571428571
2,Nexora Care - Lakeside,2025-01-28,96,1,Tuesday,28,1,January,1,2025,5,0,False,No Holiday,Flu Season,81.0,12.0,46.0,73.0,69.28571428571429,73.57142857142857,75.64285714285714
2,Nexora Care - Lakeside,2025-01-29,103,2,Wednesday,29,1,January,1,2025,5,0,False,No Holiday,Flu Season,96.0,117.0,105.0,57.0,81.28571428571429,77.14285714285714,76.46428571428571
2,Nexora Care - Lakeside,2025-01-30,85,3,Thursday,30,1,January,1,2025,5,0,False,No Holiday,Flu Season,103.0,102.0,118.0,53.0,79.28571428571429,77.0,78.10714285714286
2,Nexora Care - Lakeside,2025-01-31,75,4,Friday,31,1,January,1,2025,5,0,False,No Holiday,Flu Season,85.0,71.0,92.0,100.0,76.85714285714286,74.64285714285714,79.25
2,Nexora Care - Lakeside,2025-02-01,48,5,Saturday,1,2,February,1,2025,5,1,False,No Holiday,Flu Season,75.0,70.0,83.0,12.0,77.42857142857143,73.42857142857143,78.35714285714286
2,Nexora Care - Lakeside,2025-02-03,81,0,Monday,3,2,February,1,2025,6,0,False,No Holiday,Flu Season,48.0,32.0,57.0,15.0,74.28571428571429,70.92857142857143,79.64285714285714
2,Nexora Care - Lakeside,2025-02-04,99,1,Tuesday,4,2,February,1,2025,6,0,False,No Holiday,Flu Season,81.0,81.0,44.0,124.0,81.28571428571429,72.64285714285714,82.0
2,Nexora Care - Lakeside,2025-02-05,96,2,Wednesday,5,2,February,1,2025,6,0,False,No Holiday,Flu Season,99.0,96.0,12.0,74.0,83.85714285714286,76.57142857142857,81.10714285714286
2,Nexora Care - Lakeside,2025-02-06,91,3,Thursday,6,2,February,1,2025,6,0,False,No Holiday,Flu Season,96.0,103.0,117.0,46.0,83.85714285714286,82.57142857142857,81.89285714285714
2,Nexora Care - Lakeside,2025-02-07,75,4,Friday,7,2,February,1,2025,6,0,False,No Holiday,Flu Season,91.0,85.0,102.0,102.0,82.14285714285714,80.71428571428571,83.5
2,Nexora Care - Lakeside,2025-02-08,47,5,Saturday,8,2,February,1,2025,6,1,False,No Holiday,Flu Season,75.0,75.0,71.0,95.0,80.71428571428571,78.78571428571429,82.53571428571429
2,Nexora Care - Lakeside,2025-02-10,89,0,Monday,10,2,February,1,2025,7,0,False,No Holiday,Flu Season,47.0,48.0,70.0,95.0,76.71428571428571,77.07142857142857,80.82142857142857
2,Nexora Care - Lakeside,2025-02-11,98,1,Tuesday,11,2,February,1,2025,7,0,False,No Holiday,Flu Season,89.0,81.0,32.0,140.0,82.57142857142857,78.42857142857143,80.60714285714286
2,Nexora Care - Lakeside,2025-02-12,108,2,Wednesday,12,2,February,1,2025,7,0,False,No Holiday,Flu Season,98.0,99.0,81.0,102.0,85.0,83.14285714285714,79.10714285714286
2,Nexora Care - Lakeside,2025-02-13,111,3,Thursday,13,2,February,1,2025,7,0,False,No Holiday,Flu Season,108.0,96.0,96.0,46.0,86.28571428571429,85.07142857142857,79.32142857142857
2,Nexora Care - Lakeside,2025-02-14,123,4,Friday,14,2,February,1,2025,7,0,False,No Holiday,Flu Season,111.0,91.0,103.0,105.0,88.42857142857143,86.14285714285714,81.64285714285714
2,Nexora Care - Lakeside,2025-02-15,80,5,Saturday,15,2,February,1,2025,7,1,False,No Holiday,Flu Season,123.0,75.0,85.0,118.0,93.0,87.57142857142857,82.28571428571429
2,Nexora Care - Lakeside,2025-02-17,17,0,Monday,17,2,February,1,2025,8,0,True,Presidents' Day,Flu Season,80.0,47.0,75.0,92.0,93.71428571428571,87.21428571428571,80.92857142857143
2,Nexora Care - Lakeside,2025-02-18,136,1,Tuesday,18,2,February,1,2025,8,0,False,No Holiday,Flu Season,17.0,89.0,48.0,83.0,89.42857142857143,83.07142857142857,78.25
2,Nexora Care - Lakeside,2025-02-19,113,2,Wednesday,19,2,February,1,2025,8,0,False,No Holiday,Flu Season,136.0,98.0,81.0,57.0,96.14285714285714,89.35714285714286,80.14285714285714
2,Nexora Care - Lakeside,2025-02-20,96,3,Thursday,20,2,February,1,2025,8,0,False,No Holiday,Flu Season,113.0,108.0,99.0,44.0,98.28571428571429,91.64285714285714,82.14285714285714
2,Nexora Care - Lakeside,2025-02-21,84,4,Friday,21,2,February,1,2025,8,0,False,No Holiday,Flu Season,96.0,111.0,96.0,12.0,96.57142857142857,91.42857142857143,84.0
2,Nexora Care - Lakeside,2025-02-22,40,5,Saturday,22,2,February,1,2025,8,1,False,No Holiday,Flu Season,84.0,123.0,91.0,117.0,92.71428571428571,90.57142857142857,86.57142857142857
2,Nexora Care - Lakeside,2025-02-24,79,0,Monday,24,2,February,1,2025,9,0,False,No Holiday,Flu Season,40.0,80.0,75.0,102.0,80.85714285714286,86.92857142857143,83.82142857142857
2,Nexora Care - Lakeside,2025-02-25,95,1,Tuesday,25,2,February,1,2025,9,0,False,No Holiday,Flu Season,79.0,17.0,47.0,71.0,80.71428571428571,87.21428571428571,83.0
2,Nexora Care - Lakeside,2025-02-26,98,2,Wednesday,26,2,February,1,2025,9,0,False,No Holiday,Flu Season,95.0,136.0,89.0,70.0,91.85714285714286,90.64285714285714,83.85714285714286
2,Nexora Care - Lakeside,2025-02-27,119,3,Thursday,27,2,February,1,2025,9,0,False,No Holiday,Flu Season,98.0,113.0,98.0,32.0,86.42857142857143,91.28571428571429,84.85714285714286
2,Nexora Care - Lakeside,2025-02-28,80,4,Friday,28,2,February,1,2025,9,0,False,No Holiday,Flu Season,119.0,96.0,108.0,81.0,87.28571428571429,92.78571428571429,87.96428571428571
2,Nexora Care - Lakeside,2025-03-01,41,5,Saturday,1,3,March,1,2025,9,1,False,No Holiday,Allergy Season,80.0,84.0,111.0,96.0,85.0,90.78571428571429,87.92857142857143
2,Nexora Care - Lakeside,2025-03-03,104,0,Monday,3,3,March,1,2025,10,0,False,No Holiday,Allergy Season,41.0,40.0,123.0,103.0,78.85714285714286,85.78571428571429,85.96428571428571
2,Nexora Care - Lakeside,2025-03-04,90,1,Tuesday,4,3,March,1,2025,10,0,False,No Holiday,Allergy Season,104.0,79.0,80.0,85.0,88.0,84.42857142857143,86.0
2,Nexora Care - Lakeside,2025-03-05,99,2,Wednesday,5,3,March,1,2025,10,0,False,No Holiday,Allergy Season,90.0,95.0,17.0,75.0,89.57142857142857,85.14285714285714,86.17857142857143
2,Nexora Care - Lakeside,2025-03-06,85,3,Thursday,6,3,March,1,2025,10,0,False,No Holiday,Allergy Season,99.0,98.0,136.0,48.0,90.14285714285714,91.0,87.03571428571429
2,Nexora Care - Lakeside,2025-03-07,79,4,Friday,7,3,March,1,2025,10,0,False,No Holiday,Allergy Season,85.0,119.0,113.0,81.0,88.28571428571429,87.35714285714286,88.35714285714286
2,Nexora Care - Lakeside,2025-03-08,55,5,Saturday,8,3,March,1,2025,10,1,False,No Holiday,Allergy Season,79.0,80.0,96.0,99.0,82.57142857142857,84.92857142857143,88.28571428571429
2,Nexora Care - Lakeside,2025-03-10,76,0,Monday,10,3,March,1,2025,11,0,False,No Holiday,Allergy Season,55.0,41.0,84.0,96.0,79.0,82.0,86.71428571428571
2,Nexora Care - Lakeside,2025-03-11,78,1,Tuesday,11,3,March,1,2025,11,0,False,No Holiday,Allergy Season,76.0,104.0,40.0,91.0,84.0,81.42857142857143,86.0
2,Nexora Care - Lakeside,2025-03-12,90,2,Wednesday,12,3,March,1,2025,11,0,False,No Holiday,Allergy Season,78.0,90.0,79.0,75.0,80.28571428571429,84.14285714285714,85.53571428571429
2,Nexora Care - Lakeside,2025-03-13,106,3,Thursday,13,3,March,1,2025,11,0,False,No Holiday,Allergy Season,90.0,99.0,95.0,47.0,80.28571428571429,84.92857142857143,86.07142857142857
2,Nexora Care - Lakeside,2025-03-14,90,4,Friday,14,3,March,1,2025,11,0,False,No Holiday,Allergy Season,106.0,85.0,98.0,89.0,81.28571428571429,85.71428571428571,88.17857142857143
2,Nexora Care - Lakeside,2025-03-15,59,5,Saturday,15,3,March,1,2025,11,1,False,No Holiday,Allergy Season,90.0,79.0,119.0,98.0,82.0,85.14285714285714,88.21428571428571
2,Nexora Care - Lakeside,2025-03-17,93,0,Monday,17,3,March,1,2025,12,0,False,No Holiday,Allergy Season,59.0,55.0,80.0,108.0,79.14285714285714,80.85714285714286,86.82142857142857
2,Nexora Care - Lakeside,2025-03-18,97,1,Tuesday,18,3,March,1,2025,12,0,False,No Holiday,Allergy Season,93.0,76.0,41.0,111.0,84.57142857142857,81.78571428571429,86.28571428571429
2,Nexora Care - Lakeside,2025-03-19,88,2,Wednesday,19,3,March,1,2025,12,0,False,No Holiday,Allergy Season,97.0,78.0,104.0,123.0,87.57142857142857,85.78571428571429,85.78571428571429
2,Nexora Care - Lakeside,2025-03-20,85,3,Thursday,20,3,March,1,2025,12,0,False,No Holiday,Allergy Season,88.0,90.0,90.0,80.0,89.0,84.64285714285714,84.53571428571429
2,Nexora Care - Lakeside,2025-03-21,65,4,Friday,21,3,March,1,2025,12,0,False,No Holiday,Allergy Season,85.0,106.0,99.0,17.0,88.28571428571429,84.28571428571429,84.71428571428571
2,Nexora Care - Lakeside,2025-03-22,53,5,Saturday,22,3,March,1,2025,12,1,False,No Holiday,Allergy Season,65.0,90.0,85.0,136.0,82.42857142857143,81.85714285714286,86.42857142857143
2,Nexora Care - Lakeside,2025-03-24,91,0,Monday,24,3,March,1,2025,13,0,False,No Holiday,Allergy Season,53.0,59.0,79.0,113.0,77.14285714285714,79.57142857142857,83.46428571428571
2,Nexora Care - Lakeside,2025-03-25,80,1,Tuesday,25,3,March,1,2025,13,0,False,No Holiday,Allergy Season,91.0,93.0,55.0,96.0,81.71428571428571,80.42857142857143,82.67857142857143
2,Nexora Care - Lakeside,2025-03-26,84,2,Wednesday,26,3,March,1,2025,13,0,False,No Holiday,Allergy Season,80.0,97.0,76.0,84.0,79.85714285714286,82.21428571428571,82.10714285714286
2,Nexora Care - Lakeside,2025-03-27,84,3,Thursday,27,3,March,1,2025,13,0,False,No Holiday,Allergy Season,84.0,88.0,78.0,40.0,78.0,82.78571428571429,82.10714285714286
2,Nexora Care - Lakeside,2025-03-28,78,4,Friday,28,3,March,1,2025,13,0,False,No Holiday,Allergy Season,84.0,85.0,90.0,79.0,77.42857142857143,83.21428571428571,83.67857142857143
2,Nexora Care - Lakeside,2025-03-29,43,5,Saturday,29,3,March,1,2025,13,1,False,No Holiday,Allergy Season,78.0,65.0,106.0,95.0,76.42857142857143,82.35714285714286,83.64285714285714
2,Nexora Care - Lakeside,2025-03-31,68,0,Monday,31,3,March,1,2025,14,0,False,No Holiday,Allergy Season,43.0,53.0,90.0,98.0,73.28571428571429,77.85714285714286,81.78571428571429
2,Nexora Care - Lakeside,2025-04-01,76,1,Tuesday,1,4,April,2,2025,14,0,False,No Holiday,Allergy Season,68.0,91.0,59.0,119.0,75.42857142857143,76.28571428571429,80.71428571428571
2,Nexora Care - Lakeside,2025-04-02,80,2,Wednesday,2,4,April,2,2025,14,0,False,No Holiday,Allergy Season,76.0,80.0,93.0,80.0,73.28571428571429,77.5,79.17857142857143
2,Nexora Care - Lakeside,2025-04-03,82,3,Thursday,3,4,April,2,2025,14,0,False,No Holiday,Allergy Season,80.0,84.0,97.0,41.0,73.28571428571429,76.57142857142857,79.17857142857143
2,Nexora Care - Lakeside,2025-04-04,99,4,Friday,4,4,April,2,2025,14,0,False,No Holiday,Allergy Season,82.0,84.0,88.0,104.0,73.0,75.5,80.64285714285714
2,Nexora Care - Lakeside,2025-04-05,39,5,Saturday,5,4,April,2,2025,14,1,False,No Holiday,Allergy Season,99.0,78.0,85.0,90.0,75.14285714285714,76.28571428571429,80.46428571428571
2,Nexora Care - Lakeside,2025-04-07,74,0,Monday,7,4,April,2,2025,15,0,False,No Holiday,Allergy Season,39.0,43.0,65.0,99.0,69.57142857142857,73.0,78.64285714285714
2,Nexora Care - Lakeside,2025-04-08,72,1,Tuesday,8,4,April,2,2025,15,0,False,No Holiday,Allergy Season,74.0,68.0,53.0,85.0,74.0,73.64285714285714,77.75
2,Nexora Care - Lakeside,2025-04-09,107,2,Wednesday,9,4,April,2,2025,15,0,False,No Holiday,Allergy Season,72.0,76.0,91.0,79.0,74.57142857142857,75.0,77.28571428571429
2,Nexora Care - Lakeside,2025-04-10,75,3,Thursday,10,4,April,2,2025,15,0,False,No Holiday,Allergy Season,107.0,80.0,80.0,55.0,79.0,76.14285714285714,78.28571428571429
2,Nexora Care - Lakeside,2025-04-11,71,4,Friday,11,4,April,2,2025,15,0,False,No Holiday,Allergy Season,75.0,82.0,84.0,76.0,78.28571428571429,75.78571428571429,79.0
2,Nexora Care - Lakeside,2025-04-12,54,5,Saturday,12,4,April,2,2025,15,1,False,No Holiday,Allergy Season,71.0,99.0,84.0,78.0,76.71428571428571,74.85714285714286,78.82142857142857
2,Nexora Care - Lakeside,2025-04-14,82,0,Monday,14,4,April,2,2025,16,0,False,No Holiday,Allergy Season,54.0,39.0,78.0,90.0,70.28571428571429,72.71428571428571,77.96428571428571
2,Nexora Care - Lakeside,2025-04-15,84,1,Tuesday,15,4,April,2,2025,16,0,False,No Holiday,Allergy Season,82.0,74.0,43.0,106.0,76.42857142857143,73.0,77.67857142857143
2,Nexora Care - Lakeside,2025-04-16,69,2,Wednesday,16,4,April,2,2025,16,0,False,No Holiday,Allergy Season,84.0,72.0,68.0,90.0,77.85714285714286,75.92857142857143,76.89285714285714
2,Nexora Care - Lakeside,2025-04-17,121,3,Thursday,17,4,April,2,2025,16,0,False,No Holiday,Allergy Season,69.0,107.0,76.0,59.0,77.42857142857143,76.0,76.14285714285714
2,Nexora Care - Lakeside,2025-04-18,70,4,Friday,18,4,April,2,2025,16,0,False,No Holiday,Allergy Season,121.0,75.0,80.0,93.0,79.42857142857143,79.21428571428571,78.35714285714286
2,Nexora Care - Lakeside,2025-04-19,45,5,Saturday,19,4,April,2,2025,16,1,False,No Holiday,Allergy Season,70.0,71.0,82.0,97.0,78.71428571428571,78.5,77.53571428571429
2,Nexora Care - Lakeside,2025-04-21,96,0,Monday,21,4,April,2,2025,17,0,False,No Holiday,Allergy Season,45.0,54.0,99.0,88.0,75.0,75.85714285714286,75.67857142857143
2,Nexora Care - Lakeside,2025-04-22,101,1,Tuesday,22,4,April,2,2025,17,0,False,No Holiday,Allergy Season,96.0,82.0,39.0,85.0,81.0,75.64285714285714,75.96428571428571
2,Nexora Care - Lakeside,2025-04-23,91,2,Wednesday,23,4,April,2,2025,17,0,False,No Holiday,Allergy Season,101.0,84.0,74.0,65.0,83.71428571428571,80.07142857142857,76.53571428571429
2,Nexora Care - Lakeside,2025-04-24,91,3,Thursday,24,4,April,2,2025,17,0,False,No Holiday,Allergy Season,91.0,69.0,72.0,53.0,84.71428571428571,81.28571428571429,77.46428571428571
2,Nexora Care - Lakeside,2025-04-25,87,4,Friday,25,4,April,2,2025,17,0,False,No Holiday,Allergy Season,91.0,121.0,107.0,91.0,87.85714285714286,82.64285714285714,78.82142857142857
2,Nexora Care - Lakeside,2025-04-26,47,5,Saturday,26,4,April,2,2025,17,1,False,No Holiday,Allergy Season,87.0,70.0,75.0,80.0,83.0,81.21428571428571,78.67857142857143
2,Nexora Care - Lakeside,2025-04-28,98,0,Monday,28,4,April,2,2025,18,0,False,No Holiday,Allergy Season,47.0,45.0,71.0,84.0,79.71428571428571,79.21428571428571,77.5
2,Nexora Care - Lakeside,2025-04-29,94,1,Tuesday,29,4,April,2,2025,18,0,False,No Holiday,Allergy Season,98.0,96.0,54.0,84.0,87.28571428571429,81.14285714285714,78.0
2,Nexora Care - Lakeside,2025-04-30,98,2,Wednesday,30,4,April,2,2025,18,0,False,No Holiday,Allergy Season,94.0,101.0,82.0,78.0,87.0,84.0,78.35714285714286
2,Nexora Care - Lakeside,2025-05-01,92,3,Thursday,1,5,May,2,2025,18,0,False,No Holiday,Allergy Season,98.0,91.0,84.0,43.0,86.57142857142857,85.14285714285714,79.07142857142857
2,Nexora Care - Lakeside,2025-05-02,76,4,Friday,2,5,May,2,2025,18,0,False,No Holiday,Allergy Season,92.0,91.0,69.0,68.0,86.71428571428571,85.71428571428571,80.82142857142857
2,Nexora Care - Lakeside,2025-05-03,49,5,Saturday,3,5,May,2,2025,18,1,False,No Holiday,Allergy Season,76.0,87.0,121.0,76.0,84.57142857142857,86.21428571428571,81.10714285714286
2,Nexora Care - Lakeside,2025-05-05,76,0,Monday,5,5,May,2,2025,19,0,False,No Holiday,Allergy Season,49.0,47.0,70.0,80.0,79.14285714285714,81.07142857142857,80.14285714285714
2,Nexora Care - Lakeside,2025-05-06,82,1,Tuesday,6,5,May,2,2025,19,0,False,No Holiday,Allergy Season,76.0,98.0,45.0,82.0,83.28571428571429,81.5,80.0
2,Nexora Care - Lakeside,2025-05-07,88,2,Wednesday,7,5,May,2,2025,19,0,False,No Holiday,Allergy Season,82.0,94.0,96.0,99.0,81.0,84.14285714285714,80.0
2,Nexora Care - Lakeside,2025-05-08,73,3,Thursday,8,5,May,2,2025,19,0,False,No Holiday,Allergy Season,88.0,98.0,101.0,39.0,80.14285714285714,83.57142857142857,79.60714285714286
2,Nexora Care - Lakeside,2025-05-09,93,4,Friday,9,5,May,2,2025,19,0,False,No Holiday,Allergy Season,73.0,92.0,91.0,74.0,76.57142857142857,81.57142857142857,80.82142857142857
2,Nexora Care - Lakeside,2025-05-10,34,5,Saturday,10,5,May,2,2025,19,1,False,No Holiday,Allergy Season,93.0,76.0,91.0,72.0,76.71428571428571,81.71428571428571,81.5
2,Nexora Care - Lakeside,2025-05-12,53,0,Monday,12,5,May,2,2025,20,0,False,No Holiday,Allergy Season,34.0,49.0,87.0,107.0,70.71428571428571,77.64285714285714,80.14285714285714
2,Nexora Care - Lakeside,2025-05-13,77,1,Tuesday,13,5,May,2,2025,20,0,False,No Holiday,Allergy Season,53.0,76.0,47.0,75.0,71.28571428571429,75.21428571428571,78.21428571428571
2,Nexora Care - Lakeside,2025-05-14,92,2,Wednesday,14,5,May,2,2025,20,0,False,No Holiday,Allergy Season,77.0,82.0,98.0,71.0,71.42857142857143,77.35714285714286,78.28571428571429
2,Nexora Care - Lakeside,2025-05-15,88,3,Thursday,15,5,May,2,2025,20,0,False,No Holiday,Allergy Season,92.0,88.0,94.0,54.0,72.85714285714286,76.92857142857143,79.03571428571429
2,Nexora Care - Lakeside,2025-05-16,69,4,Friday,16,5,May,2,2025,20,0,False,No Holiday,Allergy Season,88.0,73.0,98.0,82.0,72.85714285714286,76.5,80.25
2,Nexora Care - Lakeside,2025-05-17,38,5,Saturday,17,5,May,2,2025,20,1,False,No Holiday,Allergy Season,69.0,93.0,92.0,84.0,72.28571428571429,74.42857142857143,79.78571428571429
2,Nexora Care - Lakeside,2025-05-19,100,0,Monday,19,5,May,2,2025,21,0,False,No Holiday,Allergy Season,38.0,34.0,76.0,69.0,64.42857142857143,70.57142857142857,78.14285714285714
2,Nexora Care - Lakeside,2025-05-20,83,1,Tuesday,20,5,May,2,2025,21,0,False,No Holiday,Allergy Season,100.0,53.0,49.0,121.0,73.85714285714286,72.28571428571429,79.25
2,Nexora Care - Lakeside,2025-05-21,90,2,Wednesday,21,5,May,2,2025,21,0,False,No Holiday,Allergy Season,83.0,77.0,76.0,70.0,78.14285714285714,74.71428571428571,77.89285714285714
2,Nexora Care - Lakeside,2025-05-22,91,3,Thursday,22,5,May,2,2025,21,0,False,No Holiday,Allergy Season,90.0,92.0,82.0,45.0,80.0,75.71428571428571,78.60714285714286
2,Nexora Care - Lakeside,2025-05-23,71,4,Friday,23,5,May,2,2025,21,0,False,No Holiday,Allergy Season,91.0,88.0,88.0,96.0,79.85714285714286,76.35714285714286,80.25
2,Nexora Care - Lakeside,2025-05-24,38,5,Saturday,24,5,May,2,2025,21,1,False,No Holiday,Allergy Season,71.0,69.0,73.0,101.0,77.42857142857143,75.14285714285714,79.35714285714286
2,Nexora Care - Lakeside,2025-05-26,20,0,Monday,26,5,May,2,2025,22,0,True,Memorial Day,Allergy Season,38.0,38.0,93.0,91.0,73.0,72.64285714285714,77.10714285714286
2,Nexora Care - Lakeside,2025-05-27,115,1,Tuesday,27,5,May,2,2025,22,0,False,No Holiday,Allergy Season,20.0,100.0,34.0,91.0,70.42857142857143,67.42857142857143,74.57142857142857
2,Nexora Care - Lakeside,2025-05-28,96,2,Wednesday,28,5,May,2,2025,22,0,False,No Holiday,Allergy Season,115.0,83.0,53.0,87.0,72.57142857142857,73.21428571428571,75.42857142857143
2,Nexora Care - Lakeside,2025-05-29,86,3,Thursday,29,5,May,2,2025,22,0,False,No Holiday,Allergy Season,96.0,90.0,77.0,47.0,74.42857142857143,76.28571428571429,75.75
2,Nexora Care - Lakeside,2025-05-30,110,4,Friday,30,5,May,2,2025,22,0,False,No Holiday,Allergy Season,86.0,91.0,92.0,98.0,73.85714285714286,76.92857142857143,77.14285714285714
2,Nexora Care - Lakeside,2025-05-31,52,5,Saturday,31,5,May,2,2025,22,1,False,No Holiday,Allergy Season,110.0,71.0,88.0,94.0,76.57142857142857,78.21428571428571,77.57142857142857
2,Nexora Care - Lakeside,2025-06-02,90,0,Monday,2,6,June,2,2025,23,0,False,No Holiday,Standard,52.0,38.0,69.0,98.0,73.85714285714286,75.64285714285714,76.07142857142857
2,Nexora Care - Lakeside,2025-06-03,87,1,Tuesday,3,6,June,2,2025,23,0,False,No Holiday,Standard,90.0,20.0,38.0,92.0,81.28571428571429,77.14285714285714,75.78571428571429
2,Nexora Care - Lakeside,2025-06-04,66,2,Wednesday,4,6,June,2,2025,23,0,False,No Holiday,Standard,87.0,115.0,100.0,76.0,90.85714285714286,80.64285714285714,75.60714285714286
2,Nexora Care - Lakeside,2025-06-05,76,3,Thursday,5,6,June,2,2025,23,0,False,No Holiday,Standard,66.0,96.0,83.0,49.0,83.85714285714286,78.21428571428571,75.25
2,Nexora Care - Lakeside,2025-06-06,76,4,Friday,6,6,June,2,2025,23,0,False,No Holiday,Standard,76.0,86.0,90.0,76.0,81.0,77.71428571428571,76.21428571428571
2,Nexora Care - Lakeside,2025-06-07,46,5,Saturday,7,6,June,2,2025,23,1,False,No Holiday,Standard,76.0,110.0,91.0,82.0,79.57142857142857,76.71428571428571,76.21428571428571
2,Nexora Care - Lakeside,2025-06-09,61,0,Monday,9,6,June,2,2025,24,0,False,No Holiday,Standard,46.0,52.0,71.0,88.0,70.42857142857143,73.5,74.92857142857143
2,Nexora Care - Lakeside,2025-06-10,74,1,Tuesday,10,6,June,2,2025,24,0,False,No Holiday,Standard,61.0,90.0,38.0,73.0,71.71428571428571,72.78571428571429,73.96428571428571
2,Nexora Care - Lakeside,2025-06-11,81,2,Wednesday,11,6,June,2,2025,24,0,False,No Holiday,Standard,74.0,87.0,20.0,93.0,69.42857142857143,75.35714285714286,74.0
2,Nexora Care - Lakeside,2025-06-12,95,3,Thursday,12,6,June,2,2025,24,0,False,No Holiday,Standard,81.0,66.0,115.0,34.0,68.57142857142857,79.71428571428571,73.57142857142857
2,Nexora Care - Lakeside,2025-06-13,64,4,Friday,13,6,June,2,2025,24,0,False,No Holiday,Standard,95.0,76.0,96.0,53.0,72.71428571428571,78.28571428571429,75.75
2,Nexora Care - Lakeside,2025-06-14,38,5,Saturday,14,6,June,2,2025,24,1,False,No Holiday,Standard,64.0,76.0,86.0,77.0,71.0,76.0,76.14285714285714
2,Nexora Care - Lakeside,2025-06-16,60,0,Monday,16,6,June,2,2025,25,0,False,No Holiday,Standard,38.0,46.0,110.0,92.0,65.57142857142857,72.57142857142857,74.75
2,Nexora Care - Lakeside,2025-06-17,54,1,Tuesday,17,6,June,2,2025,25,0,False,No Holiday,Standard,60.0,61.0,52.0,88.0,67.57142857142857,69.0,73.60714285714286
2,Nexora Care - Lakeside,2025-06-18,62,2,Wednesday,18,6,June,2,2025,25,0,False,No Holiday,Standard,54.0,74.0,90.0,69.0,66.57142857142857,69.14285714285714,72.39285714285714
2,Nexora Care - Lakeside,2025-06-19,15,3,Thursday,19,6,June,2,2025,25,0,True,Juneteenth,Standard,62.0,81.0,87.0,38.0,64.85714285714286,67.14285714285714,72.14285714285714
2,Nexora Care - Lakeside,2025-06-20,112,4,Friday,20,6,June,2,2025,25,0,False,No Holiday,Standard,15.0,95.0,66.0,100.0,55.42857142857143,62.0,71.32142857142857
2,Nexora Care - Lakeside,2025-06-21,44,5,Saturday,21,6,June,2,2025,25,1,False,No Holiday,Standard,112.0,64.0,76.0,83.0,57.857142857142854,65.28571428571429,71.75
2,Nexora Care - Lakeside,2025-06-23,97,0,Monday,23,6,June,2,2025,26,0,False,No Holiday,Standard,44.0,38.0,76.0,90.0,55.0,63.0,70.35714285714286
2,Nexora Care - Lakeside,2025-06-24,75,1,Tuesday,24,6,June,2,2025,26,0,False,No Holiday,Standard,97.0,60.0,46.0,91.0,63.42857142857143,64.5,70.60714285714286
2,Nexora Care - Lakeside,2025-06-25,72,2,Wednesday,25,6,June,2,2025,26,0,False,No Holiday,Standard,75.0,54.0,61.0,71.0,65.57142857142857,66.57142857142857,70.03571428571429
2,Nexora Care - Lakeside,2025-06-26,77,3,Thursday,26,6,June,2,2025,26,0,False,No Holiday,Standard,72.0,62.0,74.0,38.0,68.14285714285714,67.35714285714286,70.07142857142857
2,Nexora Care - Lakeside,2025-06-27,69,4,Friday,27,6,June,2,2025,26,0,False,No Holiday,Standard,77.0,15.0,81.0,20.0,70.28571428571429,67.57142857142857,71.46428571428571
2,Nexora Care - Lakeside,2025-06-28,39,5,Saturday,28,6,June,2,2025,26,1,False,No Holiday,Standard,69.0,112.0,95.0,115.0,78.0,66.71428571428571,73.21428571428571
2,Nexora Care - Lakeside,2025-06-30,74,0,Monday,30,6,June,2,2025,27,0,False,No Holiday,Standard,39.0,44.0,64.0,96.0,67.57142857142857,62.714285714285715,70.5
2,Nexora Care - Lakeside,2025-07-01,81,1,Tuesday,1,7,July,3,2025,27,0,False,No Holiday,Standard,74.0,97.0,38.0,86.0,71.85714285714286,63.42857142857143,69.71428571428571
2,Nexora Care - Lakeside,2025-07-02,75,2,Wednesday,2,7,July,3,2025,27,0,False,No Holiday,Standard,81.0,75.0,60.0,110.0,69.57142857142857,66.5,69.53571428571429
2,Nexora Care - Lakeside,2025-07-03,112,3,Thursday,3,7,July,3,2025,27,0,False,No Holiday,Standard,75.0,72.0,54.0,52.0,69.57142857142857,67.57142857142857,68.28571428571429
2,Nexora Care - Lakeside,2025-07-04,14,4,Friday,4,7,July,3,2025,27,0,True,Independence Day,Standard,112.0,77.0,62.0,90.0,75.28571428571429,71.71428571428571,70.42857142857143
2,Nexora Care - Lakeside,2025-07-05,73,5,Saturday,5,7,July,3,2025,27,1,False,No Holiday,Standard,14.0,69.0,15.0,87.0,66.28571428571429,68.28571428571429,67.71428571428571
2,Nexora Care - Lakeside,2025-07-07,76,0,Monday,7,7,July,3,2025,28,0,False,No Holiday,Standard,73.0,39.0,112.0,66.0,66.85714285714286,72.42857142857143,67.21428571428571
2,Nexora Care - Lakeside,2025-07-08,88,1,Tuesday,8,7,July,3,2025,28,0,False,No Holiday,Standard,76.0,74.0,44.0,76.0,72.14285714285714,69.85714285714286,67.57142857142857
2,Nexora Care - Lakeside,2025-07-09,89,2,Wednesday,9,7,July,3,2025,28,0,False,No Holiday,Standard,88.0,81.0,97.0,76.0,74.14285714285714,73.0,68.0
2,Nexora Care - Lakeside,2025-07-10,68,3,Thursday,10,7,July,3,2025,28,0,False,No Holiday,Standard,89.0,75.0,75.0,46.0,75.28571428571429,72.42857142857143,68.46428571428571
2,Nexora Care - Lakeside,2025-07-11,54,4,Friday,11,7,July,3,2025,28,0,False,No Holiday,Standard,68.0,112.0,72.0,61.0,74.28571428571429,71.92857142857143,69.25
2,Nexora Care - Lakeside,2025-07-12,23,5,Saturday,12,7,July,3,2025,28,1,False,No Holiday,Standard,54.0,14.0,77.0,74.0,66.0,70.64285714285714,69.0
2,Nexora Care - Lakeside,2025-07-14,65,0,Monday,14,7,July,3,2025,29,0,False,No Holiday,Standard,23.0,73.0,69.0,81.0,67.28571428571429,66.78571428571429,67.17857142857143
2,Nexora Care - Lakeside,2025-07-15,87,1,Tuesday,15,7,July,3,2025,29,0,False,No Holiday,Standard,65.0,76.0,39.0,95.0,66.14285714285714,66.5,66.60714285714286
2,Nexora Care - Lakeside,2025-07-16,57,2,Wednesday,16,7,July,3,2025,29,0,False,No Holiday,Standard,87.0,88.0,74.0,64.0,67.71428571428571,69.92857142857143,66.32142857142857
2,Nexora Care - Lakeside,2025-07-17,65,3,Thursday,17,7,July,3,2025,29,0,False,No Holiday,Standard,57.0,89.0,81.0,38.0,63.285714285714285,68.71428571428571,66.07142857142857
2,Nexora Care - Lakeside,2025-07-18,64,4,Friday,18,7,July,3,2025,29,0,False,No Holiday,Standard,65.0,68.0,75.0,60.0,59.857142857142854,67.57142857142857,67.03571428571429
2,Nexora Care - Lakeside,2025-07-19,41,5,Saturday,19,7,July,3,2025,29,1,False,No Holiday,Standard,64.0,54.0,112.0,54.0,59.285714285714285,66.78571428571429,67.17857142857143
2,Nexora Care - Lakeside,2025-07-21,61,0,Monday,21,7,July,3,2025,30,0,False,No Holiday,Standard,41.0,23.0,14.0,62.0,57.42857142857143,61.714285714285715,66.71428571428571
2,Nexora Care - Lakeside,2025-07-22,73,1,Tuesday,22,7,July,3,2025,30,0,False,No Holiday,Standard,61.0,65.0,73.0,15.0,62.857142857142854,65.07142857142857,66.67857142857143
2,Nexora Care - Lakeside,2025-07-23,70,2,Wednesday,23,7,July,3,2025,30,0,False,No Holiday,Standard,73.0,87.0,76.0,112.0,64.0,65.07142857142857,68.75
2,Nexora Care - Lakeside,2025-07-24,62,3,Thursday,24,7,July,3,2025,30,0,False,No Holiday,Standard,70.0,57.0,88.0,44.0,61.57142857142857,64.64285714285714,67.25
2,Nexora Care - Lakeside,2025-07-25,56,4,Friday,25,7,July,3,2025,30,0,False,No Holiday,Standard,62.0,65.0,89.0,97.0,62.285714285714285,62.785714285714285,67.89285714285714
2,Nexora Care - Lakeside,2025-07-26,30,5,Saturday,26,7,July,3,2025,30,1,False,No Holiday,Standard,56.0,64.0,68.0,75.0,61.0,60.42857142857143,66.42857142857143
2,Nexora Care - Lakeside,2025-07-28,61,0,Monday,28,7,July,3,2025,31,0,False,No Holiday,Standard,30.0,41.0,54.0,72.0,56.142857142857146,57.714285714285715,64.82142857142857
2,Nexora Care - Lakeside,2025-07-29,72,1,Tuesday,29,7,July,3,2025,31,0,False,No Holiday,Standard,61.0,61.0,23.0,77.0,59.0,58.214285714285715,64.42857142857143
2,Nexora Care - Lakeside,2025-07-30,68,2,Wednesday,30,7,July,3,2025,31,0,False,No Holiday,Standard,72.0,73.0,65.0,69.0,60.57142857142857,61.714285714285715,64.25
2,Nexora Care - Lakeside,2025-07-31,70,3,Thursday,31,7,July,3,2025,31,0,False,No Holiday,Standard,68.0,70.0,87.0,39.0,59.857142857142854,61.92857142857143,64.21428571428571
2,Nexora Care - Lakeside,2025-08-01,67,4,Friday,1,8,August,3,2025,31,0,False,No Holiday,Standard,70.0,62.0,57.0,74.0,59.857142857142854,60.714285714285715,65.32142857142857
2,Nexora Care - Lakeside,2025-08-02,38,5,Saturday,2,8,August,3,2025,31,1,False,No Holiday,Standard,67.0,56.0,65.0,81.0,60.57142857142857,61.42857142857143,65.07142857142857
2,Nexora Care - Lakeside,2025-08-04,76,0,Monday,4,8,August,3,2025,32,0,False,No Holiday,Standard,38.0,30.0,64.0,75.0,58.0,59.5,63.535714285714285
2,Nexora Care - Lakeside,2025-08-05,100,1,Tuesday,5,8,August,3,2025,32,0,False,No Holiday,Standard,76.0,61.0,41.0,112.0,64.57142857142857,60.357142857142854,63.57142857142857
2,Nexora Care - Lakeside,2025-08-06,77,2,Wednesday,6,8,August,3,2025,32,0,False,No Holiday,Standard,100.0,72.0,61.0,14.0,70.14285714285714,64.57142857142857,63.142857142857146
2,Nexora Care - Lakeside,2025-08-07,68,3,Thursday,7,8,August,3,2025,32,0,False,No Holiday,Standard,77.0,68.0,73.0,73.0,70.85714285714286,65.71428571428571,65.39285714285714
2,Nexora Care - Lakeside,2025-08-08,57,4,Friday,8,8,August,3,2025,32,0,False,No Holiday,Standard,68.0,70.0,70.0,76.0,70.85714285714286,65.35714285714286,65.21428571428571
2,Nexora Care - Lakeside,2025-08-09,45,5,Saturday,9,8,August,3,2025,32,1,False,No Holiday,Standard,57.0,67.0,62.0,88.0,69.0,64.42857142857143,64.53571428571429
2,Nexora Care - Lakeside,2025-08-11,105,0,Monday,11,8,August,3,2025,33,0,False,No Holiday,Standard,45.0,38.0,56.0,89.0,65.85714285714286,63.214285714285715,63.0
2,Nexora Care - Lakeside,2025-08-12,106,1,Tuesday,12,8,August,3,2025,33,0,False,No Holiday,Standard,105.0,76.0,30.0,68.0,75.42857142857143,66.71428571428571,63.57142857142857
2,Nexora Care - Lakeside,2025-08-13,82,2,Wednesday,13,8,August,3,2025,33,0,False,No Holiday,Standard,106.0,100.0,61.0,54.0,79.71428571428571,72.14285714285714,64.92857142857143
2,Nexora Care - Lakeside,2025-08-14,92,3,Thursday,14,8,August,3,2025,33,0,False,No Holiday,Standard,82.0,77.0,72.0,23.0,77.14285714285714,73.64285714285714,65.92857142857143
2,Nexora Care - Lakeside,2025-08-15,63,4,Friday,15,8,August,3,2025,33,0,False,No Holiday,Standard,92.0,68.0,68.0,65.0,79.28571428571429,75.07142857142857,68.39285714285714
2,Nexora Care - Lakeside,2025-08-16,46,5,Saturday,16,8,August,3,2025,33,1,False,No Holiday,Standard,63.0,57.0,70.0,87.0,78.57142857142857,74.71428571428571,68.32142857142857
2,Nexora Care - Lakeside,2025-08-18,96,0,Monday,18,8,August,3,2025,34,0,False,No Holiday,Standard,46.0,45.0,67.0,57.0,77.0,73.0,66.85714285714286
2,Nexora Care - Lakeside,2025-08-19,94,1,Tuesday,19,8,August,3,2025,34,0,False,No Holiday,Standard,96.0,105.0,38.0,65.0,84.28571428571429,75.07142857142857,68.25
2,Nexora Care - Lakeside,2025-08-20,111,2,Wednesday,20,8,August,3,2025,34,0,False,No Holiday,Standard,94.0,106.0,76.0,64.0,82.71428571428571,79.07142857142857,69.28571428571429
2,Nexora Care - Lakeside,2025-08-21,67,3,Thursday,21,8,August,3,2025,34,0,False,No Holiday,Standard,111.0,82.0,100.0,41.0,83.42857142857143,81.57142857142857,70.96428571428571
2,Nexora Care - Lakeside,2025-08-22,68,4,Friday,22,8,August,3,2025,34,0,False,No Holiday,Standard,67.0,92.0,77.0,61.0,81.28571428571429,79.21428571428571,71.89285714285714
2,Nexora Care - Lakeside,2025-08-23,56,5,Saturday,23,8,August,3,2025,34,1,False,No Holiday,Standard,68.0,63.0,68.0,73.0,77.85714285714286,78.57142857142857,72.14285714285714
2,Nexora Care - Lakeside,2025-08-25,90,0,Monday,25,8,August,3,2025,35,0,False,No Holiday,Standard,56.0,46.0,57.0,70.0,76.85714285714286,77.71428571428571,71.53571428571429
2,Nexora Care - Lakeside,2025-08-26,98,1,Tuesday,26,8,August,3,2025,35,0,False,No Holiday,Standard,90.0,96.0,45.0,62.0,83.14285714285714,80.07142857142857,72.25
2,Nexora Care - Lakeside,2025-08-27,83,2,Wednesday,27,8,August,3,2025,35,0,False,No Holiday,Standard,98.0,94.0,105.0,56.0,83.42857142857143,83.85714285714286,73.53571428571429
2,Nexora Care - Lakeside,2025-08-28,90,3,Thursday,28,8,August,3,2025,35,0,False,No Holiday,Standard,83.0,111.0,106.0,30.0,81.85714285714286,82.28571428571429,74.5
2,Nexora Care - Lakeside,2025-08-29,92,4,Friday,29,8,August,3,2025,35,0,False,No Holiday,Standard,90.0,67.0,82.0,61.0,78.85714285714286,81.14285714285714,76.64285714285714
2,Nexora Care - Lakeside,2025-08-30,29,5,Saturday,30,8,August,3,2025,35,1,False,No Holiday,Standard,92.0,68.0,92.0,72.0,82.42857142857143,81.85714285714286,77.75
2,Nexora Care - Lakeside,2025-09-01,9,0,Monday,1,9,September,3,2025,36,0,True,Labor Day,Standard,29.0,56.0,63.0,68.0,76.85714285714286,77.35714285714286,76.21428571428571
2,Nexora Care - Lakeside,2025-09-02,127,1,Tuesday,2,9,September,3,2025,36,0,False,No Holiday,Standard,9.0,90.0,46.0,70.0,70.14285714285714,73.5,74.10714285714286
2,Nexora Care - Lakeside,2025-09-03,118,2,Wednesday,3,9,September,3,2025,36,0,False,No Holiday,Standard,127.0,98.0,96.0,67.0,75.42857142857143,79.28571428571429,76.14285714285714
2,Nexora Care - Lakeside,2025-09-04,95,3,Thursday,4,9,September,3,2025,36,0,False,No Holiday,Standard,118.0,83.0,94.0,38.0,78.28571428571429,80.85714285714286,77.96428571428571
2,Nexora Care - Lakeside,2025-09-05,68,4,Friday,5,9,September,3,2025,36,0,False,No Holiday,Standard,95.0,90.0,111.0,76.0,80.0,80.92857142857143,80.0
2,Nexora Care - Lakeside,2025-09-06,64,5,Saturday,6,9,September,3,2025,36,1,False,No Holiday,Standard,68.0,92.0,67.0,100.0,76.85714285714286,77.85714285714286,79.71428571428571
2,Nexora Care - Lakeside,2025-09-08,114,0,Monday,8,9,September,3,2025,37,0,False,No Holiday,Standard,64.0,29.0,68.0,77.0,72.85714285714286,77.64285714285714,78.42857142857143
2,Nexora Care - Lakeside,2025-09-09,106,1,Tuesday,9,9,September,3,2025,37,0,False,No Holiday,Standard,114.0,9.0,56.0,68.0,85.0,80.92857142857143,79.75
2,Nexora Care - Lakeside,2025-09-10,93,2,Wednesday,10,9,September,3,2025,37,0,False,No Holiday,Standard,106.0,127.0,90.0,57.0,98.85714285714286,84.5,81.10714285714286
2,Nexora Care - Lakeside,2025-09-11,85,3,Thursday,11,9,September,3,2025,37,0,False,No Holiday,Standard,93.0,118.0,98.0,45.0,94.0,84.71428571428571,82.39285714285714
2,Nexora Care - Lakeside,2025-09-12,52,4,Friday,12,9,September,3,2025,37,0,False,No Holiday,Standard,85.0,95.0,83.0,105.0,89.28571428571429,83.78571428571429,83.82142857142857
2,Nexora Care - Lakeside,2025-09-13,46,5,Saturday,13,9,September,3,2025,37,1,False,No Holiday,Standard,52.0,68.0,90.0,106.0,83.14285714285714,81.57142857142857,81.92857142857143
2,Nexora Care - Lakeside,2025-09-15,75,0,Monday,15,9,September,3,2025,38,0,False,No Holiday,Standard,46.0,64.0,92.0,82.0,80.0,78.42857142857143,79.78571428571429
2,Nexora Care - Lakeside,2025-09-16,81,1,Tuesday,16,9,September,3,2025,38,0,False,No Holiday,Standard,75.0,114.0,29.0,92.0,81.57142857142857,77.21428571428571,79.53571428571429
2,Nexora Care - Lakeside,2025-09-17,84,2,Wednesday,17,9,September,3,2025,38,0,False,No Holiday,Standard,81.0,106.0,9.0,63.0,76.85714285714286,80.92857142857143,79.14285714285714
2,Nexora Care - Lakeside,2025-09-18,72,3,Thursday,18,9,September,3,2025,38,0,False,No Holiday,Standard,84.0,93.0,127.0,46.0,73.71428571428571,86.28571428571429,79.89285714285714
2,Nexora Care - Lakeside,2025-09-19,77,4,Friday,19,9,September,3,2025,38,0,False,No Holiday,Standard,72.0,85.0,118.0,96.0,70.71428571428571,82.35714285714286,80.82142857142857
2,Nexora Care - Lakeside,2025-09-20,39,5,Saturday,20,9,September,3,2025,38,1,False,No Holiday,Standard,77.0,52.0,95.0,94.0,69.57142857142857,79.42857142857143,80.14285714285714
2,Nexora Care - Lakeside,2025-09-22,89,0,Monday,22,9,September,3,2025,39,0,False,No Holiday,Standard,39.0,46.0,68.0,111.0,67.71428571428571,75.42857142857143,78.17857142857143
2,Nexora Care - Lakeside,2025-09-23,104,1,Tuesday,23,9,September,3,2025,39,0,False,No Holiday,Standard,89.0,75.0,64.0,67.0,73.85714285714286,76.92857142857143,77.39285714285714
2,Nexora Care - Lakeside,2025-09-24,74,2,Wednesday,24,9,September,3,2025,39,0,False,No Holiday,Standard,104.0,81.0,114.0,68.0,78.0,79.78571428571429,78.71428571428571
2,Nexora Care - Lakeside,2025-09-25,95,3,Thursday,25,9,September,3,2025,39,0,False,No Holiday,Standard,74.0,84.0,106.0,56.0,77.0,76.92857142857143,78.92857142857143
2,Nexora Care - Lakeside,2025-09-26,68,4,Friday,26,9,September,3,2025,39,0,False,No Holiday,Standard,95.0,72.0,93.0,90.0,78.57142857142857,76.14285714285714,80.32142857142857
2,Nexora Care - Lakeside,2025-09-27,43,5,Saturday,27,9,September,3,2025,39,1,False,No Holiday,Standard,68.0,77.0,85.0,98.0,78.0,74.35714285714286,79.53571428571429
2,Nexora Care - Lakeside,2025-09-29,67,0,Monday,29,9,September,3,2025,40,0,False,No Holiday,Standard,43.0,39.0,52.0,83.0,73.14285714285714,71.35714285714286,77.57142857142857
2,Nexora Care - Lakeside,2025-09-30,81,1,Tuesday,30,9,September,3,2025,40,0,False,No Holiday,Standard,67.0,89.0,46.0,90.0,77.14285714285714,72.42857142857143,77.0
2,Nexora Care - Lakeside,2025-10-01,76,2,Wednesday,1,10,October,4,2025,40,0,False,No Holiday,Standard,81.0,104.0,75.0,92.0,76.0,74.92857142857143,76.67857142857143
2,Nexora Care - Lakeside,2025-10-02,85,3,Thursday,2,10,October,4,2025,40,0,False,No Holiday,Standard,76.0,74.0,81.0,29.0,72.0,75.0,76.10714285714286
2,Nexora Care - Lakeside,2025-10-03,72,4,Friday,3,10,October,4,2025,40,0,False,No Holiday,Standard,85.0,95.0,84.0,9.0,73.57142857142857,75.28571428571429,78.10714285714286
2,Nexora Care - Lakeside,2025-10-04,31,5,Saturday,4,10,October,4,2025,40,1,False,No Holiday,Standard,72.0,68.0,72.0,127.0,70.28571428571429,74.42857142857143,80.35714285714286
2,Nexora Care - Lakeside,2025-10-06,95,0,Monday,6,10,October,4,2025,41,0,False,No Holiday,Standard,31.0,43.0,77.0,118.0,65.0,71.5,76.92857142857143
2,Nexora Care - Lakeside,2025-10-07,76,1,Tuesday,7,10,October,4,2025,41,0,False,No Holiday,Standard,95.0,67.0,39.0,95.0,72.42857142857143,72.78571428571429,76.10714285714286
2,Nexora Care - Lakeside,2025-10-08,93,2,Wednesday,8,10,October,4,2025,41,0,False,No Holiday,Standard,76.0,81.0,89.0,68.0,73.71428571428571,75.42857142857143,75.42857142857143
2,Nexora Care - Lakeside,2025-10-09,98,3,Thursday,9,10,October,4,2025,41,0,False,No Holiday,Standard,93.0,76.0,104.0,64.0,75.42857142857143,75.71428571428571,76.32142857142857
2,Nexora Care - Lakeside,2025-10-10,64,4,Friday,10,10,October,4,2025,41,0,False,No Holiday,Standard,98.0,85.0,74.0,114.0,78.57142857142857,75.28571428571429,77.53571428571429
2,Nexora Care - Lakeside,2025-10-11,52,5,Saturday,11,10,October,4,2025,41,1,False,No Holiday,Standard,64.0,72.0,95.0,106.0,75.57142857142857,74.57142857142857,75.75
2,Nexora Care - Lakeside,2025-10-13,82,0,Monday,13,10,October,4,2025,42,0,False,No Holiday,Standard,52.0,31.0,68.0,93.0,72.71428571428571,71.5,73.82142857142857
2,Nexora Care - Lakeside,2025-10-14,94,1,Tuesday,14,10,October,4,2025,42,0,False,No Holiday,Standard,82.0,95.0,43.0,85.0,80.0,72.5,73.42857142857143
2,Nexora Care - Lakeside,2025-10-15,85,2,Wednesday,15,10,October,4,2025,42,0,False,No Holiday,Standard,94.0,76.0,67.0,52.0,79.85714285714286,76.14285714285714,73.75
2,Nexora Care - Lakeside,2025-10-16,74,3,Thursday,16,10,October,4,2025,42,0,False,No Holiday,Standard,85.0,93.0,81.0,46.0,81.14285714285714,77.42857142857143,74.92857142857143
2,Nexora Care - Lakeside,2025-10-17,82,4,Friday,17,10,October,4,2025,42,0,False,No Holiday,Standard,74.0,98.0,76.0,75.0,78.42857142857143,76.92857142857143,75.92857142857143
2,Nexora Care - Lakeside,2025-10-18,40,5,Saturday,18,10,October,4,2025,42,1,False,No Holiday,Standard,82.0,64.0,85.0,81.0,76.14285714285714,77.35714285714286,76.17857142857143
2,Nexora Care - Lakeside,2025-10-20,78,0,Monday,20,10,October,4,2025,43,0,False,No Holiday,Standard,40.0,52.0,72.0,84.0,72.71428571428571,74.14285714285714,74.71428571428571
2,Nexora Care - Lakeside,2025-10-21,79,1,Tuesday,21,10,October,4,2025,43,0,False,No Holiday,Standard,78.0,82.0,31.0,72.0,76.42857142857143,74.57142857142857,74.5
2,Nexora Care - Lakeside,2025-10-22,87,2,Wednesday,22,10,October,4,2025,43,0,False,No Holiday,Standard,79.0,94.0,95.0,77.0,76.0,78.0,74.75
2,Nexora Care - Lakeside,2025-10-23,91,3,Thursday,23,10,October,4,2025,43,0,False,No Holiday,Standard,87.0,85.0,76.0,39.0,75.0,77.42857142857143,75.10714285714286
2,Nexora Care - Lakeside,2025-10-24,86,4,Friday,24,10,October,4,2025,43,0,False,No Holiday,Standard,91.0,74.0,93.0,89.0,75.85714285714286,78.5,76.96428571428571
2,Nexora Care - Lakeside,2025-10-25,41,5,Saturday,25,10,October,4,2025,43,1,False,No Holiday,Standard,86.0,82.0,98.0,104.0,77.57142857142857,78.0,76.85714285714286
2,Nexora Care - Lakeside,2025-10-27,70,0,Monday,27,10,October,4,2025,44,0,False,No Holiday,Standard,41.0,40.0,64.0,74.0,71.71428571428571,73.92857142857143,74.60714285714286
2,Nexora Care - Lakeside,2025-10-28,100,1,Tuesday,28,10,October,4,2025,44,0,False,No Holiday,Standard,70.0,78.0,52.0,95.0,76.0,74.35714285714286,74.46428571428571
2,Nexora Care - Lakeside,2025-10-29,90,2,Wednesday,29,10,October,4,2025,44,0,False,No Holiday,Standard,100.0,79.0,82.0,68.0,79.14285714285714,77.78571428571429,74.64285714285714
2,Nexora Care - Lakeside,2025-10-30,83,3,Thursday,30,10,October,4,2025,44,0,False,No Holiday,Standard,90.0,87.0,94.0,43.0,80.71428571428571,78.35714285714286,75.42857142857143
2,Nexora Care - Lakeside,2025-10-31,72,4,Friday,31,10,October,4,2025,44,0,False,No Holiday,Standard,83.0,91.0,85.0,67.0,80.14285714285714,77.57142857142857,76.85714285714286
2,Nexora Care - Lakeside,2025-11-01,53,5,Saturday,1,11,November,4,2025,44,1,False,No Holiday,Standard,72.0,86.0,74.0,81.0,77.42857142857143,76.64285714285714,77.03571428571429
2,Nexora Care - Lakeside,2025-11-03,92,0,Monday,3,11,November,4,2025,45,0,False,No Holiday,Standard,53.0,41.0,82.0,76.0,72.71428571428571,75.14285714285714,76.03571428571429
2,Nexora Care - Lakeside,2025-11-04,86,1,Tuesday,4,11,November,4,2025,45,0,False,No Holiday,Standard,92.0,70.0,40.0,85.0,80.0,75.85714285714286,76.60714285714286
2,Nexora Care - Lakeside,2025-11-05,87,2,Wednesday,5,11,November,4,2025,45,0,False,No Holiday,Standard,86.0,100.0,78.0,72.0,82.28571428571429,79.14285714285714,76.64285714285714
2,Nexora Care - Lakeside,2025-11-06,73,3,Thursday,6,11,November,4,2025,45,0,False,No Holiday,Standard,87.0,90.0,79.0,31.0,80.42857142857143,79.78571428571429,77.17857142857143
2,Nexora Care - Lakeside,2025-11-07,74,4,Friday,7,11,November,4,2025,45,0,False,No Holiday,Standard,73.0,83.0,87.0,95.0,78.0,79.35714285714286,78.67857142857143
2,Nexora Care - Lakeside,2025-11-08,33,5,Saturday,8,11,November,4,2025,45,1,False,No Holiday,Standard,74.0,72.0,91.0,76.0,76.71428571428571,78.42857142857143,77.92857142857143
2,Nexora Care - Lakeside,2025-11-10,75,0,Monday,10,11,November,4,2025,46,0,False,No Holiday,Standard,33.0,53.0,86.0,93.0,71.14285714285714,74.28571428571429,76.39285714285714
2,Nexora Care - Lakeside,2025-11-11,10,1,Tuesday,11,11,November,4,2025,46,0,True,Veterans Day,Standard,75.0,92.0,41.0,98.0,74.28571428571429,73.5,75.75
2,Nexora Care - Lakeside,2025-11-12,76,2,Wednesday,12,11,November,4,2025,46,0,False,No Holiday,Standard,10.0,86.0,70.0,64.0,62.57142857142857,71.28571428571429,72.60714285714286
2,Nexora Care - Lakeside,2025-11-13,71,3,Thursday,13,11,November,4,2025,46,0,False,No Holiday,Standard,76.0,87.0,100.0,52.0,61.142857142857146,71.71428571428571,73.03571428571429
2,Nexora Care - Lakeside,2025-11-14,69,4,Friday,14,11,November,4,2025,46,0,False,No Holiday,Standard,71.0,73.0,90.0,82.0,58.857142857142854,69.64285714285714,73.71428571428571
2,Nexora Care - Lakeside,2025-11-15,38,5,Saturday,15,11,November,4,2025,46,1,False,No Holiday,Standard,69.0,74.0,83.0,94.0,58.285714285714285,68.14285714285714,73.25
2,Nexora Care - Lakeside,2025-11-17,86,0,Monday,17,11,November,4,2025,47,0,False,No Holiday,Standard,38.0,33.0,72.0,85.0,53.142857142857146,64.92857142857143,71.25
2,Nexora Care - Lakeside,2025-11-18,103,1,Tuesday,18,11,November,4,2025,47,0,False,No Holiday,Standard,86.0,75.0,53.0,74.0,60.714285714285715,65.92857142857143,71.28571428571429
2,Nexora Care - Lakeside,2025-11-19,104,2,Wednesday,19,11,November,4,2025,47,0,False,No Holiday,Standard,103.0,10.0,92.0,82.0,64.71428571428571,69.5,72.32142857142857
2,Nexora Care - Lakeside,2025-11-20,74,3,Thursday,20,11,November,4,2025,47,0,False,No Holiday,Standard,104.0,76.0,86.0,40.0,78.14285714285714,70.35714285714286,73.10714285714286
2,Nexora Care - Lakeside,2025-11-21,84,4,Friday,21,11,November,4,2025,47,0,False,No Holiday,Standard,74.0,71.0,87.0,78.0,77.85714285714286,69.5,74.32142857142857
2,Nexora Care - Lakeside,2025-11-22,38,5,Saturday,22,11,November,4,2025,47,1,False,No Holiday,Standard,84.0,69.0,73.0,79.0,79.71428571428571,69.28571428571429,74.53571428571429
2,Nexora Care - Lakeside,2025-11-24,80,0,Monday,24,11,November,4,2025,48,0,False,No Holiday,Standard,38.0,38.0,74.0,87.0,75.28571428571429,66.78571428571429,73.07142857142857
2,Nexora Care - Lakeside,2025-11-25,91,1,Tuesday,25,11,November,4,2025,48,0,False,No Holiday,Standard,80.0,86.0,33.0,91.0,81.28571428571429,67.21428571428571,72.82142857142857
2,Nexora Care - Lakeside,2025-11-26,77,2,Wednesday,26,11,November,4,2025,48,0,False,No Holiday,Standard,91.0,103.0,75.0,86.0,82.0,71.35714285714286,72.82142857142857
2,Nexora Care - Lakeside,2025-11-27,12,3,Thursday,27,11,November,4,2025,48,0,True,Thanksgiving,Standard,77.0,104.0,10.0,41.0,78.28571428571429,71.5,72.5
2,Nexora Care - Lakeside,2025-11-28,8,4,Friday,28,11,November,4,2025,48,0,True,Day After Thanksgiving,Standard,12.0,74.0,76.0,70.0,65.14285714285714,71.64285714285714,71.46428571428571
2,Nexora Care - Lakeside,2025-11-29,54,5,Saturday,29,11,November,4,2025,48,1,False,No Holiday,Standard,8.0,84.0,71.0,100.0,55.714285714285715,66.78571428571429,69.25
2,Nexora Care - Lakeside,2025-12-01,96,0,Monday,1,12,December,4,2025,49,0,False,No Holiday,Flu Season,54.0,38.0,69.0,90.0,51.42857142857143,65.57142857142857,67.60714285714286
2,Nexora Care - Lakeside,2025-12-02,94,1,Tuesday,2,12,December,4,2025,49,0,False,No Holiday,Flu Season,96.0,80.0,38.0,83.0,59.714285714285715,67.5,67.82142857142857
2,Nexora Care - Lakeside,2025-12-03,97,2,Wednesday,3,12,December,4,2025,49,0,False,No Holiday,Flu Season,94.0,91.0,86.0,72.0,61.714285714285715,71.5,68.21428571428571
2,Nexora Care - Lakeside,2025-12-04,96,3,Thursday,4,12,December,4,2025,49,0,False,No Holiday,Flu Season,97.0,77.0,103.0,53.0,62.57142857142857,72.28571428571429,69.10714285714286
2,Nexora Care - Lakeside,2025-12-05,100,4,Friday,5,12,December,4,2025,49,0,False,No Holiday,Flu Season,96.0,12.0,104.0,92.0,65.28571428571429,71.78571428571429,70.64285714285714
2,Nexora Care - Lakeside,2025-12-06,60,5,Saturday,6,12,December,4,2025,49,1,False,No Holiday,Flu Season,100.0,8.0,74.0,86.0,77.85714285714286,71.5,70.92857142857143
2,Nexora Care - Lakeside,2025-12-08,135,0,Monday,8,12,December,4,2025,50,0,False,No Holiday,Flu Season,60.0,54.0,84.0,87.0,85.28571428571429,70.5,70.0
2,Nexora Care - Lakeside,2025-12-09,125,1,Tuesday,9,12,December,4,2025,50,0,False,No Holiday,Flu Season,135.0,96.0,38.0,73.0,96.85714285714286,74.14285714285714,71.71428571428571
2,Nexora Care - Lakeside,2025-12-10,100,2,Wednesday,10,12,December,4,2025,50,0,False,No Holiday,Flu Season,125.0,94.0,80.0,74.0,101.0,80.35714285714286,73.57142857142857
2,Nexora Care - Lakeside,2025-12-11,90,3,Thursday,11,12,December,4,2025,50,0,False,No Holiday,Flu Season,100.0,97.0,91.0,33.0,101.85714285714286,81.78571428571429,74.5
2,Nexora Care - Lakeside,2025-12-12,95,4,Friday,12,12,December,4,2025,50,0,False,No Holiday,Flu Season,90.0,96.0,77.0,75.0,100.85714285714286,81.71428571428571,76.53571428571429
2,Nexora Care - Lakeside,2025-12-13,50,5,Saturday,13,12,December,4,2025,50,1,False,No Holiday,Flu Season,95.0,100.0,12.0,10.0,100.71428571428571,83.0,77.25
2,Nexora Care - Lakeside,2025-12-15,91,0,Monday,15,12,December,4,2025,51,0,False,No Holiday,Flu Season,50.0,60.0,8.0,76.0,93.57142857142857,85.71428571428571,78.67857142857143
2,Nexora Care - Lakeside,2025-12-16,103,1,Tuesday,16,12,December,4,2025,51,0,False,No Holiday,Flu Season,91.0,135.0,54.0,71.0,98.0,91.64285714285714,79.21428571428571
2,Nexora Care - Lakeside,2025-12-17,74,2,Wednesday,17,12,December,4,2025,51,0,False,No Holiday,Flu Season,103.0,125.0,96.0,69.0,93.42857142857143,95.14285714285714,80.35714285714286
2,Nexora Care - Lakeside,2025-12-18,93,3,Thursday,18,12,December,4,2025,51,0,False,No Holiday,Flu Season,74.0,100.0,94.0,38.0,86.14285714285714,93.57142857142857,80.53571428571429
2,Nexora Care - Lakeside,2025-12-19,87,4,Friday,19,12,December,4,2025,51,0,False,No Holiday,Flu Season,93.0,90.0,97.0,86.0,85.14285714285714,93.5,82.5
2,Nexora Care - Lakeside,2025-12-20,46,5,Saturday,20,12,December,4,2025,51,1,False,No Holiday,Flu Season,87.0,95.0,96.0,103.0,84.71428571428571,92.78571428571429,82.53571428571429
2,Nexora Care - Lakeside,2025-12-22,91,0,Monday,22,12,December,4,2025,52,0,False,No Holiday,Flu Season,46.0,50.0,100.0,104.0,77.71428571428571,89.21428571428571,80.5
2,Nexora Care - Lakeside,2025-12-23,134,1,Tuesday,23,12,December,4,2025,52,0,False,No Holiday,Flu Season,91.0,91.0,60.0,74.0,83.57142857142857,88.57142857142857,80.03571428571429
2,Nexora Care - Lakeside,2025-12-24,15,2,Wednesday,24,12,December,4,2025,52,0,True,Christmas Eve,Flu Season,134.0,103.0,135.0,84.0,89.71428571428571,93.85714285714286,82.17857142857143
2,Nexora Care - Lakeside,2025-12-25,13,3,Thursday,25,12,December,4,2025,52,0,True,Christmas Day,Flu Season,15.0,74.0,125.0,38.0,77.14285714285714,85.28571428571429,79.71428571428571
2,Nexora Care - Lakeside,2025-12-26,92,4,Friday,26,12,December,4,2025,52,0,False,No Holiday,Flu Season,13.0,93.0,100.0,80.0,68.42857142857143,77.28571428571429,78.82142857142857
2,Nexora Care - Lakeside,2025-12-27,66,5,Saturday,27,12,December,4,2025,52,1,False,No Holiday,Flu Season,92.0,87.0,90.0,91.0,68.28571428571429,76.71428571428571,79.25
2,Nexora Care - Lakeside,2025-12-29,112,0,Monday,29,12,December,4,2025,1,0,False,No Holiday,Flu Season,66.0,46.0,95.0,77.0,65.28571428571429,75.0,78.35714285714286
2,Nexora Care - Lakeside,2025-12-30,116,1,Tuesday,30,12,December,4,2025,1,0,False,No Holiday,Flu Season,112.0,91.0,50.0,12.0,74.71428571428571,76.21428571428571,79.60714285714286
2,Nexora Care - Lakeside,2025-12-31,10,2,Wednesday,31,12,December,4,2025,1,0,True,New Year's Eve,Flu Season,116.0,134.0,91.0,8.0,78.28571428571429,80.92857142857143,83.32142857142857
3,Nexora Care - Downtown Express,2024-01-01,5,0,Monday,1,1,January,1,2024,1,0,True,New Year's Day,Flu Season,,,,,,,
3,Nexora Care - Downtown Express,2024-01-02,37,1,Tuesday,2,1,January,1,2024,1,0,False,No Holiday,Flu Season,5.0,,,,,,
3,Nexora Care - Downtown Express,2024-01-03,24,2,Wednesday,3,1,January,1,2024,1,0,False,No Holiday,Flu Season,37.0,,,,,,
3,Nexora Care - Downtown Express,2024-01-04,32,3,Thursday,4,1,January,1,2024,1,0,False,No Holiday,Flu Season,24.0,,,,,,
3,Nexora Care - Downtown Express,2024-01-05,23,4,Friday,5,1,January,1,2024,1,0,False,No Holiday,Flu Season,32.0,,,,,,
3,Nexora Care - Downtown Express,2024-01-06,18,5,Saturday,6,1,January,1,2024,1,1,False,No Holiday,Flu Season,23.0,,,,,,
3,Nexora Care - Downtown Express,2024-01-07,12,6,Sunday,7,1,January,1,2024,1,1,False,No Holiday,Flu Season,18.0,,,,,,
3,Nexora Care - Downtown Express,2024-01-08,36,0,Monday,8,1,January,1,2024,2,0,False,No Holiday,Flu Season,12.0,5.0,,,21.571428571428573,,
3,Nexora Care - Downtown Express,2024-01-09,37,1,Tuesday,9,1,January,1,2024,2,0,False,No Holiday,Flu Season,36.0,37.0,,,26.0,,
3,Nexora Care - Downtown Express,2024-01-10,33,2,Wednesday,10,1,January,1,2024,2,0,False,No Holiday,Flu Season,37.0,24.0,,,26.0,,
3,Nexora Care - Downtown Express,2024-01-11,31,3,Thursday,11,1,January,1,2024,2,0,False,No Holiday,Flu Season,33.0,32.0,,,27.285714285714285,,
3,Nexora Care - Downtown Express,2024-01-12,34,4,Friday,12,1,January,1,2024,2,0,False,No Holiday,Flu Season,31.0,23.0,,,27.142857142857142,,
3,Nexora Care - Downtown Express,2024-01-13,23,5,Saturday,13,1,January,1,2024,2,1,False,No Holiday,Flu Season,34.0,18.0,,,28.714285714285715,,
3,Nexora Care - Downtown Express,2024-01-14,25,6,Sunday,14,1,January,1,2024,2,1,False,No Holiday,Flu Season,23.0,12.0,,,29.428571428571427,,
3,Nexora Care - Downtown Express,2024-01-15,4,0,Monday,15,1,January,1,2024,3,0,True,MLK Day,Flu Season,25.0,36.0,5.0,,31.285714285714285,26.428571428571427,
3,Nexora Care - Downtown Express,2024-01-16,45,1,Tuesday,16,1,January,1,2024,3,0,False,No Holiday,Flu Season,4.0,37.0,37.0,,26.714285714285715,26.357142857142858,
3,Nexora Care - Downtown Express,2024-01-17,24,2,Wednesday,17,1,January,1,2024,3,0,False,No Holiday,Flu Season,45.0,33.0,24.0,,27.857142857142858,26.928571428571427,
3,Nexora Care - Downtown Express,2024-01-18,41,3,Thursday,18,1,January,1,2024,3,0,False,No Holiday,Flu Season,24.0,31.0,32.0,,26.571428571428573,26.928571428571427,
3,Nexora Care - Downtown Express,2024-01-19,39,4,Friday,19,1,January,1,2024,3,0,False,No Holiday,Flu Season,41.0,34.0,23.0,,28.0,27.571428571428573,
3,Nexora Care - Downtown Express,2024-01-20,25,5,Saturday,20,1,January,1,2024,3,1,False,No Holiday,Flu Season,39.0,23.0,18.0,,28.714285714285715,28.714285714285715,
3,Nexora Care - Downtown Express,2024-01-21,18,6,Sunday,21,1,January,1,2024,3,1,False,No Holiday,Flu Season,25.0,25.0,12.0,,29.0,29.214285714285715,
3,Nexora Care - Downtown Express,2024-01-22,22,0,Monday,22,1,January,1,2024,4,0,False,No Holiday,Flu Season,18.0,4.0,36.0,,28.0,29.642857142857142,
3,Nexora Care - Downtown Express,2024-01-23,33,1,Tuesday,23,1,January,1,2024,4,0,False,No Holiday,Flu Season,22.0,45.0,37.0,,30.571428571428573,28.642857142857142,
3,Nexora Care - Downtown Express,2024-01-24,31,2,Wednesday,24,1,January,1,2024,4,0,False,No Holiday,Flu Season,33.0,24.0,33.0,,28.857142857142858,28.357142857142858,
3,Nexora Care - Downtown Express,2024-01-25,22,3,Thursday,25,1,January,1,2024,4,0,False,No Holiday,Flu Season,31.0,41.0,31.0,,29.857142857142858,28.214285714285715,
3,Nexora Care - Downtown Express,2024-01-26,19,4,Friday,26,1,January,1,2024,4,0,False,No Holiday,Flu Season,22.0,39.0,34.0,,27.142857142857142,27.571428571428573,
3,Nexora Care - Downtown Express,2024-01-27,27,5,Saturday,27,1,January,1,2024,4,1,False,No Holiday,Flu Season,19.0,25.0,23.0,,24.285714285714285,26.5,
3,Nexora Care - Downtown Express,2024-01-28,20,6,Sunday,28,1,January,1,2024,4,1,False,No Holiday,Flu Season,27.0,18.0,25.0,,24.571428571428573,26.785714285714285,
3,Nexora Care - Downtown Express,2024-01-29,29,0,Monday,29,1,January,1,2024,5,0,False,No Holiday,Flu Season,20.0,22.0,4.0,5.0,24.857142857142858,26.428571428571427,26.428571428571427
3,Nexora Care - Downtown Express,2024-01-30,27,1,Tuesday,30,1,January,1,2024,5,0,False,No Holiday,Flu Season,29.0,33.0,45.0,37.0,25.857142857142858,28.214285714285715,27.285714285714285
3,Nexora Care - Downtown Express,2024-01-31,36,2,Wednesday,31,1,January,1,2024,5,0,False,No Holiday,Flu Season,27.0,31.0,24.0,24.0,25.0,26.928571428571427,26.928571428571427
3,Nexora Care - Downtown Express,2024-02-01,27,3,Thursday,1,2,February,1,2024,5,0,False,No Holiday,Flu Season,36.0,22.0,41.0,32.0,25.714285714285715,27.785714285714285,27.357142857142858
3,Nexora Care - Downtown Express,2024-02-02,24,4,Friday,2,2,February,1,2024,5,0,False,No Holiday,Flu Season,27.0,19.0,39.0,23.0,26.428571428571427,26.785714285714285,27.178571428571427
3,Nexora Care - Downtown Express,2024-02-03,28,5,Saturday,3,2,February,1,2024,5,1,False,No Holiday,Flu Season,24.0,27.0,25.0,18.0,27.142857142857142,25.714285714285715,27.214285714285715
3,Nexora Care - Downtown Express,2024-02-04,25,6,Sunday,4,2,February,1,2024,5,1,False,No Holiday,Flu Season,28.0,20.0,18.0,12.0,27.285714285714285,25.928571428571427,27.571428571428573
3,Nexora Care - Downtown Express,2024-02-05,40,0,Monday,5,2,February,1,2024,6,0,False,No Holiday,Flu Season,25.0,29.0,22.0,36.0,28.0,26.428571428571427,28.035714285714285
3,Nexora Care - Downtown Express,2024-02-06,36,1,Tuesday,6,2,February,1,2024,6,0,False,No Holiday,Flu Season,40.0,27.0,33.0,37.0,29.571428571428573,27.714285714285715,28.178571428571427
3,Nexora Care - Downtown Express,2024-02-07,36,2,Wednesday,7,2,February,1,2024,6,0,False,No Holiday,Flu Season,36.0,36.0,31.0,33.0,30.857142857142858,27.928571428571427,28.142857142857142
3,Nexora Care - Downtown Express,2024-02-08,30,3,Thursday,8,2,February,1,2024,6,0,False,No Holiday,Flu Season,36.0,27.0,22.0,31.0,30.857142857142858,28.285714285714285,28.25
3,Nexora Care - Downtown Express,2024-02-09,33,4,Friday,9,2,February,1,2024,6,0,False,No Holiday,Flu Season,30.0,24.0,19.0,34.0,31.285714285714285,28.857142857142858,28.214285714285715
3,Nexora Care - Downtown Express,2024-02-10,22,5,Saturday,10,2,February,1,2024,6,1,False,No Holiday,Flu Season,33.0,28.0,27.0,23.0,32.57142857142857,29.857142857142858,28.178571428571427
3,Nexora Care - Downtown Express,2024-02-11,24,6,Sunday,11,2,February,1,2024,6,1,False,No Holiday,Flu Season,22.0,25.0,20.0,25.0,31.714285714285715,29.5,28.142857142857142
3,Nexora Care - Downtown Express,2024-02-12,30,0,Monday,12,2,February,1,2024,7,0,False,No Holiday,Flu Season,24.0,40.0,29.0,4.0,31.571428571428573,29.785714285714285,28.107142857142858
3,Nexora Care - Downtown Express,2024-02-13,26,1,Tuesday,13,2,February,1,2024,7,0,False,No Holiday,Flu Season,30.0,36.0,27.0,45.0,30.142857142857142,29.857142857142858,29.035714285714285
3,Nexora Care - Downtown Express,2024-02-14,32,2,Wednesday,14,2,February,1,2024,7,0,False,No Holiday,Flu Season,26.0,36.0,36.0,24.0,28.714285714285715,29.785714285714285,28.357142857142858
3,Nexora Care - Downtown Express,2024-02-15,37,3,Thursday,15,2,February,1,2024,7,0,False,No Holiday,Flu Season,32.0,30.0,27.0,41.0,28.142857142857142,29.5,28.642857142857142
3,Nexora Care - Downtown Express,2024-02-16,30,4,Friday,16,2,February,1,2024,7,0,False,No Holiday,Flu Season,37.0,33.0,24.0,39.0,29.142857142857142,30.214285714285715,28.5
3,Nexora Care - Downtown Express,2024-02-17,17,5,Saturday,17,2,February,1,2024,7,1,False,No Holiday,Flu Season,30.0,22.0,28.0,25.0,28.714285714285715,30.642857142857142,28.178571428571427
3,Nexora Care - Downtown Express,2024-02-18,17,6,Sunday,18,2,February,1,2024,7,1,False,No Holiday,Flu Season,17.0,24.0,25.0,18.0,28.0,29.857142857142858,27.892857142857142
3,Nexora Care - Downtown Express,2024-02-19,4,0,Monday,19,2,February,1,2024,8,0,True,Presidents' Day,Flu Season,17.0,30.0,40.0,22.0,27.0,29.285714285714285,27.857142857142858
3,Nexora Care - Downtown Express,2024-02-20,46,1,Tuesday,20,2,February,1,2024,8,0,False,No Holiday,Flu Season,4.0,26.0,36.0,33.0,23.285714285714285,26.714285714285715,27.214285714285715
3,Nexora Care - Downtown Express,2024-02-21,24,2,Wednesday,21,2,February,1,2024,8,0,False,No Holiday,Flu Season,46.0,32.0,36.0,31.0,26.142857142857142,27.428571428571427,27.678571428571427
3,Nexora Care - Downtown Express,2024-02-22,43,3,Thursday,22,2,February,1,2024,8,0,False,No Holiday,Flu Season,24.0,37.0,30.0,22.0,25.0,26.571428571428573,27.428571428571427
3,Nexora Care - Downtown Express,2024-02-23,32,4,Friday,23,2,February,1,2024,8,0,False,No Holiday,Flu Season,43.0,30.0,33.0,19.0,25.857142857142858,27.5,28.178571428571427
3,Nexora Care - Downtown Express,2024-02-24,20,5,Saturday,24,2,February,1,2024,8,1,False,No Holiday,Flu Season,32.0,17.0,22.0,27.0,26.142857142857142,27.428571428571427,28.642857142857142
3,Nexora Care - Downtown Express,2024-02-25,13,6,Sunday,25,2,February,1,2024,8,1,False,No Holiday,Flu Season,20.0,17.0,24.0,20.0,26.571428571428573,27.285714285714285,28.392857142857142
3,Nexora Care - Downtown Express,2024-02-26,32,0,Monday,26,2,February,1,2024,9,0,False,No Holiday,Flu Season,13.0,4.0,30.0,29.0,26.0,26.5,28.142857142857142
3,Nexora Care - Downtown Express,2024-02-27,35,1,Tuesday,27,2,February,1,2024,9,0,False,No Holiday,Flu Season,32.0,46.0,26.0,27.0,30.0,26.642857142857142,28.25
3,Nexora Care - Downtown Express,2024-02-28,40,2,Wednesday,28,2,February,1,2024,9,0,False,No Holiday,Flu Season,35.0,24.0,32.0,36.0,28.428571428571427,27.285714285714285,28.535714285714285
3,Nexora Care - Downtown Express,2024-02-29,31,3,Thursday,29,2,February,1,2024,9,0,False,No Holiday,Flu Season,40.0,43.0,37.0,27.0,30.714285714285715,27.857142857142858,28.678571428571427
3,Nexora Care - Downtown Express,2024-03-01,32,4,Friday,1,3,March,1,2024,9,0,False,No Holiday,Allergy Season,31.0,32.0,30.0,24.0,29.0,27.428571428571427,28.821428571428573
3,Nexora Care - Downtown Express,2024-03-02,12,5,Saturday,2,3,March,1,2024,9,1,False,No Holiday,Allergy Season,32.0,20.0,17.0,28.0,29.0,27.571428571428573,29.107142857142858
3,Nexora Care - Downtown Express,2024-03-03,19,6,Sunday,3,3,March,1,2024,9,1,False,No Holiday,Allergy Season,12.0,13.0,17.0,25.0,27.857142857142858,27.214285714285715,28.535714285714285
3,Nexora Care - Downtown Express,2024-03-04,30,0,Monday,4,3,March,1,2024,10,0,False,No Holiday,Allergy Season,19.0,32.0,4.0,40.0,28.714285714285715,27.357142857142858,28.321428571428573
3,Nexora Care - Downtown Express,2024-03-05,34,1,Tuesday,5,3,March,1,2024,10,0,False,No Holiday,Allergy Season,30.0,35.0,46.0,36.0,28.428571428571427,29.214285714285715,27.964285714285715
3,Nexora Care - Downtown Express,2024-03-06,40,2,Wednesday,6,3,March,1,2024,10,0,False,No Holiday,Allergy Season,34.0,40.0,24.0,36.0,28.285714285714285,28.357142857142858,27.892857142857142
3,Nexora Care - Downtown Express,2024-03-07,32,3,Thursday,7,3,March,1,2024,10,0,False,No Holiday,Allergy Season,40.0,31.0,43.0,30.0,28.285714285714285,29.5,28.035714285714285
3,Nexora Care - Downtown Express,2024-03-08,30,4,Friday,8,3,March,1,2024,10,0,False,No Holiday,Allergy Season,32.0,32.0,32.0,33.0,28.428571428571427,28.714285714285715,28.107142857142858
3,Nexora Care - Downtown Express,2024-03-09,20,5,Saturday,9,3,March,1,2024,10,1,False,No Holiday,Allergy Season,30.0,12.0,20.0,22.0,28.142857142857142,28.571428571428573,28.0
3,Nexora Care - Downtown Express,2024-03-10,13,6,Sunday,10,3,March,1,2024,10,1,False,No Holiday,Allergy Season,20.0,19.0,13.0,24.0,29.285714285714285,28.571428571428573,27.928571428571427
3,Nexora Care - Downtown Express,2024-03-11,29,0,Monday,11,3,March,1,2024,11,0,False,No Holiday,Allergy Season,13.0,30.0,32.0,30.0,28.428571428571427,28.571428571428573,27.535714285714285
3,Nexora Care - Downtown Express,2024-03-12,35,1,Tuesday,12,3,March,1,2024,11,0,False,No Holiday,Allergy Season,29.0,34.0,35.0,26.0,28.285714285714285,28.357142857142858,27.5
3,Nexora Care - Downtown Express,2024-03-13,41,2,Wednesday,13,3,March,1,2024,11,0,False,No Holiday,Allergy Season,35.0,40.0,40.0,32.0,28.428571428571427,28.357142857142858,27.821428571428573
3,Nexora Care - Downtown Express,2024-03-14,34,3,Thursday,14,3,March,1,2024,11,0,False,No Holiday,Allergy Season,41.0,32.0,31.0,37.0,28.571428571428573,28.428571428571427,28.142857142857142
3,Nexora Care - Downtown Express,2024-03-15,35,4,Friday,15,3,March,1,2024,11,0,False,No Holiday,Allergy Season,34.0,30.0,32.0,30.0,28.857142857142858,28.642857142857142,28.035714285714285
3,Nexora Care - Downtown Express,2024-03-16,27,5,Saturday,16,3,March,1,2024,11,1,False,No Holiday,Allergy Season,35.0,20.0,12.0,17.0,29.571428571428573,28.857142857142858,28.214285714285715
3,Nexora Care - Downtown Express,2024-03-17,19,6,Sunday,17,3,March,1,2024,11,1,False,No Holiday,Allergy Season,27.0,13.0,19.0,17.0,30.571428571428573,29.928571428571427,28.571428571428573
3,Nexora Care - Downtown Express,2024-03-18,31,0,Monday,18,3,March,1,2024,12,0,False,No Holiday,Allergy Season,19.0,29.0,30.0,4.0,31.428571428571427,29.928571428571427,28.642857142857142
3,Nexora Care - Downtown Express,2024-03-19,36,1,Tuesday,19,3,March,1,2024,12,0,False,No Holiday,Allergy Season,31.0,35.0,34.0,46.0,31.714285714285715,30.0,29.607142857142858
3,Nexora Care - Downtown Express,2024-03-20,22,2,Wednesday,20,3,March,1,2024,12,0,False,No Holiday,Allergy Season,36.0,41.0,40.0,24.0,31.857142857142858,30.142857142857142,29.25
3,Nexora Care - Downtown Express,2024-03-21,28,3,Thursday,21,3,March,1,2024,12,0,False,No Holiday,Allergy Season,22.0,34.0,32.0,43.0,29.142857142857142,28.857142857142858,29.178571428571427
3,Nexora Care - Downtown Express,2024-03-22,19,4,Friday,22,3,March,1,2024,12,0,False,No Holiday,Allergy Season,28.0,35.0,30.0,32.0,28.285714285714285,28.571428571428573,28.642857142857142
3,Nexora Care - Downtown Express,2024-03-23,23,5,Saturday,23,3,March,1,2024,12,1,False,No Holiday,Allergy Season,19.0,27.0,20.0,20.0,26.0,27.785714285714285,28.178571428571427
3,Nexora Care - Downtown Express,2024-03-24,11,6,Sunday,24,3,March,1,2024,12,1,False,No Holiday,Allergy Season,23.0,19.0,13.0,13.0,25.428571428571427,28.0,28.285714285714285
3,Nexora Care - Downtown Express,2024-03-25,26,0,Monday,25,3,March,1,2024,13,0,False,No Holiday,Allergy Season,11.0,31.0,29.0,32.0,24.285714285714285,27.857142857142858,28.214285714285715
3,Nexora Care - Downtown Express,2024-03-26,29,1,Tuesday,26,3,March,1,2024,13,0,False,No Holiday,Allergy Season,26.0,36.0,35.0,35.0,23.571428571428573,27.642857142857142,28.0
3,Nexora Care - Downtown Express,2024-03-27,29,2,Wednesday,27,3,March,1,2024,13,0,False,No Holiday,Allergy Season,29.0,22.0,41.0,40.0,22.571428571428573,27.214285714285715,27.785714285714285
3,Nexora Care - Downtown Express,2024-03-28,33,3,Thursday,28,3,March,1,2024,13,0,False,No Holiday,Allergy Season,29.0,28.0,34.0,31.0,23.571428571428573,26.357142857142858,27.392857142857142
3,Nexora Care - Downtown Express,2024-03-29,36,4,Friday,29,3,March,1,2024,13,0,False,No Holiday,Allergy Season,33.0,19.0,35.0,32.0,24.285714285714285,26.285714285714285,27.464285714285715
3,Nexora Care - Downtown Express,2024-03-30,25,5,Saturday,30,3,March,1,2024,13,1,False,No Holiday,Allergy Season,36.0,23.0,27.0,12.0,26.714285714285715,26.357142857142858,27.607142857142858
3,Nexora Care - Downtown Express,2024-03-31,20,6,Sunday,31,3,March,1,2024,13,1,False,No Holiday,Allergy Season,25.0,11.0,19.0,19.0,27.0,26.214285714285715,28.071428571428573
3,Nexora Care - Downtown Express,2024-04-01,51,0,Monday,1,4,April,2,2024,14,0,False,No Holiday,Allergy Season,20.0,26.0,31.0,30.0,28.285714285714285,26.285714285714285,28.107142857142858
3,Nexora Care - Downtown Express,2024-04-02,50,1,Tuesday,2,4,April,2,2024,14,0,False,No Holiday,Allergy Season,51.0,29.0,36.0,34.0,31.857142857142858,27.714285714285715,28.857142857142858
3,Nexora Care - Downtown Express,2024-04-03,33,2,Wednesday,3,4,April,2,2024,14,0,False,No Holiday,Allergy Season,50.0,29.0,22.0,40.0,34.857142857142854,28.714285714285715,29.428571428571427
3,Nexora Care - Downtown Express,2024-04-04,28,3,Thursday,4,4,April,2,2024,14,0,False,No Holiday,Allergy Season,33.0,33.0,28.0,32.0,35.42857142857143,29.5,29.178571428571427
3,Nexora Care - Downtown Express,2024-04-05,27,4,Friday,5,4,April,2,2024,14,0,False,No Holiday,Allergy Season,28.0,36.0,19.0,30.0,34.714285714285715,29.5,29.035714285714285
3,Nexora Care - Downtown Express,2024-04-06,22,5,Saturday,6,4,April,2,2024,14,1,False,No Holiday,Allergy Season,27.0,25.0,23.0,20.0,33.42857142857143,30.071428571428573,28.928571428571427
3,Nexora Care - Downtown Express,2024-04-07,16,6,Sunday,7,4,April,2,2024,14,1,False,No Holiday,Allergy Season,22.0,20.0,11.0,13.0,33.0,30.0,29.0
3,Nexora Care - Downtown Express,2024-04-08,26,0,Monday,8,4,April,2,2024,15,0,False,No Holiday,Allergy Season,16.0,51.0,26.0,29.0,32.42857142857143,30.357142857142858,29.107142857142858
3,Nexora Care - Downtown Express,2024-04-09,36,1,Tuesday,9,4,April,2,2024,15,0,False,No Holiday,Allergy Season,26.0,50.0,29.0,35.0,28.857142857142858,30.357142857142858,29.0
3,Nexora Care - Downtown Express,2024-04-10,32,2,Wednesday,10,4,April,2,2024,15,0,False,No Holiday,Allergy Season,36.0,33.0,29.0,41.0,26.857142857142858,30.857142857142858,29.035714285714285
3,Nexora Care - Downtown Express,2024-04-11,34,3,Thursday,11,4,April,2,2024,15,0,False,No Holiday,Allergy Season,32.0,28.0,33.0,34.0,26.714285714285715,31.071428571428573,28.714285714285715
3,Nexora Care - Downtown Express,2024-04-12,34,4,Friday,12,4,April,2,2024,15,0,False,No Holiday,Allergy Season,34.0,27.0,36.0,35.0,27.571428571428573,31.142857142857142,28.714285714285715
3,Nexora Care - Downtown Express,2024-04-13,29,5,Saturday,13,4,April,2,2024,15,1,False,No Holiday,Allergy Season,34.0,22.0,25.0,27.0,28.571428571428573,31.0,28.678571428571427
3,Nexora Care - Downtown Express,2024-04-14,14,6,Sunday,14,4,April,2,2024,15,1,False,No Holiday,Allergy Season,29.0,16.0,20.0,19.0,29.571428571428573,31.285714285714285,28.75
3,Nexora Care - Downtown Express,2024-04-15,44,0,Monday,15,4,April,2,2024,16,0,False,No Holiday,Allergy Season,14.0,26.0,51.0,31.0,29.285714285714285,30.857142857142858,28.571428571428573
3,Nexora Care - Downtown Express,2024-04-16,36,1,Tuesday,16,4,April,2,2024,16,0,False,No Holiday,Allergy Season,44.0,36.0,50.0,36.0,31.857142857142858,30.357142857142858,29.035714285714285
3,Nexora Care - Downtown Express,2024-04-17,43,2,Wednesday,17,4,April,2,2024,16,0,False,No Holiday,Allergy Season,36.0,32.0,33.0,22.0,31.857142857142858,29.357142857142858,29.035714285714285
3,Nexora Care - Downtown Express,2024-04-18,27,3,Thursday,18,4,April,2,2024,16,0,False,No Holiday,Allergy Season,43.0,34.0,28.0,28.0,33.42857142857143,30.071428571428573,29.785714285714285
3,Nexora Care - Downtown Express,2024-04-19,31,4,Friday,19,4,April,2,2024,16,0,False,No Holiday,Allergy Season,27.0,34.0,27.0,19.0,32.42857142857143,30.0,29.75
3,Nexora Care - Downtown Express,2024-04-20,26,5,Saturday,20,4,April,2,2024,16,1,False,No Holiday,Allergy Season,31.0,29.0,22.0,23.0,32.0,30.285714285714285,30.178571428571427
3,Nexora Care - Downtown Express,2024-04-21,22,6,Sunday,21,4,April,2,2024,16,1,False,No Holiday,Allergy Season,26.0,14.0,16.0,11.0,31.571428571428573,30.571428571428573,30.285714285714285
3,Nexora Care - Downtown Express,2024-04-22,28,0,Monday,22,4,April,2,2024,17,0,False,No Holiday,Allergy Season,22.0,44.0,26.0,26.0,32.714285714285715,31.0,30.678571428571427
3,Nexora Care - Downtown Express,2024-04-23,26,1,Tuesday,23,4,April,2,2024,17,0,False,No Holiday,Allergy Season,28.0,36.0,36.0,29.0,30.428571428571427,31.142857142857142,30.75
3,Nexora Care - Downtown Express,2024-04-24,37,2,Wednesday,24,4,April,2,2024,17,0,False,No Holiday,Allergy Season,26.0,43.0,32.0,29.0,29.0,30.428571428571427,30.642857142857142
3,Nexora Care - Downtown Express,2024-04-25,30,3,Thursday,25,4,April,2,2024,17,0,False,No Holiday,Allergy Season,37.0,27.0,34.0,33.0,28.142857142857142,30.785714285714285,30.928571428571427
3,Nexora Care - Downtown Express,2024-04-26,28,4,Friday,26,4,April,2,2024,17,0,False,No Holiday,Allergy Season,30.0,31.0,34.0,36.0,28.571428571428573,30.5,30.821428571428573
3,Nexora Care - Downtown Express,2024-04-27,19,5,Saturday,27,4,April,2,2024,17,1,False,No Holiday,Allergy Season,28.0,26.0,29.0,25.0,28.142857142857142,30.071428571428573,30.535714285714285
3,Nexora Care - Downtown Express,2024-04-28,15,6,Sunday,28,4,April,2,2024,17,1,False,No Holiday,Allergy Season,19.0,22.0,14.0,20.0,27.142857142857142,29.357142857142858,30.321428571428573
3,Nexora Care - Downtown Express,2024-04-29,28,0,Monday,29,4,April,2,2024,18,0,False,No Holiday,Allergy Season,15.0,28.0,44.0,51.0,26.142857142857142,29.428571428571427,30.142857142857142
3,Nexora Care - Downtown Express,2024-04-30,33,1,Tuesday,30,4,April,2,2024,18,0,False,No Holiday,Allergy Season,28.0,26.0,36.0,50.0,26.142857142857142,28.285714285714285,29.321428571428573
3,Nexora Care - Downtown Express,2024-05-01,34,2,Wednesday,1,5,May,2,2024,18,0,False,No Holiday,Allergy Season,33.0,37.0,43.0,33.0,27.142857142857142,28.071428571428573,28.714285714285715
3,Nexora Care - Downtown Express,2024-05-02,32,3,Thursday,2,5,May,2,2024,18,0,False,No Holiday,Allergy Season,34.0,30.0,27.0,28.0,26.714285714285715,27.428571428571427,28.75
3,Nexora Care - Downtown Express,2024-05-03,36,4,Friday,3,5,May,2,2024,18,0,False,No Holiday,Allergy Season,32.0,28.0,31.0,27.0,27.0,27.785714285714285,28.892857142857142
3,Nexora Care - Downtown Express,2024-05-04,22,5,Saturday,4,5,May,2,2024,18,1,False,No Holiday,Allergy Season,36.0,19.0,26.0,22.0,28.142857142857142,28.142857142857142,29.214285714285715
3,Nexora Care - Downtown Express,2024-05-05,18,6,Sunday,5,5,May,2,2024,18,1,False,No Holiday,Allergy Season,22.0,15.0,22.0,16.0,28.571428571428573,27.857142857142858,29.214285714285715
3,Nexora Care - Downtown Express,2024-05-06,39,0,Monday,6,5,May,2,2024,19,0,False,No Holiday,Allergy Season,18.0,28.0,28.0,26.0,29.0,27.571428571428573,29.285714285714285
3,Nexora Care - Downtown Express,2024-05-07,32,1,Tuesday,7,5,May,2,2024,19,0,False,No Holiday,Allergy Season,39.0,33.0,26.0,36.0,30.571428571428573,28.357142857142858,29.75
3,Nexora Care - Downtown Express,2024-05-08,33,2,Wednesday,8,5,May,2,2024,19,0,False,No Holiday,Allergy Season,32.0,34.0,37.0,32.0,30.428571428571427,28.785714285714285,29.607142857142858
3,Nexora Care - Downtown Express,2024-05-09,41,3,Thursday,9,5,May,2,2024,19,0,False,No Holiday,Allergy Season,33.0,32.0,30.0,34.0,30.285714285714285,28.5,29.642857142857142
3,Nexora Care - Downtown Express,2024-05-10,35,4,Friday,10,5,May,2,2024,19,0,False,No Holiday,Allergy Season,41.0,36.0,28.0,34.0,31.571428571428573,29.285714285714285,29.892857142857142
3,Nexora Care - Downtown Express,2024-05-11,20,5,Saturday,11,5,May,2,2024,19,1,False,No Holiday,Allergy Season,35.0,22.0,19.0,29.0,31.428571428571427,29.785714285714285,29.928571428571427
3,Nexora Care - Downtown Express,2024-05-12,18,6,Sunday,12,5,May,2,2024,19,1,False,No Holiday,Allergy Season,20.0,18.0,15.0,14.0,31.142857142857142,29.857142857142858,29.607142857142858
3,Nexora Care - Downtown Express,2024-05-13,38,0,Monday,13,5,May,2,2024,20,0,False,No Holiday,Allergy Season,18.0,39.0,28.0,44.0,31.142857142857142,30.071428571428573,29.75
3,Nexora Care - Downtown Express,2024-05-14,46,1,Tuesday,14,5,May,2,2024,20,0,False,No Holiday,Allergy Season,38.0,32.0,33.0,36.0,31.0,30.785714285714285,29.535714285714285
3,Nexora Care - Downtown Express,2024-05-15,32,2,Wednesday,15,5,May,2,2024,20,0,False,No Holiday,Allergy Season,46.0,33.0,34.0,43.0,33.0,31.714285714285715,29.892857142857142
3,Nexora Care - Downtown Express,2024-05-16,34,3,Thursday,16,5,May,2,2024,20,0,False,No Holiday,Allergy Season,32.0,41.0,32.0,27.0,32.857142857142854,31.571428571428573,29.5
3,Nexora Care - Downtown Express,2024-05-17,44,4,Friday,17,5,May,2,2024,20,0,False,No Holiday,Allergy Season,34.0,35.0,36.0,31.0,31.857142857142858,31.714285714285715,29.75
3,Nexora Care - Downtown Express,2024-05-18,31,5,Saturday,18,5,May,2,2024,20,1,False,No Holiday,Allergy Season,44.0,20.0,22.0,26.0,33.142857142857146,32.285714285714285,30.214285714285715
3,Nexora Care - Downtown Express,2024-05-19,22,6,Sunday,19,5,May,2,2024,20,1,False,No Holiday,Allergy Season,31.0,18.0,18.0,22.0,34.714285714285715,32.92857142857143,30.392857142857142
3,Nexora Care - Downtown Express,2024-05-20,32,0,Monday,20,5,May,2,2024,21,0,False,No Holiday,Allergy Season,22.0,38.0,39.0,28.0,35.285714285714285,33.214285714285715,30.392857142857142
3,Nexora Care - Downtown Express,2024-05-21,41,1,Tuesday,21,5,May,2,2024,21,0,False,No Holiday,Allergy Season,32.0,46.0,32.0,26.0,34.42857142857143,32.714285714285715,30.535714285714285
3,Nexora Care - Downtown Express,2024-05-22,38,2,Wednesday,22,5,May,2,2024,21,0,False,No Holiday,Allergy Season,41.0,32.0,33.0,37.0,33.714285714285715,33.357142857142854,31.071428571428573
3,Nexora Care - Downtown Express,2024-05-23,34,3,Thursday,23,5,May,2,2024,21,0,False,No Holiday,Allergy Season,38.0,34.0,41.0,30.0,34.57142857142857,33.714285714285715,31.107142857142858
3,Nexora Care - Downtown Express,2024-05-24,29,4,Friday,24,5,May,2,2024,21,0,False,No Holiday,Allergy Season,34.0,44.0,35.0,28.0,34.57142857142857,33.214285714285715,31.25
3,Nexora Care - Downtown Express,2024-05-25,16,5,Saturday,25,5,May,2,2024,21,1,False,No Holiday,Allergy Season,29.0,31.0,20.0,19.0,32.42857142857143,32.785714285714285,31.285714285714285
3,Nexora Care - Downtown Express,2024-05-26,12,6,Sunday,26,5,May,2,2024,21,1,False,No Holiday,Allergy Season,16.0,22.0,18.0,15.0,30.285714285714285,32.5,31.178571428571427
3,Nexora Care - Downtown Express,2024-05-27,3,0,Monday,27,5,May,2,2024,22,0,True,Memorial Day,Allergy Season,12.0,32.0,38.0,28.0,28.857142857142858,32.07142857142857,31.071428571428573
3,Nexora Care - Downtown Express,2024-05-28,38,1,Tuesday,28,5,May,2,2024,22,0,False,No Holiday,Allergy Season,3.0,41.0,46.0,33.0,24.714285714285715,29.571428571428573,30.178571428571427
3,Nexora Care - Downtown Express,2024-05-29,34,2,Wednesday,29,5,May,2,2024,22,0,False,No Holiday,Allergy Season,38.0,38.0,32.0,34.0,24.285714285714285,29.0,30.357142857142858
3,Nexora Care - Downtown Express,2024-05-30,39,3,Thursday,30,5,May,2,2024,22,0,False,No Holiday,Allergy Season,34.0,34.0,34.0,32.0,23.714285714285715,29.142857142857142,30.357142857142858
3,Nexora Care - Downtown Express,2024-05-31,30,4,Friday,31,5,May,2,2024,22,0,False,No Holiday,Allergy Season,39.0,29.0,44.0,36.0,24.428571428571427,29.5,30.607142857142858
3,Nexora Care - Downtown Express,2024-06-01,18,5,Saturday,1,6,June,2,2024,22,1,False,No Holiday,Standard,30.0,16.0,31.0,22.0,24.571428571428573,28.5,30.392857142857142
3,Nexora Care - Downtown Express,2024-06-02,15,6,Sunday,2,6,June,2,2024,22,1,False,No Holiday,Standard,18.0,12.0,22.0,18.0,24.857142857142858,27.571428571428573,30.25
3,Nexora Care - Downtown Express,2024-06-03,24,0,Monday,3,6,June,2,2024,23,0,False,No Holiday,Standard,15.0,3.0,32.0,39.0,25.285714285714285,27.071428571428573,30.142857142857142
3,Nexora Care - Downtown Express,2024-06-04,34,1,Tuesday,4,6,June,2,2024,23,0,False,No Holiday,Standard,24.0,38.0,41.0,32.0,28.285714285714285,26.5,29.607142857142858
3,Nexora Care - Downtown Express,2024-06-05,24,2,Wednesday,5,6,June,2,2024,23,0,False,No Holiday,Standard,34.0,34.0,38.0,33.0,27.714285714285715,26.0,29.678571428571427
3,Nexora Care - Downtown Express,2024-06-06,30,3,Thursday,6,6,June,2,2024,23,0,False,No Holiday,Standard,24.0,39.0,34.0,41.0,26.285714285714285,25.0,29.357142857142858
3,Nexora Care - Downtown Express,2024-06-07,30,4,Friday,7,6,June,2,2024,23,0,False,No Holiday,Standard,30.0,30.0,29.0,35.0,25.0,24.714285714285715,28.964285714285715
3,Nexora Care - Downtown Express,2024-06-08,26,5,Saturday,8,6,June,2,2024,23,1,False,No Holiday,Standard,30.0,18.0,16.0,20.0,25.0,24.785714285714285,28.785714285714285
3,Nexora Care - Downtown Express,2024-06-09,18,6,Sunday,9,6,June,2,2024,23,1,False,No Holiday,Standard,26.0,15.0,12.0,18.0,26.142857142857142,25.5,29.0
3,Nexora Care - Downtown Express,2024-06-10,30,0,Monday,10,6,June,2,2024,24,0,False,No Holiday,Standard,18.0,24.0,3.0,38.0,26.571428571428573,25.928571428571427,29.0
3,Nexora Care - Downtown Express,2024-06-11,30,1,Tuesday,11,6,June,2,2024,24,0,False,No Holiday,Standard,30.0,34.0,38.0,46.0,27.428571428571427,27.857142857142858,28.714285714285715
3,Nexora Care - Downtown Express,2024-06-12,37,2,Wednesday,12,6,June,2,2024,24,0,False,No Holiday,Standard,30.0,24.0,34.0,32.0,26.857142857142858,27.285714285714285,28.142857142857142
3,Nexora Care - Downtown Express,2024-06-13,34,3,Thursday,13,6,June,2,2024,24,0,False,No Holiday,Standard,37.0,30.0,39.0,34.0,28.714285714285715,27.5,28.321428571428573
3,Nexora Care - Downtown Express,2024-06-14,35,4,Friday,14,6,June,2,2024,24,0,False,No Holiday,Standard,34.0,30.0,30.0,44.0,29.285714285714285,27.142857142857142,28.321428571428573
3,Nexora Care - Downtown Express,2024-06-15,8,5,Saturday,15,6,June,2,2024,24,1,False,No Holiday,Standard,35.0,26.0,18.0,31.0,30.0,27.5,28.0
3,Nexora Care - Downtown Express,2024-06-16,18,6,Sunday,16,6,June,2,2024,24,1,False,No Holiday,Standard,8.0,18.0,15.0,22.0,27.428571428571427,26.785714285714285,27.178571428571427
3,Nexora Care - Downtown Express,2024-06-17,37,0,Monday,17,6,June,2,2024,25,0,False,No Holiday,Standard,18.0,30.0,24.0,32.0,27.428571428571427,27.0,27.035714285714285
3,Nexora Care - Downtown Express,2024-06-18,30,1,Tuesday,18,6,June,2,2024,25,0,False,No Holiday,Standard,37.0,30.0,34.0,41.0,28.428571428571427,27.928571428571427,27.214285714285715
3,Nexora Care - Downtown Express,2024-06-19,5,2,Wednesday,19,6,June,2,2024,25,0,True,Juneteenth,Standard,30.0,37.0,24.0,38.0,28.428571428571427,27.642857142857142,26.821428571428573
3,Nexora Care - Downtown Express,2024-06-20,43,3,Thursday,20,6,June,2,2024,25,0,False,No Holiday,Standard,5.0,34.0,30.0,34.0,23.857142857142858,26.285714285714285,25.642857142857142
3,Nexora Care - Downtown Express,2024-06-21,28,4,Friday,21,6,June,2,2024,25,0,False,No Holiday,Standard,43.0,35.0,30.0,29.0,25.142857142857142,27.214285714285715,25.964285714285715
3,Nexora Care - Downtown Express,2024-06-22,27,5,Saturday,22,6,June,2,2024,25,1,False,No Holiday,Standard,28.0,8.0,26.0,16.0,24.142857142857142,27.071428571428573,25.928571428571427
3,Nexora Care - Downtown Express,2024-06-23,12,6,Sunday,23,6,June,2,2024,25,1,False,No Holiday,Standard,27.0,18.0,18.0,12.0,26.857142857142858,27.142857142857142,26.321428571428573
3,Nexora Care - Downtown Express,2024-06-24,41,0,Monday,24,6,June,2,2024,26,0,False,No Holiday,Standard,12.0,37.0,30.0,3.0,26.0,26.714285714285715,26.321428571428573
3,Nexora Care - Downtown Express,2024-06-25,37,1,Tuesday,25,6,June,2,2024,26,0,False,No Holiday,Standard,41.0,30.0,30.0,38.0,26.571428571428573,27.5,27.678571428571427
3,Nexora Care - Downtown Express,2024-06-26,33,2,Wednesday,26,6,June,2,2024,26,0,False,No Holiday,Standard,37.0,5.0,37.0,34.0,27.571428571428573,28.0,27.642857142857142
3,Nexora Care - Downtown Express,2024-06-27,27,3,Thursday,27,6,June,2,2024,26,0,False,No Holiday,Standard,33.0,43.0,34.0,39.0,31.571428571428573,27.714285714285715,27.607142857142858
3,Nexora Care - Downtown Express,2024-06-28,28,4,Friday,28,6,June,2,2024,26,0,False,No Holiday,Standard,27.0,28.0,35.0,30.0,29.285714285714285,27.214285714285715,27.178571428571427
3,Nexora Care - Downtown Express,2024-06-29,24,5,Saturday,29,6,June,2,2024,26,1,False,No Holiday,Standard,28.0,27.0,8.0,18.0,29.285714285714285,26.714285714285715,27.107142857142858
3,Nexora Care - Downtown Express,2024-06-30,26,6,Sunday,30,6,June,2,2024,26,1,False,No Holiday,Standard,24.0,12.0,18.0,15.0,28.857142857142858,27.857142857142858,27.321428571428573
3,Nexora Care - Downtown Express,2024-07-01,31,0,Monday,1,7,July,3,2024,27,0,False,No Holiday,Standard,26.0,41.0,37.0,24.0,30.857142857142858,28.428571428571427,27.714285714285715
3,Nexora Care - Downtown Express,2024-07-02,32,1,Tuesday,2,7,July,3,2024,27,0,False,No Holiday,Standard,31.0,37.0,30.0,34.0,29.428571428571427,28.0,27.964285714285715
3,Nexora Care - Downtown Express,2024-07-03,31,2,Wednesday,3,7,July,3,2024,27,0,False,No Holiday,Standard,32.0,33.0,5.0,24.0,28.714285714285715,28.142857142857142,27.892857142857142
3,Nexora Care - Downtown Express,2024-07-04,4,3,Thursday,4,7,July,3,2024,27,0,True,Independence Day,Standard,31.0,27.0,43.0,30.0,28.428571428571427,30.0,28.142857142857142
3,Nexora Care - Downtown Express,2024-07-05,39,4,Friday,5,7,July,3,2024,27,0,False,No Holiday,Standard,4.0,28.0,28.0,30.0,25.142857142857142,27.214285714285715,27.214285714285715
3,Nexora Care - Downtown Express,2024-07-06,20,5,Saturday,6,7,July,3,2024,27,1,False,No Holiday,Standard,39.0,24.0,27.0,26.0,26.714285714285715,28.0,27.535714285714285
3,Nexora Care - Downtown Express,2024-07-07,12,6,Sunday,7,7,July,3,2024,27,1,False,No Holiday,Standard,20.0,26.0,12.0,18.0,26.142857142857142,27.5,27.321428571428573
3,Nexora Care - Downtown Express,2024-07-08,42,0,Monday,8,7,July,3,2024,28,0,False,No Holiday,Standard,12.0,31.0,41.0,30.0,24.142857142857142,27.5,27.107142857142858
3,Nexora Care - Downtown Express,2024-07-09,37,1,Tuesday,9,7,July,3,2024,28,0,False,No Holiday,Standard,42.0,32.0,37.0,30.0,25.714285714285715,27.571428571428573,27.535714285714285
3,Nexora Care - Downtown Express,2024-07-10,38,2,Wednesday,10,7,July,3,2024,28,0,False,No Holiday,Standard,37.0,31.0,33.0,37.0,26.428571428571427,27.571428571428573,27.785714285714285
3,Nexora Care - Downtown Express,2024-07-11,33,3,Thursday,11,7,July,3,2024,28,0,False,No Holiday,Standard,38.0,4.0,27.0,34.0,27.428571428571427,27.928571428571427,27.821428571428573
3,Nexora Care - Downtown Express,2024-07-12,27,4,Friday,12,7,July,3,2024,28,0,False,No Holiday,Standard,33.0,39.0,28.0,35.0,31.571428571428573,28.357142857142858,27.785714285714285
3,Nexora Care - Downtown Express,2024-07-13,29,5,Saturday,13,7,July,3,2024,28,1,False,No Holiday,Standard,27.0,20.0,24.0,8.0,29.857142857142858,28.285714285714285,27.5
3,Nexora Care - Downtown Express,2024-07-14,7,6,Sunday,14,7,July,3,2024,28,1,False,No Holiday,Standard,29.0,12.0,26.0,18.0,31.142857142857142,28.642857142857142,28.25
3,Nexora Care - Downtown Express,2024-07-15,33,0,Monday,15,7,July,3,2024,29,0,False,No Holiday,Standard,7.0,42.0,31.0,37.0,30.428571428571427,27.285714285714285,27.857142857142858
3,Nexora Care - Downtown Express,2024-07-16,42,1,Tuesday,16,7,July,3,2024,29,0,False,No Holiday,Standard,33.0,37.0,32.0,30.0,29.142857142857142,27.428571428571427,27.714285714285715
3,Nexora Care - Downtown Express,2024-07-17,38,2,Wednesday,17,7,July,3,2024,29,0,False,No Holiday,Standard,42.0,38.0,31.0,5.0,29.857142857142858,28.142857142857142,28.142857142857142
3,Nexora Care - Downtown Express,2024-07-18,26,3,Thursday,18,7,July,3,2024,29,0,False,No Holiday,Standard,38.0,33.0,4.0,43.0,29.857142857142858,28.642857142857142,29.321428571428573
3,Nexora Care - Downtown Express,2024-07-19,24,4,Friday,19,7,July,3,2024,29,0,False,No Holiday,Standard,26.0,27.0,39.0,28.0,28.857142857142858,30.214285714285715,28.714285714285715
3,Nexora Care - Downtown Express,2024-07-20,26,5,Saturday,20,7,July,3,2024,29,1,False,No Holiday,Standard,24.0,29.0,20.0,27.0,28.428571428571427,29.142857142857142,28.571428571428573
3,Nexora Care - Downtown Express,2024-07-21,11,6,Sunday,21,7,July,3,2024,29,1,False,No Holiday,Standard,26.0,7.0,12.0,12.0,28.0,29.571428571428573,28.535714285714285
3,Nexora Care - Downtown Express,2024-07-22,37,0,Monday,22,7,July,3,2024,30,0,False,No Holiday,Standard,11.0,33.0,42.0,41.0,28.571428571428573,29.5,28.5
3,Nexora Care - Downtown Express,2024-07-23,31,1,Tuesday,23,7,July,3,2024,30,0,False,No Holiday,Standard,37.0,42.0,37.0,37.0,29.142857142857142,29.142857142857142,28.357142857142858
3,Nexora Care - Downtown Express,2024-07-24,36,2,Wednesday,24,7,July,3,2024,30,0,False,No Holiday,Standard,31.0,38.0,38.0,33.0,27.571428571428573,28.714285714285715,28.142857142857142
3,Nexora Care - Downtown Express,2024-07-25,28,3,Thursday,25,7,July,3,2024,30,0,False,No Holiday,Standard,36.0,26.0,33.0,27.0,27.285714285714285,28.571428571428573,28.25
3,Nexora Care - Downtown Express,2024-07-26,31,4,Friday,26,7,July,3,2024,30,0,False,No Holiday,Standard,28.0,24.0,27.0,28.0,27.571428571428573,28.214285714285715,28.285714285714285
3,Nexora Care - Downtown Express,2024-07-27,32,5,Saturday,27,7,July,3,2024,30,1,False,No Holiday,Standard,31.0,26.0,29.0,24.0,28.571428571428573,28.5,28.392857142857142
3,Nexora Care - Downtown Express,2024-07-28,22,6,Sunday,28,7,July,3,2024,30,1,False,No Holiday,Standard,32.0,11.0,7.0,26.0,29.428571428571427,28.714285714285715,28.678571428571427
3,Nexora Care - Downtown Express,2024-07-29,32,0,Monday,29,7,July,3,2024,31,0,False,No Holiday,Standard,22.0,37.0,33.0,31.0,31.0,29.785714285714285,28.535714285714285
3,Nexora Care - Downtown Express,2024-07-30,36,1,Tuesday,30,7,July,3,2024,31,0,False,No Holiday,Standard,32.0,31.0,42.0,32.0,30.285714285714285,29.714285714285715,28.571428571428573
3,Nexora Care - Downtown Express,2024-07-31,31,2,Wednesday,31,7,July,3,2024,31,0,False,No Holiday,Standard,36.0,36.0,38.0,31.0,31.0,29.285714285714285,28.714285714285715
3,Nexora Care - Downtown Express,2024-08-01,44,3,Thursday,1,8,August,3,2024,31,0,False,No Holiday,Standard,31.0,28.0,26.0,4.0,30.285714285714285,28.785714285714285,28.714285714285715
3,Nexora Care - Downtown Express,2024-08-02,28,4,Friday,2,8,August,3,2024,31,0,False,No Holiday,Standard,44.0,31.0,24.0,39.0,32.57142857142857,30.071428571428573,30.142857142857142
3,Nexora Care - Downtown Express,2024-08-03,37,5,Saturday,3,8,August,3,2024,31,1,False,No Holiday,Standard,28.0,32.0,26.0,20.0,32.142857142857146,30.357142857142858,29.75
3,Nexora Care - Downtown Express,2024-08-04,16,6,Sunday,4,8,August,3,2024,31,1,False,No Holiday,Standard,37.0,22.0,11.0,12.0,32.857142857142854,31.142857142857142,30.357142857142858
3,Nexora Care - Downtown Express,2024-08-05,24,0,Monday,5,8,August,3,2024,32,0,False,No Holiday,Standard,16.0,32.0,37.0,42.0,32.0,31.5,30.5
3,Nexora Care - Downtown Express,2024-08-06,23,1,Tuesday,6,8,August,3,2024,32,0,False,No Holiday,Standard,24.0,36.0,31.0,37.0,30.857142857142858,30.571428571428573,29.857142857142858
3,Nexora Care - Downtown Express,2024-08-07,37,2,Wednesday,7,8,August,3,2024,32,0,False,No Holiday,Standard,23.0,31.0,36.0,38.0,29.0,30.0,29.357142857142858
3,Nexora Care - Downtown Express,2024-08-08,29,3,Thursday,8,8,August,3,2024,32,0,False,No Holiday,Standard,37.0,44.0,28.0,33.0,29.857142857142858,30.071428571428573,29.321428571428573
3,Nexora Care - Downtown Express,2024-08-09,41,4,Friday,9,8,August,3,2024,32,0,False,No Holiday,Standard,29.0,28.0,31.0,27.0,27.714285714285715,30.142857142857142,29.178571428571427
3,Nexora Care - Downtown Express,2024-08-10,28,5,Saturday,10,8,August,3,2024,32,1,False,No Holiday,Standard,41.0,37.0,32.0,29.0,29.571428571428573,30.857142857142858,29.678571428571427
3,Nexora Care - Downtown Express,2024-08-11,13,6,Sunday,11,8,August,3,2024,32,1,False,No Holiday,Standard,28.0,16.0,22.0,7.0,28.285714285714285,30.571428571428573,29.642857142857142
3,Nexora Care - Downtown Express,2024-08-12,30,0,Monday,12,8,August,3,2024,33,0,False,No Holiday,Standard,13.0,24.0,32.0,33.0,27.857142857142858,29.928571428571427,29.857142857142858
3,Nexora Care - Downtown Express,2024-08-13,35,1,Tuesday,13,8,August,3,2024,33,0,False,No Holiday,Standard,30.0,23.0,36.0,42.0,28.714285714285715,29.785714285714285,29.75
3,Nexora Care - Downtown Express,2024-08-14,37,2,Wednesday,14,8,August,3,2024,33,0,False,No Holiday,Standard,35.0,37.0,31.0,38.0,30.428571428571427,29.714285714285715,29.5
3,Nexora Care - Downtown Express,2024-08-15,46,3,Thursday,15,8,August,3,2024,33,0,False,No Holiday,Standard,37.0,29.0,44.0,26.0,30.428571428571427,30.142857142857142,29.464285714285715
3,Nexora Care - Downtown Express,2024-08-16,31,4,Friday,16,8,August,3,2024,33,0,False,No Holiday,Standard,46.0,41.0,28.0,24.0,32.857142857142854,30.285714285714285,30.178571428571427
3,Nexora Care - Downtown Express,2024-08-17,34,5,Saturday,17,8,August,3,2024,33,1,False,No Holiday,Standard,31.0,28.0,37.0,26.0,31.428571428571427,30.5,30.428571428571427
3,Nexora Care - Downtown Express,2024-08-18,17,6,Sunday,18,8,August,3,2024,33,1,False,No Holiday,Standard,34.0,13.0,16.0,11.0,32.285714285714285,30.285714285714285,30.714285714285715
3,Nexora Care - Downtown Express,2024-08-19,37,0,Monday,19,8,August,3,2024,34,0,False,No Holiday,Standard,17.0,30.0,24.0,37.0,32.857142857142854,30.357142857142858,30.928571428571427
3,Nexora Care - Downtown Express,2024-08-20,34,1,Tuesday,20,8,August,3,2024,34,0,False,No Holiday,Standard,37.0,35.0,23.0,31.0,33.857142857142854,31.285714285714285,30.928571428571427
3,Nexora Care - Downtown Express,2024-08-21,39,2,Wednesday,21,8,August,3,2024,34,0,False,No Holiday,Standard,34.0,37.0,37.0,36.0,33.714285714285715,32.07142857142857,31.035714285714285
3,Nexora Care - Downtown Express,2024-08-22,34,3,Thursday,22,8,August,3,2024,34,0,False,No Holiday,Standard,39.0,46.0,29.0,28.0,34.0,32.214285714285715,31.142857142857142
3,Nexora Care - Downtown Express,2024-08-23,42,4,Friday,23,8,August,3,2024,34,0,False,No Holiday,Standard,34.0,31.0,41.0,31.0,32.285714285714285,32.57142857142857,31.357142857142858
3,Nexora Care - Downtown Express,2024-08-24,39,5,Saturday,24,8,August,3,2024,34,1,False,No Holiday,Standard,42.0,34.0,28.0,32.0,33.857142857142854,32.642857142857146,31.75
3,Nexora Care - Downtown Express,2024-08-25,14,6,Sunday,25,8,August,3,2024,34,1,False,No Holiday,Standard,39.0,17.0,13.0,22.0,34.57142857142857,33.42857142857143,32.0
3,Nexora Care - Downtown Express,2024-08-26,41,0,Monday,26,8,August,3,2024,35,0,False,No Holiday,Standard,14.0,37.0,30.0,32.0,34.142857142857146,33.5,31.714285714285715
3,Nexora Care - Downtown Express,2024-08-27,37,1,Tuesday,27,8,August,3,2024,35,0,False,No Holiday,Standard,41.0,34.0,35.0,36.0,34.714285714285715,34.285714285714285,32.035714285714285
3,Nexora Care - Downtown Express,2024-08-28,46,2,Wednesday,28,8,August,3,2024,35,0,False,No Holiday,Standard,37.0,39.0,37.0,31.0,35.142857142857146,34.42857142857143,32.07142857142857
3,Nexora Care - Downtown Express,2024-08-29,30,3,Thursday,29,8,August,3,2024,35,0,False,No Holiday,Standard,46.0,34.0,46.0,44.0,36.142857142857146,35.07142857142857,32.607142857142854
3,Nexora Care - Downtown Express,2024-08-30,40,4,Friday,30,8,August,3,2024,35,0,False,No Holiday,Standard,30.0,42.0,31.0,28.0,35.57142857142857,33.92857142857143,32.107142857142854
3,Nexora Care - Downtown Express,2024-08-31,25,5,Saturday,31,8,August,3,2024,35,1,False,No Holiday,Standard,40.0,39.0,34.0,37.0,35.285714285714285,34.57142857142857,32.535714285714285
3,Nexora Care - Downtown Express,2024-09-01,15,6,Sunday,1,9,September,3,2024,35,1,False,No Holiday,Standard,25.0,14.0,17.0,16.0,33.285714285714285,33.92857142857143,32.107142857142854
3,Nexora Care - Downtown Express,2024-09-02,5,0,Monday,2,9,September,3,2024,36,0,True,Labor Day,Standard,15.0,41.0,37.0,24.0,33.42857142857143,33.785714285714285,32.07142857142857
3,Nexora Care - Downtown Express,2024-09-03,48,1,Tuesday,3,9,September,3,2024,36,0,False,No Holiday,Standard,5.0,37.0,34.0,23.0,28.285714285714285,31.5,31.392857142857142
3,Nexora Care - Downtown Express,2024-09-04,43,2,Wednesday,4,9,September,3,2024,36,0,False,No Holiday,Standard,48.0,46.0,39.0,37.0,29.857142857142858,32.5,32.285714285714285
3,Nexora Care - Downtown Express,2024-09-05,28,3,Thursday,5,9,September,3,2024,36,0,False,No Holiday,Standard,43.0,30.0,34.0,29.0,29.428571428571427,32.785714285714285,32.5
3,Nexora Care - Downtown Express,2024-09-06,41,4,Friday,6,9,September,3,2024,36,0,False,No Holiday,Standard,28.0,40.0,42.0,41.0,29.142857142857142,32.357142857142854,32.464285714285715
3,Nexora Care - Downtown Express,2024-09-07,25,5,Saturday,7,9,September,3,2024,36,1,False,No Holiday,Standard,41.0,25.0,39.0,28.0,29.285714285714285,32.285714285714285,32.464285714285715
3,Nexora Care - Downtown Express,2024-09-08,11,6,Sunday,8,9,September,3,2024,36,1,False,No Holiday,Standard,25.0,15.0,14.0,13.0,29.285714285714285,31.285714285714285,32.357142857142854
3,Nexora Care - Downtown Express,2024-09-09,36,0,Monday,9,9,September,3,2024,37,0,False,No Holiday,Standard,11.0,5.0,41.0,30.0,28.714285714285715,31.071428571428573,32.285714285714285
3,Nexora Care - Downtown Express,2024-09-10,30,1,Tuesday,10,9,September,3,2024,37,0,False,No Holiday,Standard,36.0,48.0,37.0,35.0,33.142857142857146,30.714285714285715,32.5
3,Nexora Care - Downtown Express,2024-09-11,40,2,Wednesday,11,9,September,3,2024,37,0,False,No Holiday,Standard,30.0,43.0,46.0,37.0,30.571428571428573,30.214285714285715,32.32142857142857
3,Nexora Care - Downtown Express,2024-09-12,39,3,Thursday,12,9,September,3,2024,37,0,False,No Holiday,Standard,40.0,28.0,30.0,46.0,30.142857142857142,29.785714285714285,32.42857142857143
3,Nexora Care - Downtown Express,2024-09-13,46,4,Friday,13,9,September,3,2024,37,0,False,No Holiday,Standard,39.0,41.0,40.0,31.0,31.714285714285715,30.428571428571427,32.17857142857143
3,Nexora Care - Downtown Express,2024-09-14,36,5,Saturday,14,9,September,3,2024,37,1,False,No Holiday,Standard,46.0,25.0,25.0,34.0,32.42857142857143,30.857142857142858,32.714285714285715
3,Nexora Care - Downtown Express,2024-09-15,17,6,Sunday,15,9,September,3,2024,37,1,False,No Holiday,Standard,36.0,11.0,15.0,17.0,34.0,31.642857142857142,32.785714285714285
3,Nexora Care - Downtown Express,2024-09-16,23,0,Monday,16,9,September,3,2024,38,0,False,No Holiday,Standard,17.0,36.0,5.0,37.0,34.857142857142854,31.785714285714285,32.785714285714285
3,Nexora Care - Downtown Express,2024-09-17,32,1,Tuesday,17,9,September,3,2024,38,0,False,No Holiday,Standard,23.0,30.0,48.0,34.0,33.0,33.07142857142857,32.285714285714285
3,Nexora Care - Downtown Express,2024-09-18,34,2,Wednesday,18,9,September,3,2024,38,0,False,No Holiday,Standard,32.0,40.0,43.0,39.0,33.285714285714285,31.928571428571427,32.214285714285715
3,Nexora Care - Downtown Express,2024-09-19,47,3,Thursday,19,9,September,3,2024,38,0,False,No Holiday,Standard,34.0,39.0,28.0,34.0,32.42857142857143,31.285714285714285,32.035714285714285
3,Nexora Care - Downtown Express,2024-09-20,31,4,Friday,20,9,September,3,2024,38,0,False,No Holiday,Standard,47.0,46.0,41.0,42.0,33.57142857142857,32.642857142857146,32.5
3,Nexora Care - Downtown Express,2024-09-21,38,5,Saturday,21,9,September,3,2024,38,1,False,No Holiday,Standard,31.0,36.0,25.0,39.0,31.428571428571427,31.928571428571427,32.107142857142854
3,Nexora Care - Downtown Express,2024-09-22,23,6,Sunday,22,9,September,3,2024,38,1,False,No Holiday,Standard,38.0,17.0,11.0,14.0,31.714285714285715,32.857142857142854,32.07142857142857
3,Nexora Care - Downtown Express,2024-09-23,35,0,Monday,23,9,September,3,2024,39,0,False,No Holiday,Standard,23.0,23.0,36.0,41.0,32.57142857142857,33.714285714285715,32.392857142857146
3,Nexora Care - Downtown Express,2024-09-24,36,1,Tuesday,24,9,September,3,2024,39,0,False,No Holiday,Standard,35.0,32.0,30.0,37.0,34.285714285714285,33.642857142857146,32.17857142857143
3,Nexora Care - Downtown Express,2024-09-25,32,2,Wednesday,25,9,September,3,2024,39,0,False,No Holiday,Standard,36.0,34.0,40.0,46.0,34.857142857142854,34.07142857142857,32.142857142857146
3,Nexora Care - Downtown Express,2024-09-26,26,3,Thursday,26,9,September,3,2024,39,0,False,No Holiday,Standard,32.0,47.0,39.0,30.0,34.57142857142857,33.5,31.642857142857142
3,Nexora Care - Downtown Express,2024-09-27,29,4,Friday,27,9,September,3,2024,39,0,False,No Holiday,Standard,26.0,31.0,46.0,40.0,31.571428571428573,32.57142857142857,31.5
3,Nexora Care - Downtown Express,2024-09-28,30,5,Saturday,28,9,September,3,2024,39,1,False,No Holiday,Standard,29.0,38.0,36.0,25.0,31.285714285714285,31.357142857142858,31.107142857142858
3,Nexora Care - Downtown Express,2024-09-29,14,6,Sunday,29,9,September,3,2024,39,1,False,No Holiday,Standard,30.0,23.0,17.0,15.0,30.142857142857142,30.928571428571427,31.285714285714285
3,Nexora Care - Downtown Express,2024-09-30,39,0,Monday,30,9,September,3,2024,40,0,False,No Holiday,Standard,14.0,35.0,23.0,5.0,28.857142857142858,30.714285714285715,31.25
3,Nexora Care - Downtown Express,2024-10-01,44,1,Tuesday,1,10,October,4,2024,40,0,False,No Holiday,Standard,39.0,36.0,32.0,48.0,29.428571428571427,31.857142857142858,32.464285714285715
3,Nexora Care - Downtown Express,2024-10-02,35,2,Wednesday,2,10,October,4,2024,40,0,False,No Holiday,Standard,44.0,32.0,34.0,43.0,30.571428571428573,32.714285714285715,32.32142857142857
3,Nexora Care - Downtown Express,2024-10-03,38,3,Thursday,3,10,October,4,2024,40,0,False,No Holiday,Standard,35.0,26.0,47.0,28.0,31.0,32.785714285714285,32.035714285714285
3,Nexora Care - Downtown Express,2024-10-04,26,4,Friday,4,10,October,4,2024,40,0,False,No Holiday,Standard,38.0,29.0,31.0,41.0,32.714285714285715,32.142857142857146,32.392857142857146
3,Nexora Care - Downtown Express,2024-10-05,26,5,Saturday,5,10,October,4,2024,40,1,False,No Holiday,Standard,26.0,30.0,38.0,25.0,32.285714285714285,31.785714285714285,31.857142857142858
3,Nexora Care - Downtown Express,2024-10-06,27,6,Sunday,6,10,October,4,2024,40,1,False,No Holiday,Standard,26.0,14.0,23.0,11.0,31.714285714285715,30.928571428571427,31.892857142857142
3,Nexora Care - Downtown Express,2024-10-07,34,0,Monday,7,10,October,4,2024,41,0,False,No Holiday,Standard,27.0,39.0,35.0,36.0,33.57142857142857,31.214285714285715,32.464285714285715
3,Nexora Care - Downtown Express,2024-10-08,45,1,Tuesday,8,10,October,4,2024,41,0,False,No Holiday,Standard,34.0,44.0,36.0,30.0,32.857142857142854,31.142857142857142,32.392857142857146
3,Nexora Care - Downtown Express,2024-10-09,36,2,Wednesday,9,10,October,4,2024,41,0,False,No Holiday,Standard,45.0,35.0,32.0,40.0,33.0,31.785714285714285,32.92857142857143
3,Nexora Care - Downtown Express,2024-10-10,49,3,Thursday,10,10,October,4,2024,41,0,False,No Holiday,Standard,36.0,38.0,26.0,39.0,33.142857142857146,32.07142857142857,32.785714285714285
3,Nexora Care - Downtown Express,2024-10-11,27,4,Friday,11,10,October,4,2024,41,0,False,No Holiday,Standard,49.0,26.0,29.0,46.0,34.714285714285715,33.714285714285715,33.142857142857146
3,Nexora Care - Downtown Express,2024-10-12,22,5,Saturday,12,10,October,4,2024,41,1,False,No Holiday,Standard,27.0,26.0,30.0,36.0,34.857142857142854,33.57142857142857,32.464285714285715
3,Nexora Care - Downtown Express,2024-10-13,19,6,Sunday,13,10,October,4,2024,41,1,False,No Holiday,Standard,22.0,27.0,14.0,17.0,34.285714285714285,33.0,31.964285714285715
3,Nexora Care - Downtown Express,2024-10-14,41,0,Monday,14,10,October,4,2024,42,0,False,No Holiday,Standard,19.0,34.0,39.0,23.0,33.142857142857146,33.357142857142854,32.035714285714285
3,Nexora Care - Downtown Express,2024-10-15,38,1,Tuesday,15,10,October,4,2024,42,0,False,No Holiday,Standard,41.0,45.0,44.0,32.0,34.142857142857146,33.5,32.67857142857143
3,Nexora Care - Downtown Express,2024-10-16,46,2,Wednesday,16,10,October,4,2024,42,0,False,No Holiday,Standard,38.0,36.0,35.0,34.0,33.142857142857146,33.07142857142857,32.892857142857146
3,Nexora Care - Downtown Express,2024-10-17,45,3,Thursday,17,10,October,4,2024,42,0,False,No Holiday,Standard,46.0,49.0,38.0,47.0,34.57142857142857,33.857142857142854,33.32142857142857
3,Nexora Care - Downtown Express,2024-10-18,46,4,Friday,18,10,October,4,2024,42,0,False,No Holiday,Standard,45.0,27.0,26.0,31.0,34.0,34.357142857142854,33.25
3,Nexora Care - Downtown Express,2024-10-19,21,5,Saturday,19,10,October,4,2024,42,1,False,No Holiday,Standard,46.0,22.0,26.0,38.0,36.714285714285715,35.785714285714285,33.785714285714285
3,Nexora Care - Downtown Express,2024-10-20,29,6,Sunday,20,10,October,4,2024,42,1,False,No Holiday,Standard,21.0,19.0,27.0,23.0,36.57142857142857,35.42857142857143,33.17857142857143
3,Nexora Care - Downtown Express,2024-10-21,29,0,Monday,21,10,October,4,2024,43,0,False,No Holiday,Standard,29.0,41.0,34.0,35.0,38.0,35.57142857142857,33.392857142857146
3,Nexora Care - Downtown Express,2024-10-22,18,1,Tuesday,22,10,October,4,2024,43,0,False,No Holiday,Standard,29.0,38.0,45.0,36.0,36.285714285714285,35.214285714285715,33.17857142857143
3,Nexora Care - Downtown Express,2024-10-23,39,2,Wednesday,23,10,October,4,2024,43,0,False,No Holiday,Standard,18.0,46.0,36.0,32.0,33.42857142857143,33.285714285714285,32.535714285714285
3,Nexora Care - Downtown Express,2024-10-24,45,3,Thursday,24,10,October,4,2024,43,0,False,No Holiday,Standard,39.0,45.0,49.0,26.0,32.42857142857143,33.5,32.785714285714285
3,Nexora Care - Downtown Express,2024-10-25,39,4,Friday,25,10,October,4,2024,43,0,False,No Holiday,Standard,45.0,46.0,27.0,29.0,32.42857142857143,33.214285714285715,33.464285714285715
3,Nexora Care - Downtown Express,2024-10-26,23,5,Saturday,26,10,October,4,2024,43,1,False,No Holiday,Standard,39.0,21.0,22.0,30.0,31.428571428571427,34.07142857142857,33.82142857142857
3,Nexora Care - Downtown Express,2024-10-27,20,6,Sunday,27,10,October,4,2024,43,1,False,No Holiday,Standard,23.0,29.0,19.0,14.0,31.714285714285715,34.142857142857146,33.57142857142857
3,Nexora Care - Downtown Express,2024-10-28,32,0,Monday,28,10,October,4,2024,44,0,False,No Holiday,Standard,20.0,29.0,41.0,39.0,30.428571428571427,34.214285714285715,33.785714285714285
3,Nexora Care - Downtown Express,2024-10-29,45,1,Tuesday,29,10,October,4,2024,44,0,False,No Holiday,Standard,32.0,18.0,38.0,44.0,30.857142857142858,33.57142857142857,33.535714285714285
3,Nexora Care - Downtown Express,2024-10-30,37,2,Wednesday,30,10,October,4,2024,44,0,False,No Holiday,Standard,45.0,39.0,46.0,35.0,34.714285714285715,34.07142857142857,33.57142857142857
3,Nexora Care - Downtown Express,2024-10-31,45,3,Thursday,31,10,October,4,2024,44,0,False,No Holiday,Standard,37.0,45.0,45.0,38.0,34.42857142857143,33.42857142857143,33.642857142857146
3,Nexora Care - Downtown Express,2024-11-01,35,4,Friday,1,11,November,4,2024,44,0,False,No Holiday,Standard,45.0,39.0,46.0,26.0,34.42857142857143,33.42857142857143,33.892857142857146
3,Nexora Care - Downtown Express,2024-11-02,25,5,Saturday,2,11,November,4,2024,44,1,False,No Holiday,Standard,35.0,23.0,21.0,26.0,33.857142857142854,32.642857142857146,34.214285714285715
3,Nexora Care - Downtown Express,2024-11-03,23,6,Sunday,3,11,November,4,2024,44,1,False,No Holiday,Standard,25.0,20.0,29.0,27.0,34.142857142857146,32.92857142857143,34.17857142857143
3,Nexora Care - Downtown Express,2024-11-04,41,0,Monday,4,11,November,4,2024,45,0,False,No Holiday,Standard,23.0,32.0,29.0,34.0,34.57142857142857,32.5,34.035714285714285
3,Nexora Care - Downtown Express,2024-11-05,37,1,Tuesday,5,11,November,4,2024,45,0,False,No Holiday,Standard,41.0,45.0,18.0,45.0,35.857142857142854,33.357142857142854,34.285714285714285
3,Nexora Care - Downtown Express,2024-11-06,48,2,Wednesday,6,11,November,4,2024,45,0,False,No Holiday,Standard,37.0,37.0,39.0,36.0,34.714285714285715,34.714285714285715,34.0
3,Nexora Care - Downtown Express,2024-11-07,42,3,Thursday,7,11,November,4,2024,45,0,False,No Holiday,Standard,48.0,45.0,45.0,49.0,36.285714285714285,35.357142857142854,34.42857142857143
3,Nexora Care - Downtown Express,2024-11-08,38,4,Friday,8,11,November,4,2024,45,0,False,No Holiday,Standard,42.0,35.0,39.0,27.0,35.857142857142854,35.142857142857146,34.17857142857143
3,Nexora Care - Downtown Express,2024-11-09,27,5,Saturday,9,11,November,4,2024,45,1,False,No Holiday,Standard,38.0,25.0,23.0,22.0,36.285714285714285,35.07142857142857,34.57142857142857
3,Nexora Care - Downtown Express,2024-11-10,19,6,Sunday,10,11,November,4,2024,45,1,False,No Holiday,Standard,27.0,23.0,20.0,19.0,36.57142857142857,35.357142857142854,34.75
3,Nexora Care - Downtown Express,2024-11-11,7,0,Monday,11,11,November,4,2024,46,0,True,Veterans Day,Standard,19.0,41.0,32.0,41.0,36.0,35.285714285714285,34.75
3,Nexora Care - Downtown Express,2024-11-12,48,1,Tuesday,12,11,November,4,2024,46,0,False,No Holiday,Standard,7.0,37.0,45.0,38.0,31.142857142857142,33.5,33.535714285714285
3,Nexora Care - Downtown Express,2024-11-13,37,2,Wednesday,13,11,November,4,2024,46,0,False,No Holiday,Standard,48.0,48.0,37.0,46.0,32.714285714285715,33.714285714285715,33.892857142857146
3,Nexora Care - Downtown Express,2024-11-14,33,3,Thursday,14,11,November,4,2024,46,0,False,No Holiday,Standard,37.0,42.0,45.0,45.0,31.142857142857142,33.714285714285715,33.57142857142857
3,Nexora Care - Downtown Express,2024-11-15,46,4,Friday,15,11,November,4,2024,46,0,False,No Holiday,Standard,33.0,38.0,35.0,46.0,29.857142857142858,32.857142857142854,33.142857142857146
3,Nexora Care - Downtown Express,2024-11-16,19,5,Saturday,16,11,November,4,2024,46,1,False,No Holiday,Standard,46.0,27.0,25.0,21.0,31.0,33.642857142857146,33.142857142857146
3,Nexora Care - Downtown Express,2024-11-17,14,6,Sunday,17,11,November,4,2024,46,1,False,No Holiday,Standard,19.0,19.0,23.0,29.0,29.857142857142858,33.214285714285715,33.07142857142857
3,Nexora Care - Downtown Express,2024-11-18,43,0,Monday,18,11,November,4,2024,47,0,False,No Holiday,Standard,14.0,7.0,41.0,29.0,29.142857142857142,32.57142857142857,32.535714285714285
3,Nexora Care - Downtown Express,2024-11-19,41,1,Tuesday,19,11,November,4,2024,47,0,False,No Holiday,Standard,43.0,48.0,37.0,18.0,34.285714285714285,32.714285714285715,33.035714285714285
3,Nexora Care - Downtown Express,2024-11-20,41,2,Wednesday,20,11,November,4,2024,47,0,False,No Holiday,Standard,41.0,37.0,48.0,39.0,33.285714285714285,33.0,33.857142857142854
3,Nexora Care - Downtown Express,2024-11-21,33,3,Thursday,21,11,November,4,2024,47,0,False,No Holiday,Standard,41.0,33.0,42.0,45.0,33.857142857142854,32.5,33.92857142857143
3,Nexora Care - Downtown Express,2024-11-22,28,4,Friday,22,11,November,4,2024,47,0,False,No Holiday,Standard,33.0,46.0,38.0,39.0,33.857142857142854,31.857142857142858,33.5
3,Nexora Care - Downtown Express,2024-11-23,27,5,Saturday,23,11,November,4,2024,47,1,False,No Holiday,Standard,28.0,19.0,27.0,23.0,31.285714285714285,31.142857142857142,33.107142857142854
3,Nexora Care - Downtown Express,2024-11-24,16,6,Sunday,24,11,November,4,2024,47,1,False,No Holiday,Standard,27.0,14.0,19.0,20.0,32.42857142857143,31.142857142857142,33.25
3,Nexora Care - Downtown Express,2024-11-25,39,0,Monday,25,11,November,4,2024,48,0,False,No Holiday,Standard,16.0,43.0,7.0,32.0,32.714285714285715,30.928571428571427,33.107142857142854
3,Nexora Care - Downtown Express,2024-11-26,49,1,Tuesday,26,11,November,4,2024,48,0,False,No Holiday,Standard,39.0,41.0,48.0,45.0,32.142857142857146,33.214285714285715,33.357142857142854
3,Nexora Care - Downtown Express,2024-11-27,36,2,Wednesday,27,11,November,4,2024,48,0,False,No Holiday,Standard,49.0,41.0,37.0,37.0,33.285714285714285,33.285714285714285,33.5
3,Nexora Care - Downtown Express,2024-11-28,8,3,Thursday,28,11,November,4,2024,48,0,True,Thanksgiving,Standard,36.0,33.0,33.0,45.0,32.57142857142857,33.214285714285715,33.464285714285715
3,Nexora Care - Downtown Express,2024-11-29,3,4,Friday,29,11,November,4,2024,48,0,True,Day After Thanksgiving,Standard,8.0,28.0,46.0,35.0,29.0,31.428571428571427,32.142857142857146
3,Nexora Care - Downtown Express,2024-11-30,37,5,Saturday,30,11,November,4,2024,48,1,False,No Holiday,Standard,3.0,27.0,19.0,25.0,25.428571428571427,28.357142857142858,31.0
3,Nexora Care - Downtown Express,2024-12-01,18,6,Sunday,1,12,December,4,2024,48,1,False,No Holiday,Flu Season,37.0,16.0,14.0,23.0,26.857142857142858,29.642857142857142,31.428571428571427
3,Nexora Care - Downtown Express,2024-12-02,35,0,Monday,2,12,December,4,2024,49,0,False,No Holiday,Flu Season,18.0,39.0,43.0,41.0,27.142857142857142,29.928571428571427,31.25
3,Nexora Care - Downtown Express,2024-12-03,40,1,Tuesday,3,12,December,4,2024,49,0,False,No Holiday,Flu Season,35.0,49.0,41.0,37.0,26.571428571428573,29.357142857142858,31.035714285714285
3,Nexora Care - Downtown Express,2024-12-04,23,2,Wednesday,4,12,December,4,2024,49,0,False,No Holiday,Flu Season,40.0,36.0,41.0,48.0,25.285714285714285,29.285714285714285,31.142857142857142
3,Nexora Care - Downtown Express,2024-12-05,36,3,Thursday,5,12,December,4,2024,49,0,False,No Holiday,Flu Season,23.0,8.0,33.0,42.0,23.428571428571427,28.0,30.25
3,Nexora Care - Downtown Express,2024-12-06,44,4,Friday,6,12,December,4,2024,49,0,False,No Holiday,Flu Season,36.0,3.0,28.0,38.0,27.428571428571427,28.214285714285715,30.035714285714285
3,Nexora Care - Downtown Express,2024-12-07,26,5,Saturday,7,12,December,4,2024,49,1,False,No Holiday,Flu Season,44.0,37.0,27.0,27.0,33.285714285714285,29.357142857142858,30.25
3,Nexora Care - Downtown Express,2024-12-08,27,6,Sunday,8,12,December,4,2024,49,1,False,No Holiday,Flu Season,26.0,18.0,16.0,19.0,31.714285714285715,29.285714285714285,30.214285714285715
3,Nexora Care - Downtown Express,2024-12-09,54,0,Monday,9,12,December,4,2024,50,0,False,No Holiday,Flu Season,27.0,35.0,39.0,7.0,33.0,30.071428571428573,30.5
3,Nexora Care - Downtown Express,2024-12-10,40,1,Tuesday,10,12,December,4,2024,50,0,False,No Holiday,Flu Season,54.0,40.0,49.0,48.0,35.714285714285715,31.142857142857142,32.17857142857143
3,Nexora Care - Downtown Express,2024-12-11,33,2,Wednesday,11,12,December,4,2024,50,0,False,No Holiday,Flu Season,40.0,23.0,36.0,37.0,35.714285714285715,30.5,31.892857142857142
3,Nexora Care - Downtown Express,2024-12-12,46,3,Thursday,12,12,December,4,2024,50,0,False,No Holiday,Flu Season,33.0,36.0,8.0,33.0,37.142857142857146,30.285714285714285,31.75
3,Nexora Care - Downtown Express,2024-12-13,45,4,Friday,13,12,December,4,2024,50,0,False,No Holiday,Flu Season,46.0,44.0,3.0,46.0,38.57142857142857,33.0,32.214285714285715
3,Nexora Care - Downtown Express,2024-12-14,27,5,Saturday,14,12,December,4,2024,50,1,False,No Holiday,Flu Season,45.0,26.0,37.0,19.0,38.714285714285715,36.0,32.17857142857143
3,Nexora Care - Downtown Express,2024-12-15,24,6,Sunday,15,12,December,4,2024,50,1,False,No Holiday,Flu Season,27.0,27.0,18.0,14.0,38.857142857142854,35.285714285714285,32.464285714285715
3,Nexora Care - Downtown Express,2024-12-16,57,0,Monday,16,12,December,4,2024,51,0,False,No Holiday,Flu Season,24.0,54.0,35.0,43.0,38.42857142857143,35.714285714285715,32.82142857142857
3,Nexora Care - Downtown Express,2024-12-17,51,1,Tuesday,17,12,December,4,2024,51,0,False,No Holiday,Flu Season,57.0,40.0,40.0,41.0,38.857142857142854,37.285714285714285,33.32142857142857
3,Nexora Care - Downtown Express,2024-12-18,34,2,Wednesday,18,12,December,4,2024,51,0,False,No Holiday,Flu Season,51.0,33.0,23.0,41.0,40.42857142857143,38.07142857142857,33.67857142857143
3,Nexora Care - Downtown Express,2024-12-19,52,3,Thursday,19,12,December,4,2024,51,0,False,No Holiday,Flu Season,34.0,46.0,36.0,33.0,40.57142857142857,38.857142857142854,33.42857142857143
3,Nexora Care - Downtown Express,2024-12-20,43,4,Friday,20,12,December,4,2024,51,0,False,No Holiday,Flu Season,52.0,45.0,44.0,28.0,41.42857142857143,40.0,34.107142857142854
3,Nexora Care - Downtown Express,2024-12-21,45,5,Saturday,21,12,December,4,2024,51,1,False,No Holiday,Flu Season,43.0,27.0,26.0,27.0,41.142857142857146,39.92857142857143,34.642857142857146
3,Nexora Care - Downtown Express,2024-12-22,19,6,Sunday,22,12,December,4,2024,51,1,False,No Holiday,Flu Season,45.0,24.0,27.0,16.0,43.714285714285715,41.285714285714285,35.285714285714285
3,Nexora Care - Downtown Express,2024-12-23,46,0,Monday,23,12,December,4,2024,52,0,False,No Holiday,Flu Season,19.0,57.0,54.0,39.0,43.0,40.714285714285715,35.392857142857146
3,Nexora Care - Downtown Express,2024-12-24,7,1,Tuesday,24,12,December,4,2024,52,0,True,Christmas Eve,Flu Season,46.0,51.0,40.0,49.0,41.42857142857143,40.142857142857146,35.642857142857146
3,Nexora Care - Downtown Express,2024-12-25,5,2,Wednesday,25,12,December,4,2024,52,0,True,Christmas Day,Flu Season,7.0,34.0,33.0,36.0,35.142857142857146,37.785714285714285,34.142857142857146
3,Nexora Care - Downtown Express,2024-12-26,71,3,Thursday,26,12,December,4,2024,52,0,False,No Holiday,Flu Season,5.0,52.0,46.0,8.0,31.0,35.785714285714285,33.035714285714285
3,Nexora Care - Downtown Express,2024-12-27,46,4,Friday,27,12,December,4,2024,52,0,False,No Holiday,Flu Season,71.0,43.0,45.0,3.0,33.714285714285715,37.57142857142857,35.285714285714285
3,Nexora Care - Downtown Express,2024-12-28,30,5,Saturday,28,12,December,4,2024,52,1,False,No Holiday,Flu Season,46.0,45.0,27.0,37.0,34.142857142857146,37.642857142857146,36.82142857142857
3,Nexora Care - Downtown Express,2024-12-29,25,6,Sunday,29,12,December,4,2024,52,1,False,No Holiday,Flu Season,30.0,19.0,24.0,18.0,32.0,37.857142857142854,36.57142857142857
3,Nexora Care - Downtown Express,2024-12-30,42,0,Monday,30,12,December,4,2024,1,0,False,No Holiday,Flu Season,25.0,46.0,57.0,35.0,32.857142857142854,37.92857142857143,36.82142857142857
3,Nexora Care - Downtown Express,2024-12-31,8,1,Tuesday,31,12,December,4,2024,1,0,True,New Year's Eve,Flu Season,42.0,7.0,51.0,40.0,32.285714285714285,36.857142857142854,37.07142857142857
3,Nexora Care - Downtown Express,2025-01-01,6,2,Wednesday,1,1,January,1,2025,1,0,True,New Year's Day,Flu Season,8.0,5.0,34.0,23.0,32.42857142857143,33.785714285714285,35.92857142857143
3,Nexora Care - Downtown Express,2025-01-02,52,3,Thursday,2,1,January,1,2025,1,0,False,No Holiday,Flu Season,6.0,71.0,52.0,36.0,32.57142857142857,31.785714285714285,35.32142857142857
3,Nexora Care - Downtown Express,2025-01-03,49,4,Friday,3,1,January,1,2025,1,0,False,No Holiday,Flu Season,52.0,46.0,43.0,44.0,29.857142857142858,31.785714285714285,35.892857142857146
3,Nexora Care - Downtown Express,2025-01-04,22,5,Saturday,4,1,January,1,2025,1,1,False,No Holiday,Flu Season,49.0,30.0,45.0,26.0,30.285714285714285,32.214285714285715,36.07142857142857
3,Nexora Care - Downtown Express,2025-01-05,24,6,Sunday,5,1,January,1,2025,1,1,False,No Holiday,Flu Season,22.0,25.0,19.0,27.0,29.142857142857142,30.571428571428573,35.92857142857143
3,Nexora Care - Downtown Express,2025-01-06,45,0,Monday,6,1,January,1,2025,2,0,False,No Holiday,Flu Season,24.0,42.0,46.0,54.0,29.0,30.928571428571427,35.82142857142857
3,Nexora Care - Downtown Express,2025-01-07,50,1,Tuesday,7,1,January,1,2025,2,0,False,No Holiday,Flu Season,45.0,8.0,7.0,40.0,29.428571428571427,30.857142857142858,35.5
3,Nexora Care - Downtown Express,2025-01-08,54,2,Wednesday,8,1,January,1,2025,2,0,False,No Holiday,Flu Season,50.0,6.0,5.0,33.0,35.42857142857143,33.92857142857143,35.857142857142854
3,Nexora Care - Downtown Express,2025-01-09,34,3,Thursday,9,1,January,1,2025,2,0,False,No Holiday,Flu Season,54.0,52.0,71.0,46.0,42.285714285714285,37.42857142857143,36.607142857142854
3,Nexora Care - Downtown Express,2025-01-10,41,4,Friday,10,1,January,1,2025,2,0,False,No Holiday,Flu Season,34.0,49.0,46.0,45.0,39.714285714285715,34.785714285714285,36.17857142857143
3,Nexora Care - Downtown Express,2025-01-11,31,5,Saturday,11,1,January,1,2025,2,1,False,No Holiday,Flu Season,41.0,22.0,30.0,27.0,38.57142857142857,34.42857142857143,36.035714285714285
3,Nexora Care - Downtown Express,2025-01-12,30,6,Sunday,12,1,January,1,2025,2,1,False,No Holiday,Flu Season,31.0,24.0,25.0,24.0,39.857142857142854,34.5,36.17857142857143
3,Nexora Care - Downtown Express,2025-01-13,49,0,Monday,13,1,January,1,2025,3,0,False,No Holiday,Flu Season,30.0,45.0,42.0,57.0,40.714285714285715,34.857142857142854,36.392857142857146
3,Nexora Care - Downtown Express,2025-01-14,31,1,Tuesday,14,1,January,1,2025,3,0,False,No Holiday,Flu Season,49.0,50.0,8.0,51.0,41.285714285714285,35.357142857142854,36.107142857142854
3,Nexora Care - Downtown Express,2025-01-15,31,2,Wednesday,15,1,January,1,2025,3,0,False,No Holiday,Flu Season,31.0,54.0,6.0,34.0,38.57142857142857,37.0,35.392857142857146
3,Nexora Care - Downtown Express,2025-01-16,36,3,Thursday,16,1,January,1,2025,3,0,False,No Holiday,Flu Season,31.0,34.0,52.0,52.0,35.285714285714285,38.785714285714285,35.285714285714285
3,Nexora Care - Downtown Express,2025-01-17,34,4,Friday,17,1,January,1,2025,3,0,False,No Holiday,Flu Season,36.0,41.0,49.0,43.0,35.57142857142857,37.642857142857146,34.714285714285715
3,Nexora Care - Downtown Express,2025-01-18,34,5,Saturday,18,1,January,1,2025,3,1,False,No Holiday,Flu Season,34.0,31.0,22.0,45.0,34.57142857142857,36.57142857142857,34.392857142857146
3,Nexora Care - Downtown Express,2025-01-19,15,6,Sunday,19,1,January,1,2025,3,1,False,No Holiday,Flu Season,34.0,30.0,24.0,19.0,35.0,37.42857142857143,34.0
3,Nexora Care - Downtown Express,2025-01-20,8,0,Monday,20,1,January,1,2025,4,0,True,MLK Day,Flu Season,15.0,49.0,45.0,46.0,32.857142857142854,36.785714285714285,33.857142857142854
3,Nexora Care - Downtown Express,2025-01-21,64,1,Tuesday,21,1,January,1,2025,4,0,False,No Holiday,Flu Season,8.0,31.0,50.0,7.0,27.0,34.142857142857146,32.5
3,Nexora Care - Downtown Express,2025-01-22,41,2,Wednesday,22,1,January,1,2025,4,0,False,No Holiday,Flu Season,64.0,31.0,54.0,5.0,31.714285714285715,35.142857142857146,34.535714285714285
3,Nexora Care - Downtown Express,2025-01-23,36,3,Thursday,23,1,January,1,2025,4,0,False,No Holiday,Flu Season,41.0,36.0,34.0,71.0,33.142857142857146,34.214285714285715,35.82142857142857
3,Nexora Care - Downtown Express,2025-01-24,36,4,Friday,24,1,January,1,2025,4,0,False,No Holiday,Flu Season,36.0,34.0,41.0,46.0,33.142857142857146,34.357142857142854,34.57142857142857
3,Nexora Care - Downtown Express,2025-01-25,35,5,Saturday,25,1,January,1,2025,4,1,False,No Holiday,Flu Season,36.0,34.0,31.0,30.0,33.42857142857143,34.0,34.214285714285715
3,Nexora Care - Downtown Express,2025-01-26,22,6,Sunday,26,1,January,1,2025,4,1,False,No Holiday,Flu Season,35.0,15.0,30.0,25.0,33.57142857142857,34.285714285714285,34.392857142857146
3,Nexora Care - Downtown Express,2025-01-27,49,0,Monday,27,1,January,1,2025,5,0,False,No Holiday,Flu Season,22.0,8.0,49.0,42.0,34.57142857142857,33.714285714285715,34.285714285714285
3,Nexora Care - Downtown Express,2025-01-28,42,1,Tuesday,28,1,January,1,2025,5,0,False,No Holiday,Flu Season,49.0,64.0,31.0,8.0,40.42857142857143,33.714285714285715,34.535714285714285
3,Nexora Care - Downtown Express,2025-01-29,28,2,Wednesday,29,1,January,1,2025,5,0,False,No Holiday,Flu Season,42.0,41.0,31.0,6.0,37.285714285714285,34.5,35.75
3,Nexora Care - Downtown Express,2025-01-30,35,3,Thursday,30,1,January,1,2025,5,0,False,No Holiday,Flu Season,28.0,36.0,36.0,52.0,35.42857142857143,34.285714285714285,36.535714285714285
3,Nexora Care - Downtown Express,2025-01-31,33,4,Friday,31,1,January,1,2025,5,0,False,No Holiday,Flu Season,35.0,36.0,34.0,49.0,35.285714285714285,34.214285714285715,35.92857142857143
3,Nexora Care - Downtown Express,2025-02-01,29,5,Saturday,1,2,February,1,2025,5,1,False,No Holiday,Flu Season,33.0,35.0,34.0,22.0,34.857142857142854,34.142857142857146,35.357142857142854
3,Nexora Care - Downtown Express,2025-02-02,23,6,Sunday,2,2,February,1,2025,5,1,False,No Holiday,Flu Season,29.0,22.0,15.0,24.0,34.0,33.785714285714285,35.607142857142854
3,Nexora Care - Downtown Express,2025-02-03,67,0,Monday,3,2,February,1,2025,6,0,False,No Holiday,Flu Season,23.0,49.0,8.0,45.0,34.142857142857146,34.357142857142854,35.57142857142857
3,Nexora Care - Downtown Express,2025-02-04,41,1,Tuesday,4,2,February,1,2025,6,0,False,No Holiday,Flu Season,67.0,42.0,64.0,50.0,36.714285714285715,38.57142857142857,36.357142857142854
3,Nexora Care - Downtown Express,2025-02-05,49,2,Wednesday,5,2,February,1,2025,6,0,False,No Holiday,Flu Season,41.0,28.0,41.0,54.0,36.57142857142857,36.92857142857143,36.035714285714285
3,Nexora Care - Downtown Express,2025-02-06,32,3,Thursday,6,2,February,1,2025,6,0,False,No Holiday,Flu Season,49.0,35.0,36.0,34.0,39.57142857142857,37.5,35.857142857142854
3,Nexora Care - Downtown Express,2025-02-07,48,4,Friday,7,2,February,1,2025,6,0,False,No Holiday,Flu Season,32.0,33.0,36.0,41.0,39.142857142857146,37.214285714285715,35.785714285714285
3,Nexora Care - Downtown Express,2025-02-08,35,5,Saturday,8,2,February,1,2025,6,1,False,No Holiday,Flu Season,48.0,29.0,35.0,31.0,41.285714285714285,38.07142857142857,36.035714285714285
3,Nexora Care - Downtown Express,2025-02-09,18,6,Sunday,9,2,February,1,2025,6,1,False,No Holiday,Flu Season,35.0,23.0,22.0,30.0,42.142857142857146,38.07142857142857,36.17857142857143
3,Nexora Care - Downtown Express,2025-02-10,40,0,Monday,10,2,February,1,2025,7,0,False,No Holiday,Flu Season,18.0,67.0,49.0,49.0,41.42857142857143,37.785714285714285,35.75
3,Nexora Care - Downtown Express,2025-02-11,40,1,Tuesday,11,2,February,1,2025,7,0,False,No Holiday,Flu Season,40.0,41.0,42.0,31.0,37.57142857142857,37.142857142857146,35.42857142857143
3,Nexora Care - Downtown Express,2025-02-12,50,2,Wednesday,12,2,February,1,2025,7,0,False,No Holiday,Flu Season,40.0,49.0,28.0,31.0,37.42857142857143,37.0,35.75
3,Nexora Care - Downtown Express,2025-02-13,33,3,Thursday,13,2,February,1,2025,7,0,False,No Holiday,Flu Season,50.0,32.0,35.0,36.0,37.57142857142857,38.57142857142857,36.42857142857143
3,Nexora Care - Downtown Express,2025-02-14,53,4,Friday,14,2,February,1,2025,7,0,False,No Holiday,Flu Season,33.0,48.0,33.0,34.0,37.714285714285715,38.42857142857143,36.32142857142857
3,Nexora Care - Downtown Express,2025-02-15,32,5,Saturday,15,2,February,1,2025,7,1,False,No Holiday,Flu Season,53.0,35.0,29.0,34.0,38.42857142857143,39.857142857142854,37.0
3,Nexora Care - Downtown Express,2025-02-16,32,6,Sunday,16,2,February,1,2025,7,1,False,No Holiday,Flu Season,32.0,18.0,23.0,15.0,38.0,40.07142857142857,36.92857142857143
3,Nexora Care - Downtown Express,2025-02-17,7,0,Monday,17,2,February,1,2025,8,0,True,Presidents' Day,Flu Season,32.0,40.0,67.0,8.0,40.0,40.714285714285715,37.535714285714285
3,Nexora Care - Downtown Express,2025-02-18,67,1,Tuesday,18,2,February,1,2025,8,0,False,No Holiday,Flu Season,7.0,40.0,41.0,64.0,35.285714285714285,36.42857142857143,37.5
3,Nexora Care - Downtown Express,2025-02-19,46,2,Wednesday,19,2,February,1,2025,8,0,False,No Holiday,Flu Season,67.0,50.0,49.0,41.0,39.142857142857146,38.285714285714285,37.607142857142854
3,Nexora Care - Downtown Express,2025-02-20,32,3,Thursday,20,2,February,1,2025,8,0,False,No Holiday,Flu Season,46.0,33.0,32.0,36.0,38.57142857142857,38.07142857142857,37.785714285714285
3,Nexora Care - Downtown Express,2025-02-21,44,4,Friday,21,2,February,1,2025,8,0,False,No Holiday,Flu Season,32.0,53.0,48.0,36.0,38.42857142857143,38.07142857142857,37.642857142857146
3,Nexora Care - Downtown Express,2025-02-22,29,5,Saturday,22,2,February,1,2025,8,1,False,No Holiday,Flu Season,44.0,32.0,35.0,35.0,37.142857142857146,37.785714285714285,37.92857142857143
3,Nexora Care - Downtown Express,2025-02-23,23,6,Sunday,23,2,February,1,2025,8,1,False,No Holiday,Flu Season,29.0,32.0,18.0,22.0,36.714285714285715,37.357142857142854,37.714285714285715
3,Nexora Care - Downtown Express,2025-02-24,42,0,Monday,24,2,February,1,2025,9,0,False,No Holiday,Flu Season,23.0,7.0,40.0,49.0,35.42857142857143,37.714285714285715,37.75
3,Nexora Care - Downtown Express,2025-02-25,48,1,Tuesday,25,2,February,1,2025,9,0,False,No Holiday,Flu Season,42.0,67.0,40.0,42.0,40.42857142857143,37.857142857142854,37.5
3,Nexora Care - Downtown Express,2025-02-26,31,2,Wednesday,26,2,February,1,2025,9,0,False,No Holiday,Flu Season,48.0,46.0,50.0,28.0,37.714285714285715,38.42857142857143,37.714285714285715
3,Nexora Care - Downtown Express,2025-02-27,55,3,Thursday,27,2,February,1,2025,9,0,False,No Holiday,Flu Season,31.0,32.0,33.0,35.0,35.57142857142857,37.07142857142857,37.82142857142857
3,Nexora Care - Downtown Express,2025-02-28,35,4,Friday,28,2,February,1,2025,9,0,False,No Holiday,Flu Season,55.0,44.0,53.0,33.0,38.857142857142854,38.642857142857146,38.535714285714285
3,Nexora Care - Downtown Express,2025-03-01,28,5,Saturday,1,3,March,1,2025,9,1,False,No Holiday,Allergy Season,35.0,29.0,32.0,29.0,37.57142857142857,37.357142857142854,38.607142857142854
3,Nexora Care - Downtown Express,2025-03-02,22,6,Sunday,2,3,March,1,2025,9,1,False,No Holiday,Allergy Season,28.0,23.0,32.0,23.0,37.42857142857143,37.07142857142857,38.57142857142857
3,Nexora Care - Downtown Express,2025-03-03,31,0,Monday,3,3,March,1,2025,10,0,False,No Holiday,Allergy Season,22.0,42.0,7.0,67.0,37.285714285714285,36.357142857142854,38.535714285714285
3,Nexora Care - Downtown Express,2025-03-04,51,1,Tuesday,4,3,March,1,2025,10,0,False,No Holiday,Allergy Season,31.0,48.0,67.0,41.0,35.714285714285715,38.07142857142857,37.25
3,Nexora Care - Downtown Express,2025-03-05,43,2,Wednesday,5,3,March,1,2025,10,0,False,No Holiday,Allergy Season,51.0,31.0,46.0,49.0,36.142857142857146,36.92857142857143,37.607142857142854
3,Nexora Care - Downtown Express,2025-03-06,51,3,Thursday,6,3,March,1,2025,10,0,False,No Holiday,Allergy Season,43.0,55.0,32.0,32.0,37.857142857142854,36.714285714285715,37.392857142857146
3,Nexora Care - Downtown Express,2025-03-07,29,4,Friday,7,3,March,1,2025,10,0,False,No Holiday,Allergy Season,51.0,35.0,44.0,48.0,37.285714285714285,38.07142857142857,38.07142857142857
3,Nexora Care - Downtown Express,2025-03-08,38,5,Saturday,8,3,March,1,2025,10,1,False,No Holiday,Allergy Season,29.0,28.0,29.0,35.0,36.42857142857143,37.0,37.392857142857146
3,Nexora Care - Downtown Express,2025-03-09,31,6,Sunday,9,3,March,1,2025,10,1,False,No Holiday,Allergy Season,38.0,22.0,23.0,18.0,37.857142857142854,37.642857142857146,37.5
3,Nexora Care - Downtown Express,2025-03-10,48,0,Monday,10,3,March,1,2025,11,0,False,No Holiday,Allergy Season,31.0,31.0,42.0,40.0,39.142857142857146,38.214285714285715,37.964285714285715
3,Nexora Care - Downtown Express,2025-03-11,42,1,Tuesday,11,3,March,1,2025,11,0,False,No Holiday,Allergy Season,48.0,51.0,48.0,40.0,41.57142857142857,38.642857142857146,38.25
3,Nexora Care - Downtown Express,2025-03-12,63,2,Wednesday,12,3,March,1,2025,11,0,False,No Holiday,Allergy Season,42.0,43.0,31.0,50.0,40.285714285714285,38.214285714285715,38.32142857142857
3,Nexora Care - Downtown Express,2025-03-13,37,3,Thursday,13,3,March,1,2025,11,0,False,No Holiday,Allergy Season,63.0,51.0,55.0,33.0,43.142857142857146,40.5,38.785714285714285
3,Nexora Care - Downtown Express,2025-03-14,37,4,Friday,14,3,March,1,2025,11,0,False,No Holiday,Allergy Season,37.0,29.0,35.0,53.0,41.142857142857146,39.214285714285715,38.92857142857143
3,Nexora Care - Downtown Express,2025-03-15,30,5,Saturday,15,3,March,1,2025,11,1,False,No Holiday,Allergy Season,37.0,38.0,28.0,32.0,42.285714285714285,39.357142857142854,38.357142857142854
3,Nexora Care - Downtown Express,2025-03-16,24,6,Sunday,16,3,March,1,2025,11,1,False,No Holiday,Allergy Season,30.0,31.0,22.0,32.0,41.142857142857146,39.5,38.285714285714285
3,Nexora Care - Downtown Express,2025-03-17,47,0,Monday,17,3,March,1,2025,12,0,False,No Holiday,Allergy Season,24.0,48.0,31.0,7.0,40.142857142857146,39.642857142857146,38.0
3,Nexora Care - Downtown Express,2025-03-18,44,1,Tuesday,18,3,March,1,2025,12,0,False,No Holiday,Allergy Season,47.0,42.0,51.0,67.0,40.0,40.785714285714285,39.42857142857143
3,Nexora Care - Downtown Express,2025-03-19,46,2,Wednesday,19,3,March,1,2025,12,0,False,No Holiday,Allergy Season,44.0,63.0,43.0,46.0,40.285714285714285,40.285714285714285,38.607142857142854
3,Nexora Care - Downtown Express,2025-03-20,43,3,Thursday,20,3,March,1,2025,12,0,False,No Holiday,Allergy Season,46.0,37.0,51.0,32.0,37.857142857142854,40.5,38.607142857142854
3,Nexora Care - Downtown Express,2025-03-21,24,4,Friday,21,3,March,1,2025,12,0,False,No Holiday,Allergy Season,43.0,37.0,29.0,44.0,38.714285714285715,39.92857142857143,39.0
3,Nexora Care - Downtown Express,2025-03-22,34,5,Saturday,22,3,March,1,2025,12,1,False,No Holiday,Allergy Season,24.0,30.0,38.0,29.0,36.857142857142854,39.57142857142857,38.285714285714285
3,Nexora Care - Downtown Express,2025-03-23,26,6,Sunday,23,3,March,1,2025,12,1,False,No Holiday,Allergy Season,34.0,24.0,31.0,23.0,37.42857142857143,39.285714285714285,38.464285714285715
3,Nexora Care - Downtown Express,2025-03-24,39,0,Monday,24,3,March,1,2025,13,0,False,No Holiday,Allergy Season,26.0,47.0,48.0,42.0,37.714285714285715,38.92857142857143,38.57142857142857
3,Nexora Care - Downtown Express,2025-03-25,54,1,Tuesday,25,3,March,1,2025,13,0,False,No Holiday,Allergy Season,39.0,44.0,42.0,48.0,36.57142857142857,38.285714285714285,38.464285714285715
3,Nexora Care - Downtown Express,2025-03-26,30,2,Wednesday,26,3,March,1,2025,13,0,False,No Holiday,Allergy Season,54.0,46.0,63.0,31.0,38.0,39.142857142857146,38.67857142857143
3,Nexora Care - Downtown Express,2025-03-27,51,3,Thursday,27,3,March,1,2025,13,0,False,No Holiday,Allergy Season,30.0,43.0,37.0,55.0,35.714285714285715,36.785714285714285,38.642857142857146
3,Nexora Care - Downtown Express,2025-03-28,38,4,Friday,28,3,March,1,2025,13,0,False,No Holiday,Allergy Season,51.0,24.0,37.0,35.0,36.857142857142854,37.785714285714285,38.5
3,Nexora Care - Downtown Express,2025-03-29,23,5,Saturday,29,3,March,1,2025,13,1,False,No Holiday,Allergy Season,38.0,34.0,30.0,28.0,38.857142857142854,37.857142857142854,38.607142857142854
3,Nexora Care - Downtown Express,2025-03-30,15,6,Sunday,30,3,March,1,2025,13,1,False,No Holiday,Allergy Season,23.0,26.0,24.0,22.0,37.285714285714285,37.357142857142854,38.42857142857143
3,Nexora Care - Downtown Express,2025-03-31,44,0,Monday,31,3,March,1,2025,14,0,False,No Holiday,Allergy Season,15.0,39.0,47.0,31.0,35.714285714285715,36.714285714285715,38.17857142857143
3,Nexora Care - Downtown Express,2025-04-01,42,1,Tuesday,1,4,April,2,2025,14,0,False,No Holiday,Allergy Season,44.0,54.0,44.0,51.0,36.42857142857143,36.5,38.642857142857146
3,Nexora Care - Downtown Express,2025-04-02,47,2,Wednesday,2,4,April,2,2025,14,0,False,No Holiday,Allergy Season,42.0,30.0,46.0,43.0,34.714285714285715,36.357142857142854,38.32142857142857
3,Nexora Care - Downtown Express,2025-04-03,42,3,Thursday,3,4,April,2,2025,14,0,False,No Holiday,Allergy Season,47.0,51.0,43.0,51.0,37.142857142857146,36.42857142857143,38.464285714285715
3,Nexora Care - Downtown Express,2025-04-04,45,4,Friday,4,4,April,2,2025,14,0,False,No Holiday,Allergy Season,42.0,38.0,24.0,29.0,35.857142857142854,36.357142857142854,38.142857142857146
3,Nexora Care - Downtown Express,2025-04-05,25,5,Saturday,5,4,April,2,2025,14,1,False,No Holiday,Allergy Season,45.0,23.0,34.0,38.0,36.857142857142854,37.857142857142854,38.714285714285715
3,Nexora Care - Downtown Express,2025-04-06,24,6,Sunday,6,4,April,2,2025,14,1,False,No Holiday,Allergy Season,25.0,15.0,26.0,31.0,37.142857142857146,37.214285714285715,38.25
3,Nexora Care - Downtown Express,2025-04-07,40,0,Monday,7,4,April,2,2025,15,0,False,No Holiday,Allergy Season,24.0,44.0,39.0,48.0,38.42857142857143,37.07142857142857,38.0
3,Nexora Care - Downtown Express,2025-04-08,41,1,Tuesday,8,4,April,2,2025,15,0,False,No Holiday,Allergy Season,40.0,42.0,54.0,42.0,37.857142857142854,37.142857142857146,37.714285714285715
3,Nexora Care - Downtown Express,2025-04-09,65,2,Wednesday,9,4,April,2,2025,15,0,False,No Holiday,Allergy Season,41.0,47.0,30.0,63.0,37.714285714285715,36.214285714285715,37.67857142857143
3,Nexora Care - Downtown Express,2025-04-10,43,3,Thursday,10,4,April,2,2025,15,0,False,No Holiday,Allergy Season,65.0,42.0,51.0,37.0,40.285714285714285,38.714285714285715,37.75
3,Nexora Care - Downtown Express,2025-04-11,43,4,Friday,11,4,April,2,2025,15,0,False,No Holiday,Allergy Season,43.0,45.0,38.0,37.0,40.42857142857143,38.142857142857146,37.964285714285715
3,Nexora Care - Downtown Express,2025-04-12,20,5,Saturday,12,4,April,2,2025,15,1,False,No Holiday,Allergy Season,43.0,25.0,23.0,30.0,40.142857142857146,38.5,38.17857142857143
3,Nexora Care - Downtown Express,2025-04-13,23,6,Sunday,13,4,April,2,2025,15,1,False,No Holiday,Allergy Season,20.0,24.0,15.0,24.0,39.42857142857143,38.285714285714285,37.82142857142857
3,Nexora Care - Downtown Express,2025-04-14,46,0,Monday,14,4,April,2,2025,16,0,False,No Holiday,Allergy Season,23.0,40.0,44.0,47.0,39.285714285714285,38.857142857142854,37.785714285714285
3,Nexora Care - Downtown Express,2025-04-15,42,1,Tuesday,15,4,April,2,2025,16,0,False,No Holiday,Allergy Season,46.0,41.0,42.0,44.0,40.142857142857146,39.0,37.75
3,Nexora Care - Downtown Express,2025-04-16,41,2,Wednesday,16,4,April,2,2025,16,0,False,No Holiday,Allergy Season,42.0,65.0,47.0,46.0,40.285714285714285,39.0,37.67857142857143
3,Nexora Care - Downtown Express,2025-04-17,34,3,Thursday,17,4,April,2,2025,16,0,False,No Holiday,Allergy Season,41.0,43.0,42.0,43.0,36.857142857142854,38.57142857142857,37.5
3,Nexora Care - Downtown Express,2025-04-18,48,4,Friday,18,4,April,2,2025,16,0,False,No Holiday,Allergy Season,34.0,43.0,45.0,24.0,35.57142857142857,38.0,37.17857142857143
3,Nexora Care - Downtown Express,2025-04-19,39,5,Saturday,19,4,April,2,2025,16,1,False,No Holiday,Allergy Season,48.0,20.0,25.0,34.0,36.285714285714285,38.214285714285715,38.035714285714285
3,Nexora Care - Downtown Express,2025-04-20,29,6,Sunday,20,4,April,2,2025,16,1,False,No Holiday,Allergy Season,39.0,23.0,24.0,26.0,39.0,39.214285714285715,38.214285714285715
3,Nexora Care - Downtown Express,2025-04-21,38,0,Monday,21,4,April,2,2025,17,0,False,No Holiday,Allergy Season,29.0,46.0,40.0,39.0,39.857142857142854,39.57142857142857,38.32142857142857
3,Nexora Care - Downtown Express,2025-04-22,34,1,Tuesday,22,4,April,2,2025,17,0,False,No Holiday,Allergy Season,38.0,42.0,41.0,54.0,38.714285714285715,39.42857142857143,38.285714285714285
3,Nexora Care - Downtown Express,2025-04-23,51,2,Wednesday,23,4,April,2,2025,17,0,False,No Holiday,Allergy Season,34.0,41.0,65.0,30.0,37.57142857142857,38.92857142857143,37.57142857142857
3,Nexora Care - Downtown Express,2025-04-24,39,3,Thursday,24,4,April,2,2025,17,0,False,No Holiday,Allergy Season,51.0,34.0,43.0,51.0,39.0,37.92857142857143,38.32142857142857
3,Nexora Care - Downtown Express,2025-04-25,39,4,Friday,25,4,April,2,2025,17,0,False,No Holiday,Allergy Season,39.0,48.0,43.0,38.0,39.714285714285715,37.642857142857146,37.892857142857146
3,Nexora Care - Downtown Express,2025-04-26,26,5,Saturday,26,4,April,2,2025,17,1,False,No Holiday,Allergy Season,39.0,39.0,20.0,23.0,38.42857142857143,37.357142857142854,37.92857142857143
3,Nexora Care - Downtown Express,2025-04-27,23,6,Sunday,27,4,April,2,2025,17,1,False,No Holiday,Allergy Season,26.0,29.0,23.0,15.0,36.57142857142857,37.785714285714285,38.035714285714285
3,Nexora Care - Downtown Express,2025-04-28,43,0,Monday,28,4,April,2,2025,18,0,False,No Holiday,Allergy Season,23.0,38.0,46.0,44.0,35.714285714285715,37.785714285714285,38.32142857142857
3,Nexora Care - Downtown Express,2025-04-29,50,1,Tuesday,29,4,April,2,2025,18,0,False,No Holiday,Allergy Season,43.0,34.0,42.0,42.0,36.42857142857143,37.57142857142857,38.285714285714285
3,Nexora Care - Downtown Express,2025-04-30,45,2,Wednesday,30,4,April,2,2025,18,0,False,No Holiday,Allergy Season,50.0,51.0,41.0,47.0,38.714285714285715,38.142857142857146,38.57142857142857
3,Nexora Care - Downtown Express,2025-05-01,42,3,Thursday,1,5,May,2,2025,18,0,False,No Holiday,Allergy Season,45.0,39.0,34.0,42.0,37.857142857142854,38.42857142857143,38.5
3,Nexora Care - Downtown Express,2025-05-02,33,4,Friday,2,5,May,2,2025,18,0,False,No Holiday,Allergy Season,42.0,39.0,48.0,45.0,38.285714285714285,39.0,38.5
3,Nexora Care - Downtown Express,2025-05-03,36,5,Saturday,3,5,May,2,2025,18,1,False,No Holiday,Allergy Season,33.0,26.0,39.0,25.0,37.42857142857143,37.92857142857143,38.07142857142857
3,Nexora Care - Downtown Express,2025-05-04,20,6,Sunday,4,5,May,2,2025,18,1,False,No Holiday,Allergy Season,36.0,23.0,29.0,24.0,38.857142857142854,37.714285714285715,38.464285714285715
3,Nexora Care - Downtown Express,2025-05-05,34,0,Monday,5,5,May,2,2025,19,0,False,No Holiday,Allergy Season,20.0,43.0,38.0,40.0,38.42857142857143,37.07142857142857,38.32142857142857
3,Nexora Care - Downtown Express,2025-05-06,39,1,Tuesday,6,5,May,2,2025,19,0,False,No Holiday,Allergy Season,34.0,50.0,34.0,41.0,37.142857142857146,36.785714285714285,38.107142857142854
3,Nexora Care - Downtown Express,2025-05-07,38,2,Wednesday,7,5,May,2,2025,19,0,False,No Holiday,Allergy Season,39.0,45.0,51.0,65.0,35.57142857142857,37.142857142857146,38.035714285714285
3,Nexora Care - Downtown Express,2025-05-08,38,3,Thursday,8,5,May,2,2025,19,0,False,No Holiday,Allergy Season,38.0,42.0,39.0,43.0,34.57142857142857,36.214285714285715,37.07142857142857
3,Nexora Care - Downtown Express,2025-05-09,38,4,Friday,9,5,May,2,2025,19,0,False,No Holiday,Allergy Season,38.0,33.0,39.0,43.0,34.0,36.142857142857146,36.892857142857146
3,Nexora Care - Downtown Express,2025-05-10,26,5,Saturday,10,5,May,2,2025,19,1,False,No Holiday,Allergy Season,38.0,36.0,26.0,20.0,34.714285714285715,36.07142857142857,36.714285714285715
3,Nexora Care - Downtown Express,2025-05-11,24,6,Sunday,11,5,May,2,2025,19,1,False,No Holiday,Allergy Season,26.0,20.0,23.0,23.0,33.285714285714285,36.07142857142857,36.92857142857143
3,Nexora Care - Downtown Express,2025-05-12,46,0,Monday,12,5,May,2,2025,20,0,False,No Holiday,Allergy Season,24.0,34.0,43.0,46.0,33.857142857142854,36.142857142857146,36.964285714285715
3,Nexora Care - Downtown Express,2025-05-13,54,1,Tuesday,13,5,May,2,2025,20,0,False,No Holiday,Allergy Season,46.0,39.0,50.0,42.0,35.57142857142857,36.357142857142854,36.964285714285715
3,Nexora Care - Downtown Express,2025-05-14,39,2,Wednesday,14,5,May,2,2025,20,0,False,No Holiday,Allergy Season,54.0,38.0,45.0,41.0,37.714285714285715,36.642857142857146,37.392857142857146
3,Nexora Care - Downtown Express,2025-05-15,36,3,Thursday,15,5,May,2,2025,20,0,False,No Holiday,Allergy Season,39.0,38.0,42.0,34.0,37.857142857142854,36.214285714285715,37.32142857142857
3,Nexora Care - Downtown Express,2025-05-16,46,4,Friday,16,5,May,2,2025,20,0,False,No Holiday,Allergy Season,36.0,38.0,33.0,48.0,37.57142857142857,35.785714285714285,37.392857142857146
3,Nexora Care - Downtown Express,2025-05-17,24,5,Saturday,17,5,May,2,2025,20,1,False,No Holiday,Allergy Season,46.0,26.0,36.0,39.0,38.714285714285715,36.714285714285715,37.32142857142857
3,Nexora Care - Downtown Express,2025-05-18,23,6,Sunday,18,5,May,2,2025,20,1,False,No Holiday,Allergy Season,24.0,24.0,20.0,29.0,38.42857142857143,35.857142857142854,36.785714285714285
3,Nexora Care - Downtown Express,2025-05-19,40,0,Monday,19,5,May,2,2025,21,0,False,No Holiday,Allergy Season,23.0,46.0,34.0,38.0,38.285714285714285,36.07142857142857,36.57142857142857
3,Nexora Care - Downtown Express,2025-05-20,57,1,Tuesday,20,5,May,2,2025,21,0,False,No Holiday,Allergy Season,40.0,54.0,39.0,34.0,37.42857142857143,36.5,36.642857142857146
3,Nexora Care - Downtown Express,2025-05-21,54,2,Wednesday,21,5,May,2,2025,21,0,False,No Holiday,Allergy Season,57.0,39.0,38.0,51.0,37.857142857142854,37.785714285714285,37.464285714285715
3,Nexora Care - Downtown Express,2025-05-22,38,3,Thursday,22,5,May,2,2025,21,0,False,No Holiday,Allergy Season,54.0,36.0,38.0,39.0,40.0,38.92857142857143,37.57142857142857
3,Nexora Care - Downtown Express,2025-05-23,39,4,Friday,23,5,May,2,2025,21,0,False,No Holiday,Allergy Season,38.0,46.0,38.0,39.0,40.285714285714285,38.92857142857143,37.535714285714285
3,Nexora Care - Downtown Express,2025-05-24,33,5,Saturday,24,5,May,2,2025,21,1,False,No Holiday,Allergy Season,39.0,24.0,26.0,26.0,39.285714285714285,39.0,37.535714285714285
3,Nexora Care - Downtown Express,2025-05-25,20,6,Sunday,25,5,May,2,2025,21,1,False,No Holiday,Allergy Season,33.0,23.0,24.0,23.0,40.57142857142857,39.5,37.785714285714285
3,Nexora Care - Downtown Express,2025-05-26,1,0,Monday,26,5,May,2,2025,22,0,True,Memorial Day,Allergy Season,20.0,40.0,46.0,43.0,40.142857142857146,39.214285714285715,37.67857142857143
3,Nexora Care - Downtown Express,2025-05-27,45,1,Tuesday,27,5,May,2,2025,22,0,False,No Holiday,Allergy Season,1.0,57.0,54.0,50.0,34.57142857142857,36.0,36.17857142857143
3,Nexora Care - Downtown Express,2025-05-28,53,2,Wednesday,28,5,May,2,2025,22,0,False,No Holiday,Allergy Season,45.0,54.0,39.0,45.0,32.857142857142854,35.357142857142854,36.0
3,Nexora Care - Downtown Express,2025-05-29,34,3,Thursday,29,5,May,2,2025,22,0,False,No Holiday,Allergy Season,53.0,38.0,36.0,42.0,32.714285714285715,36.357142857142854,36.285714285714285
3,Nexora Care - Downtown Express,2025-05-30,41,4,Friday,30,5,May,2,2025,22,0,False,No Holiday,Allergy Season,34.0,39.0,46.0,33.0,32.142857142857146,36.214285714285715,36.0
3,Nexora Care - Downtown Express,2025-05-31,49,5,Saturday,31,5,May,2,2025,22,1,False,No Holiday,Allergy Season,41.0,33.0,24.0,36.0,32.42857142857143,35.857142857142854,36.285714285714285
3,Nexora Care - Downtown Express,2025-06-01,34,6,Sunday,1,6,June,2,2025,22,1,False,No Holiday,Standard,49.0,20.0,23.0,20.0,34.714285714285715,37.642857142857146,36.75
3,Nexora Care - Downtown Express,2025-06-02,63,0,Monday,2,6,June,2,2025,23,0,False,No Holiday,Standard,34.0,1.0,40.0,34.0,36.714285714285715,38.42857142857143,37.25
3,Nexora Care - Downtown Express,2025-06-03,47,1,Tuesday,3,6,June,2,2025,23,0,False,No Holiday,Standard,63.0,45.0,57.0,39.0,45.57142857142857,40.07142857142857,38.285714285714285
3,Nexora Care - Downtown Express,2025-06-04,49,2,Wednesday,4,6,June,2,2025,23,0,False,No Holiday,Standard,47.0,53.0,54.0,38.0,45.857142857142854,39.357142857142854,38.57142857142857
3,Nexora Care - Downtown Express,2025-06-05,47,3,Thursday,5,6,June,2,2025,23,0,False,No Holiday,Standard,49.0,34.0,38.0,38.0,45.285714285714285,39.0,38.964285714285715
3,Nexora Care - Downtown Express,2025-06-06,33,4,Friday,6,6,June,2,2025,23,0,False,No Holiday,Standard,47.0,41.0,39.0,38.0,47.142857142857146,39.642857142857146,39.285714285714285
3,Nexora Care - Downtown Express,2025-06-07,32,5,Saturday,7,6,June,2,2025,23,1,False,No Holiday,Standard,33.0,49.0,33.0,26.0,46.0,39.214285714285715,39.107142857142854
3,Nexora Care - Downtown Express,2025-06-08,16,6,Sunday,8,6,June,2,2025,23,1,False,No Holiday,Standard,32.0,34.0,20.0,24.0,43.57142857142857,39.142857142857146,39.32142857142857
3,Nexora Care - Downtown Express,2025-06-09,43,0,Monday,9,6,June,2,2025,24,0,False,No Holiday,Standard,16.0,63.0,1.0,46.0,41.0,38.857142857142854,39.035714285714285
3,Nexora Care - Downtown Express,2025-06-10,40,1,Tuesday,10,6,June,2,2025,24,0,False,No Holiday,Standard,43.0,47.0,45.0,54.0,38.142857142857146,41.857142857142854,38.92857142857143
3,Nexora Care - Downtown Express,2025-06-11,37,2,Wednesday,11,6,June,2,2025,24,0,False,No Holiday,Standard,40.0,49.0,53.0,39.0,37.142857142857146,41.5,38.42857142857143
3,Nexora Care - Downtown Express,2025-06-12,32,3,Thursday,12,6,June,2,2025,24,0,False,No Holiday,Standard,37.0,47.0,34.0,36.0,35.42857142857143,40.357142857142854,38.357142857142854
3,Nexora Care - Downtown Express,2025-06-13,22,4,Friday,13,6,June,2,2025,24,0,False,No Holiday,Standard,32.0,33.0,41.0,46.0,33.285714285714285,40.214285714285715,38.214285714285715
3,Nexora Care - Downtown Express,2025-06-14,29,5,Saturday,14,6,June,2,2025,24,1,False,No Holiday,Standard,22.0,32.0,49.0,24.0,31.714285714285715,38.857142857142854,37.357142857142854
3,Nexora Care - Downtown Express,2025-06-15,19,6,Sunday,15,6,June,2,2025,24,1,False,No Holiday,Standard,29.0,16.0,34.0,23.0,31.285714285714285,37.42857142857143,37.535714285714285
3,Nexora Care - Downtown Express,2025-06-16,49,0,Monday,16,6,June,2,2025,25,0,False,No Holiday,Standard,19.0,43.0,63.0,40.0,31.714285714285715,36.357142857142854,37.392857142857146
3,Nexora Care - Downtown Express,2025-06-17,52,1,Tuesday,17,6,June,2,2025,25,0,False,No Holiday,Standard,49.0,40.0,47.0,57.0,32.57142857142857,35.357142857142854,37.714285714285715
3,Nexora Care - Downtown Express,2025-06-18,47,2,Wednesday,18,6,June,2,2025,25,0,False,No Holiday,Standard,52.0,37.0,49.0,54.0,34.285714285714285,35.714285714285715,37.535714285714285
3,Nexora Care - Downtown Express,2025-06-19,7,3,Thursday,19,6,June,2,2025,25,0,True,Juneteenth,Standard,47.0,32.0,47.0,38.0,35.714285714285715,35.57142857142857,37.285714285714285
3,Nexora Care - Downtown Express,2025-06-20,40,4,Friday,20,6,June,2,2025,25,0,False,No Holiday,Standard,7.0,22.0,33.0,39.0,32.142857142857146,32.714285714285715,36.17857142857143
3,Nexora Care - Downtown Express,2025-06-21,24,5,Saturday,21,6,June,2,2025,25,1,False,No Holiday,Standard,40.0,29.0,32.0,33.0,34.714285714285715,33.214285714285715,36.214285714285715
3,Nexora Care - Downtown Express,2025-06-22,27,6,Sunday,22,6,June,2,2025,25,1,False,No Holiday,Standard,24.0,19.0,16.0,20.0,34.0,32.642857142857146,35.892857142857146
3,Nexora Care - Downtown Express,2025-06-23,46,0,Monday,23,6,June,2,2025,26,0,False,No Holiday,Standard,27.0,49.0,43.0,1.0,35.142857142857146,33.42857142857143,36.142857142857146
3,Nexora Care - Downtown Express,2025-06-24,56,1,Tuesday,24,6,June,2,2025,26,0,False,No Holiday,Standard,46.0,52.0,40.0,45.0,34.714285714285715,33.642857142857146,37.75
3,Nexora Care - Downtown Express,2025-06-25,36,2,Wednesday,25,6,June,2,2025,26,0,False,No Holiday,Standard,56.0,47.0,37.0,53.0,35.285714285714285,34.785714285714285,38.142857142857146
3,Nexora Care - Downtown Express,2025-06-26,37,3,Thursday,26,6,June,2,2025,26,0,False,No Holiday,Standard,36.0,7.0,32.0,34.0,33.714285714285715,34.714285714285715,37.535714285714285
3,Nexora Care - Downtown Express,2025-06-27,47,4,Friday,27,6,June,2,2025,26,0,False,No Holiday,Standard,37.0,40.0,22.0,41.0,38.0,35.07142857142857,37.642857142857146
3,Nexora Care - Downtown Express,2025-06-28,33,5,Saturday,28,6,June,2,2025,26,1,False,No Holiday,Standard,47.0,24.0,29.0,49.0,39.0,36.857142857142854,37.857142857142854
3,Nexora Care - Downtown Express,2025-06-29,19,6,Sunday,29,6,June,2,2025,26,1,False,No Holiday,Standard,33.0,27.0,19.0,34.0,40.285714285714285,37.142857142857146,37.285714285714285
3,Nexora Care - Downtown Express,2025-06-30,40,0,Monday,30,6,June,2,2025,27,0,False,No Holiday,Standard,19.0,46.0,49.0,63.0,39.142857142857146,37.142857142857146,36.75
3,Nexora Care - Downtown Express,2025-07-01,52,1,Tuesday,1,7,July,3,2025,27,0,False,No Holiday,Standard,40.0,56.0,52.0,47.0,38.285714285714285,36.5,35.92857142857143
3,Nexora Care - Downtown Express,2025-07-02,39,2,Wednesday,2,7,July,3,2025,27,0,False,No Holiday,Standard,52.0,36.0,47.0,49.0,37.714285714285715,36.5,36.107142857142854
3,Nexora Care - Downtown Express,2025-07-03,47,3,Thursday,3,7,July,3,2025,27,0,False,No Holiday,Standard,39.0,37.0,7.0,47.0,38.142857142857146,35.92857142857143,35.75
3,Nexora Care - Downtown Express,2025-07-04,4,4,Friday,4,7,July,3,2025,27,0,True,Independence Day,Standard,47.0,47.0,40.0,33.0,39.57142857142857,38.785714285714285,35.75
3,Nexora Care - Downtown Express,2025-07-05,32,5,Saturday,5,7,July,3,2025,27,1,False,No Holiday,Standard,4.0,33.0,24.0,32.0,33.42857142857143,36.214285714285715,34.714285714285715
3,Nexora Care - Downtown Express,2025-07-06,19,6,Sunday,6,7,July,3,2025,27,1,False,No Holiday,Standard,32.0,19.0,27.0,16.0,33.285714285714285,36.785714285714285,34.714285714285715
3,Nexora Care - Downtown Express,2025-07-07,41,0,Monday,7,7,July,3,2025,28,0,False,No Holiday,Standard,19.0,40.0,46.0,43.0,33.285714285714285,36.214285714285715,34.82142857142857
3,Nexora Care - Downtown Express,2025-07-08,37,1,Tuesday,8,7,July,3,2025,28,0,False,No Holiday,Standard,41.0,52.0,56.0,40.0,33.42857142857143,35.857142857142854,34.75
3,Nexora Care - Downtown Express,2025-07-09,48,2,Wednesday,9,7,July,3,2025,28,0,False,No Holiday,Standard,37.0,39.0,36.0,37.0,31.285714285714285,34.5,34.642857142857146
3,Nexora Care - Downtown Express,2025-07-10,39,3,Thursday,10,7,July,3,2025,28,0,False,No Holiday,Standard,48.0,47.0,37.0,32.0,32.57142857142857,35.357142857142854,35.035714285714285
3,Nexora Care - Downtown Express,2025-07-11,36,4,Friday,11,7,July,3,2025,28,0,False,No Holiday,Standard,39.0,4.0,47.0,22.0,31.428571428571427,35.5,35.285714285714285
3,Nexora Care - Downtown Express,2025-07-12,27,5,Saturday,12,7,July,3,2025,28,1,False,No Holiday,Standard,36.0,32.0,33.0,29.0,36.0,34.714285714285715,35.785714285714285
3,Nexora Care - Downtown Express,2025-07-13,22,6,Sunday,13,7,July,3,2025,28,1,False,No Holiday,Standard,27.0,19.0,19.0,19.0,35.285714285714285,34.285714285714285,35.714285714285715
3,Nexora Care - Downtown Express,2025-07-14,39,0,Monday,14,7,July,3,2025,29,0,False,No Holiday,Standard,22.0,41.0,40.0,49.0,35.714285714285715,34.5,35.82142857142857
3,Nexora Care - Downtown Express,2025-07-15,47,1,Tuesday,15,7,July,3,2025,29,0,False,No Holiday,Standard,39.0,37.0,52.0,52.0,35.42857142857143,34.42857142857143,35.464285714285715
3,Nexora Care - Downtown Express,2025-07-16,54,2,Wednesday,16,7,July,3,2025,29,0,False,No Holiday,Standard,47.0,48.0,39.0,47.0,36.857142857142854,34.07142857142857,35.285714285714285
3,Nexora Care - Downtown Express,2025-07-17,48,3,Thursday,17,7,July,3,2025,29,0,False,No Holiday,Standard,54.0,39.0,47.0,7.0,37.714285714285715,35.142857142857146,35.535714285714285
3,Nexora Care - Downtown Express,2025-07-18,31,4,Friday,18,7,July,3,2025,29,0,False,No Holiday,Standard,48.0,36.0,4.0,40.0,39.0,35.214285714285715,37.0
3,Nexora Care - Downtown Express,2025-07-19,25,5,Saturday,19,7,July,3,2025,29,1,False,No Holiday,Standard,31.0,27.0,32.0,24.0,38.285714285714285,37.142857142857146,36.67857142857143
3,Nexora Care - Downtown Express,2025-07-20,19,6,Sunday,20,7,July,3,2025,29,1,False,No Holiday,Standard,25.0,22.0,19.0,27.0,38.0,36.642857142857146,36.714285714285715
3,Nexora Care - Downtown Express,2025-07-21,52,0,Monday,21,7,July,3,2025,30,0,False,No Holiday,Standard,19.0,39.0,41.0,46.0,37.57142857142857,36.642857142857146,36.42857142857143
3,Nexora Care - Downtown Express,2025-07-22,52,1,Tuesday,22,7,July,3,2025,30,0,False,No Holiday,Standard,52.0,47.0,37.0,56.0,39.42857142857143,37.42857142857143,36.642857142857146
3,Nexora Care - Downtown Express,2025-07-23,36,2,Wednesday,23,7,July,3,2025,30,0,False,No Holiday,Standard,52.0,54.0,48.0,36.0,40.142857142857146,38.5,36.5
3,Nexora Care - Downtown Express,2025-07-24,44,3,Thursday,24,7,July,3,2025,30,0,False,No Holiday,Standard,36.0,48.0,39.0,37.0,37.57142857142857,37.642857142857146,36.5
3,Nexora Care - Downtown Express,2025-07-25,44,4,Friday,25,7,July,3,2025,30,0,False,No Holiday,Standard,44.0,31.0,36.0,47.0,37.0,38.0,36.75
3,Nexora Care - Downtown Express,2025-07-26,40,5,Saturday,26,7,July,3,2025,30,1,False,No Holiday,Standard,44.0,25.0,27.0,33.0,38.857142857142854,38.57142857142857,36.642857142857146
3,Nexora Care - Downtown Express,2025-07-27,31,6,Sunday,27,7,July,3,2025,30,1,False,No Holiday,Standard,40.0,19.0,22.0,19.0,41.0,39.5,36.892857142857146
3,Nexora Care - Downtown Express,2025-07-28,38,0,Monday,28,7,July,3,2025,31,0,False,No Holiday,Standard,31.0,52.0,39.0,40.0,42.714285714285715,40.142857142857146,37.32142857142857
3,Nexora Care - Downtown Express,2025-07-29,33,1,Tuesday,29,7,July,3,2025,31,0,False,No Holiday,Standard,38.0,52.0,47.0,52.0,40.714285714285715,40.07142857142857,37.25
3,Nexora Care - Downtown Express,2025-07-30,43,2,Wednesday,30,7,July,3,2025,31,0,False,No Holiday,Standard,33.0,36.0,54.0,39.0,38.0,39.07142857142857,36.57142857142857
3,Nexora Care - Downtown Express,2025-07-31,33,3,Thursday,31,7,July,3,2025,31,0,False,No Holiday,Standard,43.0,44.0,48.0,47.0,39.0,38.285714285714285,36.714285714285715
3,Nexora Care - Downtown Express,2025-08-01,40,4,Friday,1,8,August,3,2025,31,0,False,No Holiday,Standard,33.0,44.0,31.0,4.0,37.42857142857143,37.214285714285715,36.214285714285715
3,Nexora Care - Downtown Express,2025-08-02,26,5,Saturday,2,8,August,3,2025,31,1,False,No Holiday,Standard,40.0,40.0,25.0,32.0,36.857142857142854,37.857142857142854,37.5
3,Nexora Care - Downtown Express,2025-08-03,14,6,Sunday,3,8,August,3,2025,31,1,False,No Holiday,Standard,26.0,31.0,19.0,19.0,34.857142857142854,37.92857142857143,37.285714285714285
3,Nexora Care - Downtown Express,2025-08-04,52,0,Monday,4,8,August,3,2025,32,0,False,No Holiday,Standard,14.0,38.0,52.0,41.0,32.42857142857143,37.57142857142857,37.107142857142854
3,Nexora Care - Downtown Express,2025-08-05,46,1,Tuesday,5,8,August,3,2025,32,0,False,No Holiday,Standard,52.0,33.0,52.0,37.0,34.42857142857143,37.57142857142857,37.5
3,Nexora Care - Downtown Express,2025-08-06,48,2,Wednesday,6,8,August,3,2025,32,0,False,No Holiday,Standard,46.0,43.0,36.0,48.0,36.285714285714285,37.142857142857146,37.82142857142857
3,Nexora Care - Downtown Express,2025-08-07,45,3,Thursday,7,8,August,3,2025,32,0,False,No Holiday,Standard,48.0,33.0,44.0,39.0,37.0,38.0,37.82142857142857
3,Nexora Care - Downtown Express,2025-08-08,44,4,Friday,8,8,August,3,2025,32,0,False,No Holiday,Standard,45.0,40.0,44.0,36.0,38.714285714285715,38.07142857142857,38.035714285714285
3,Nexora Care - Downtown Express,2025-08-09,32,5,Saturday,9,8,August,3,2025,32,1,False,No Holiday,Standard,44.0,26.0,40.0,27.0,39.285714285714285,38.07142857142857,38.32142857142857
3,Nexora Care - Downtown Express,2025-08-10,19,6,Sunday,10,8,August,3,2025,32,1,False,No Holiday,Standard,32.0,14.0,31.0,22.0,40.142857142857146,37.5,38.5
3,Nexora Care - Downtown Express,2025-08-11,33,0,Monday,11,8,August,3,2025,33,0,False,No Holiday,Standard,19.0,52.0,38.0,39.0,40.857142857142854,36.642857142857146,38.392857142857146
3,Nexora Care - Downtown Express,2025-08-12,45,1,Tuesday,12,8,August,3,2025,33,0,False,No Holiday,Standard,33.0,46.0,33.0,47.0,38.142857142857146,36.285714285714285,38.17857142857143
3,Nexora Care - Downtown Express,2025-08-13,42,2,Wednesday,13,8,August,3,2025,33,0,False,No Holiday,Standard,45.0,48.0,43.0,54.0,38.0,37.142857142857146,38.107142857142854
3,Nexora Care - Downtown Express,2025-08-14,44,3,Thursday,14,8,August,3,2025,33,0,False,No Holiday,Standard,42.0,45.0,33.0,48.0,37.142857142857146,37.07142857142857,37.67857142857143
3,Nexora Care - Downtown Express,2025-08-15,40,4,Friday,15,8,August,3,2025,33,0,False,No Holiday,Standard,44.0,44.0,40.0,31.0,37.0,37.857142857142854,37.535714285714285
3,Nexora Care - Downtown Express,2025-08-16,38,5,Saturday,16,8,August,3,2025,33,1,False,No Holiday,Standard,40.0,32.0,26.0,25.0,36.42857142857143,37.857142857142854,37.857142857142854
3,Nexora Care - Downtown Express,2025-08-17,24,6,Sunday,17,8,August,3,2025,33,1,False,No Holiday,Standard,38.0,19.0,14.0,19.0,37.285714285714285,38.714285714285715,38.32142857142857
3,Nexora Care - Downtown Express,2025-08-18,44,0,Monday,18,8,August,3,2025,34,0,False,No Holiday,Standard,24.0,33.0,52.0,52.0,38.0,39.42857142857143,38.5
3,Nexora Care - Downtown Express,2025-08-19,50,1,Tuesday,19,8,August,3,2025,34,0,False,No Holiday,Standard,44.0,45.0,46.0,52.0,39.57142857142857,38.857142857142854,38.214285714285715
3,Nexora Care - Downtown Express,2025-08-20,48,2,Wednesday,20,8,August,3,2025,34,0,False,No Holiday,Standard,50.0,42.0,48.0,36.0,40.285714285714285,39.142857142857146,38.142857142857146
3,Nexora Care - Downtown Express,2025-08-21,43,3,Thursday,21,8,August,3,2025,34,0,False,No Holiday,Standard,48.0,44.0,45.0,44.0,41.142857142857146,39.142857142857146,38.57142857142857
3,Nexora Care - Downtown Express,2025-08-22,40,4,Friday,22,8,August,3,2025,34,0,False,No Holiday,Standard,43.0,40.0,44.0,44.0,41.0,39.0,38.535714285714285
3,Nexora Care - Downtown Express,2025-08-23,39,5,Saturday,23,8,August,3,2025,34,1,False,No Holiday,Standard,40.0,38.0,32.0,40.0,41.0,38.714285714285715,38.392857142857146
3,Nexora Care - Downtown Express,2025-08-24,18,6,Sunday,24,8,August,3,2025,34,1,False,No Holiday,Standard,39.0,24.0,19.0,31.0,41.142857142857146,39.214285714285715,38.357142857142854
3,Nexora Care - Downtown Express,2025-08-25,44,0,Monday,25,8,August,3,2025,35,0,False,No Holiday,Standard,18.0,44.0,33.0,38.0,40.285714285714285,39.142857142857146,37.892857142857146
3,Nexora Care - Downtown Express,2025-08-26,42,1,Tuesday,26,8,August,3,2025,35,0,False,No Holiday,Standard,44.0,50.0,45.0,33.0,40.285714285714285,39.92857142857143,38.107142857142854
3,Nexora Care - Downtown Express,2025-08-27,46,2,Wednesday,27,8,August,3,2025,35,0,False,No Holiday,Standard,42.0,48.0,42.0,43.0,39.142857142857146,39.714285714285715,38.42857142857143
3,Nexora Care - Downtown Express,2025-08-28,51,3,Thursday,28,8,August,3,2025,35,0,False,No Holiday,Standard,46.0,43.0,44.0,33.0,38.857142857142854,40.0,38.535714285714285
3,Nexora Care - Downtown Express,2025-08-29,55,4,Friday,29,8,August,3,2025,35,0,False,No Holiday,Standard,51.0,40.0,40.0,40.0,40.0,40.5,39.17857142857143
3,Nexora Care - Downtown Express,2025-08-30,31,5,Saturday,30,8,August,3,2025,35,1,False,No Holiday,Standard,55.0,39.0,38.0,26.0,42.142857142857146,41.57142857142857,39.714285714285715
3,Nexora Care - Downtown Express,2025-08-31,33,6,Sunday,31,8,August,3,2025,35,1,False,No Holiday,Standard,31.0,18.0,24.0,14.0,41.0,41.07142857142857,39.892857142857146
3,Nexora Care - Downtown Express,2025-09-01,5,0,Monday,1,9,September,3,2025,36,0,True,Labor Day,Standard,33.0,44.0,44.0,52.0,43.142857142857146,41.714285714285715,40.57142857142857
3,Nexora Care - Downtown Express,2025-09-02,74,1,Tuesday,2,9,September,3,2025,36,0,False,No Holiday,Standard,5.0,42.0,50.0,46.0,37.57142857142857,38.92857142857143,38.892857142857146
3,Nexora Care - Downtown Express,2025-09-03,45,2,Wednesday,3,9,September,3,2025,36,0,False,No Holiday,Standard,74.0,46.0,48.0,48.0,42.142857142857146,40.642857142857146,39.892857142857146
3,Nexora Care - Downtown Express,2025-09-04,48,3,Thursday,4,9,September,3,2025,36,0,False,No Holiday,Standard,45.0,51.0,43.0,45.0,42.0,40.42857142857143,39.785714285714285
3,Nexora Care - Downtown Express,2025-09-05,45,4,Friday,5,9,September,3,2025,36,0,False,No Holiday,Standard,48.0,55.0,40.0,44.0,41.57142857142857,40.785714285714285,39.892857142857146
3,Nexora Care - Downtown Express,2025-09-06,21,5,Saturday,6,9,September,3,2025,36,1,False,No Holiday,Standard,45.0,31.0,39.0,32.0,40.142857142857146,41.142857142857146,39.92857142857143
3,Nexora Care - Downtown Express,2025-09-07,21,6,Sunday,7,9,September,3,2025,36,1,False,No Holiday,Standard,21.0,33.0,18.0,19.0,38.714285714285715,39.857142857142854,39.535714285714285
3,Nexora Care - Downtown Express,2025-09-08,43,0,Monday,8,9,September,3,2025,37,0,False,No Holiday,Standard,21.0,5.0,44.0,33.0,37.0,40.07142857142857,39.607142857142854
3,Nexora Care - Downtown Express,2025-09-09,46,1,Tuesday,9,9,September,3,2025,37,0,False,No Holiday,Standard,43.0,74.0,42.0,45.0,42.42857142857143,40.0,39.964285714285715
3,Nexora Care - Downtown Express,2025-09-10,45,2,Wednesday,10,9,September,3,2025,37,0,False,No Holiday,Standard,46.0,45.0,46.0,42.0,38.42857142857143,40.285714285714285,40.0
3,Nexora Care - Downtown Express,2025-09-11,40,3,Thursday,11,9,September,3,2025,37,0,False,No Holiday,Standard,45.0,48.0,51.0,44.0,38.42857142857143,40.214285714285715,40.107142857142854
3,Nexora Care - Downtown Express,2025-09-12,41,4,Friday,12,9,September,3,2025,37,0,False,No Holiday,Standard,40.0,45.0,55.0,40.0,37.285714285714285,39.42857142857143,39.964285714285715
3,Nexora Care - Downtown Express,2025-09-13,26,5,Saturday,13,9,September,3,2025,37,1,False,No Holiday,Standard,41.0,21.0,31.0,38.0,36.714285714285715,38.42857142857143,40.0
3,Nexora Care - Downtown Express,2025-09-14,23,6,Sunday,14,9,September,3,2025,37,1,False,No Holiday,Standard,26.0,21.0,33.0,24.0,37.42857142857143,38.07142857142857,39.57142857142857
3,Nexora Care - Downtown Express,2025-09-15,53,0,Monday,15,9,September,3,2025,38,0,False,No Holiday,Standard,23.0,43.0,5.0,44.0,37.714285714285715,37.357142857142854,39.535714285714285
3,Nexora Care - Downtown Express,2025-09-16,45,1,Tuesday,16,9,September,3,2025,38,0,False,No Holiday,Standard,53.0,46.0,74.0,50.0,39.142857142857146,40.785714285714285,39.857142857142854
3,Nexora Care - Downtown Express,2025-09-17,47,2,Wednesday,17,9,September,3,2025,38,0,False,No Holiday,Standard,45.0,45.0,45.0,48.0,39.0,38.714285714285715,39.67857142857143
3,Nexora Care - Downtown Express,2025-09-18,48,3,Thursday,18,9,September,3,2025,38,0,False,No Holiday,Standard,47.0,40.0,48.0,43.0,39.285714285714285,38.857142857142854,39.642857142857146
3,Nexora Care - Downtown Express,2025-09-19,44,4,Friday,19,9,September,3,2025,38,0,False,No Holiday,Standard,48.0,41.0,45.0,40.0,40.42857142857143,38.857142857142854,39.82142857142857
3,Nexora Care - Downtown Express,2025-09-20,32,5,Saturday,20,9,September,3,2025,38,1,False,No Holiday,Standard,44.0,26.0,21.0,39.0,40.857142857142854,38.785714285714285,39.964285714285715
3,Nexora Care - Downtown Express,2025-09-21,30,6,Sunday,21,9,September,3,2025,38,1,False,No Holiday,Standard,32.0,23.0,21.0,18.0,41.714285714285715,39.57142857142857,39.714285714285715
3,Nexora Care - Downtown Express,2025-09-22,43,0,Monday,22,9,September,3,2025,39,0,False,No Holiday,Standard,30.0,53.0,43.0,44.0,42.714285714285715,40.214285714285715,40.142857142857146
3,Nexora Care - Downtown Express,2025-09-23,40,1,Tuesday,23,9,September,3,2025,39,0,False,No Holiday,Standard,43.0,45.0,46.0,42.0,41.285714285714285,40.214285714285715,40.107142857142854
3,Nexora Care - Downtown Express,2025-09-24,43,2,Wednesday,24,9,September,3,2025,39,0,False,No Holiday,Standard,40.0,47.0,45.0,46.0,40.57142857142857,39.785714285714285,40.035714285714285
3,Nexora Care - Downtown Express,2025-09-25,36,3,Thursday,25,9,September,3,2025,39,0,False,No Holiday,Standard,43.0,48.0,40.0,51.0,40.0,39.642857142857146,39.92857142857143
3,Nexora Care - Downtown Express,2025-09-26,39,4,Friday,26,9,September,3,2025,39,0,False,No Holiday,Standard,36.0,44.0,41.0,55.0,38.285714285714285,39.357142857142854,39.392857142857146
3,Nexora Care - Downtown Express,2025-09-27,38,5,Saturday,27,9,September,3,2025,39,1,False,No Holiday,Standard,39.0,32.0,26.0,31.0,37.57142857142857,39.214285714285715,38.82142857142857
3,Nexora Care - Downtown Express,2025-09-28,26,6,Sunday,28,9,September,3,2025,39,1,False,No Holiday,Standard,38.0,30.0,23.0,33.0,38.42857142857143,40.07142857142857,39.07142857142857
3,Nexora Care - Downtown Express,2025-09-29,44,0,Monday,29,9,September,3,2025,40,0,False,No Holiday,Standard,26.0,43.0,53.0,5.0,37.857142857142854,40.285714285714285,38.82142857142857
3,Nexora Care - Downtown Express,2025-09-30,36,1,Tuesday,30,9,September,3,2025,40,0,False,No Holiday,Standard,44.0,40.0,45.0,74.0,38.0,39.642857142857146,40.214285714285715
3,Nexora Care - Downtown Express,2025-10-01,40,2,Wednesday,1,10,October,4,2025,40,0,False,No Holiday,Standard,36.0,43.0,47.0,45.0,37.42857142857143,39.0,38.857142857142854
3,Nexora Care - Downtown Express,2025-10-02,37,3,Thursday,2,10,October,4,2025,40,0,False,No Holiday,Standard,40.0,36.0,48.0,48.0,37.0,38.5,38.67857142857143
3,Nexora Care - Downtown Express,2025-10-03,45,4,Friday,3,10,October,4,2025,40,0,False,No Holiday,Standard,37.0,39.0,44.0,45.0,37.142857142857146,37.714285714285715,38.285714285714285
3,Nexora Care - Downtown Express,2025-10-04,45,5,Saturday,4,10,October,4,2025,40,1,False,No Holiday,Standard,45.0,38.0,32.0,21.0,38.0,37.785714285714285,38.285714285714285
3,Nexora Care - Downtown Express,2025-10-05,27,6,Sunday,5,10,October,4,2025,40,1,False,No Holiday,Standard,45.0,26.0,30.0,21.0,39.0,38.714285714285715,39.142857142857146
3,Nexora Care - Downtown Express,2025-10-06,56,0,Monday,6,10,October,4,2025,41,0,False,No Holiday,Standard,27.0,44.0,43.0,43.0,39.142857142857146,38.5,39.357142857142854
3,Nexora Care - Downtown Express,2025-10-07,53,1,Tuesday,7,10,October,4,2025,41,0,False,No Holiday,Standard,56.0,36.0,40.0,46.0,40.857142857142854,39.42857142857143,39.82142857142857
3,Nexora Care - Downtown Express,2025-10-08,44,2,Wednesday,8,10,October,4,2025,41,0,False,No Holiday,Standard,53.0,40.0,43.0,45.0,43.285714285714285,40.357142857142854,40.07142857142857
3,Nexora Care - Downtown Express,2025-10-09,46,3,Thursday,9,10,October,4,2025,41,0,False,No Holiday,Standard,44.0,37.0,36.0,40.0,43.857142857142854,40.42857142857143,40.035714285714285
3,Nexora Care - Downtown Express,2025-10-10,36,4,Friday,10,10,October,4,2025,41,0,False,No Holiday,Standard,46.0,45.0,39.0,41.0,45.142857142857146,41.142857142857146,40.25
3,Nexora Care - Downtown Express,2025-10-11,24,5,Saturday,11,10,October,4,2025,41,1,False,No Holiday,Standard,36.0,45.0,38.0,26.0,43.857142857142854,40.92857142857143,40.07142857142857
3,Nexora Care - Downtown Express,2025-10-12,24,6,Sunday,12,10,October,4,2025,41,1,False,No Holiday,Standard,24.0,27.0,26.0,23.0,40.857142857142854,39.92857142857143,40.0
3,Nexora Care - Downtown Express,2025-10-13,52,0,Monday,13,10,October,4,2025,42,0,False,No Holiday,Standard,24.0,56.0,44.0,53.0,40.42857142857143,39.785714285714285,40.035714285714285
3,Nexora Care - Downtown Express,2025-10-14,61,1,Tuesday,14,10,October,4,2025,42,0,False,No Holiday,Standard,52.0,53.0,36.0,45.0,39.857142857142854,40.357142857142854,40.0
3,Nexora Care - Downtown Express,2025-10-15,52,2,Wednesday,15,10,October,4,2025,42,0,False,No Holiday,Standard,61.0,44.0,40.0,47.0,41.0,42.142857142857146,40.57142857142857
3,Nexora Care - Downtown Express,2025-10-16,45,3,Thursday,16,10,October,4,2025,42,0,False,No Holiday,Standard,52.0,46.0,37.0,48.0,42.142857142857146,43.0,40.75
3,Nexora Care - Downtown Express,2025-10-17,43,4,Friday,17,10,October,4,2025,42,0,False,No Holiday,Standard,45.0,36.0,45.0,44.0,42.0,43.57142857142857,40.642857142857146
3,Nexora Care - Downtown Express,2025-10-18,40,5,Saturday,18,10,October,4,2025,42,1,False,No Holiday,Standard,43.0,24.0,45.0,32.0,43.0,43.42857142857143,40.607142857142854
3,Nexora Care - Downtown Express,2025-10-19,35,6,Sunday,19,10,October,4,2025,42,1,False,No Holiday,Standard,40.0,24.0,27.0,30.0,45.285714285714285,43.07142857142857,40.892857142857146
3,Nexora Care - Downtown Express,2025-10-20,39,0,Monday,20,10,October,4,2025,43,0,False,No Holiday,Standard,35.0,52.0,56.0,43.0,46.857142857142854,43.642857142857146,41.07142857142857
3,Nexora Care - Downtown Express,2025-10-21,33,1,Tuesday,21,10,October,4,2025,43,0,False,No Holiday,Standard,39.0,61.0,53.0,40.0,45.0,42.42857142857143,40.92857142857143
3,Nexora Care - Downtown Express,2025-10-22,44,2,Wednesday,22,10,October,4,2025,43,0,False,No Holiday,Standard,33.0,52.0,44.0,43.0,41.0,41.0,40.67857142857143
3,Nexora Care - Downtown Express,2025-10-23,46,3,Thursday,23,10,October,4,2025,43,0,False,No Holiday,Standard,44.0,45.0,46.0,36.0,39.857142857142854,41.0,40.714285714285715
3,Nexora Care - Downtown Express,2025-10-24,40,4,Friday,24,10,October,4,2025,43,0,False,No Holiday,Standard,46.0,43.0,36.0,39.0,40.0,41.0,41.07142857142857
3,Nexora Care - Downtown Express,2025-10-25,38,5,Saturday,25,10,October,4,2025,43,1,False,No Holiday,Standard,40.0,40.0,24.0,38.0,39.57142857142857,41.285714285714285,41.107142857142854
3,Nexora Care - Downtown Express,2025-10-26,27,6,Sunday,26,10,October,4,2025,43,1,False,No Holiday,Standard,38.0,35.0,24.0,26.0,39.285714285714285,42.285714285714285,41.107142857142854
3,Nexora Care - Downtown Express,2025-10-27,39,0,Monday,27,10,October,4,2025,44,0,False,No Holiday,Standard,27.0,39.0,52.0,44.0,38.142857142857146,42.5,41.142857142857146
3,Nexora Care - Downtown Express,2025-10-28,52,1,Tuesday,28,10,October,4,2025,44,0,False,No Holiday,Standard,39.0,33.0,61.0,36.0,38.142857142857146,41.57142857142857,40.964285714285715
3,Nexora Care - Downtown Express,2025-10-29,33,2,Wednesday,29,10,October,4,2025,44,0,False,No Holiday,Standard,52.0,44.0,52.0,40.0,40.857142857142854,40.92857142857143,41.535714285714285
3,Nexora Care - Downtown Express,2025-10-30,45,3,Thursday,30,10,October,4,2025,44,0,False,No Holiday,Standard,33.0,46.0,45.0,37.0,39.285714285714285,39.57142857142857,41.285714285714285
3,Nexora Care - Downtown Express,2025-10-31,36,4,Friday,31,10,October,4,2025,44,0,False,No Holiday,Standard,45.0,40.0,43.0,45.0,39.142857142857146,39.57142857142857,41.57142857142857
3,Nexora Care - Downtown Express,2025-11-01,24,5,Saturday,1,11,November,4,2025,44,1,False,No Holiday,Standard,36.0,38.0,40.0,45.0,38.57142857142857,39.07142857142857,41.25
3,Nexora Care - Downtown Express,2025-11-02,29,6,Sunday,2,11,November,4,2025,44,1,False,No Holiday,Standard,24.0,27.0,35.0,27.0,36.57142857142857,37.92857142857143,40.5
3,Nexora Care - Downtown Express,2025-11-03,45,0,Monday,3,11,November,4,2025,45,0,False,No Holiday,Standard,29.0,39.0,39.0,56.0,36.857142857142854,37.5,40.57142857142857
3,Nexora Care - Downtown Express,2025-11-04,46,1,Tuesday,4,11,November,4,2025,45,0,False,No Holiday,Standard,45.0,52.0,33.0,53.0,37.714285714285715,37.92857142857143,40.17857142857143
3,Nexora Care - Downtown Express,2025-11-05,51,2,Wednesday,5,11,November,4,2025,45,0,False,No Holiday,Standard,46.0,33.0,44.0,44.0,36.857142857142854,38.857142857142854,39.92857142857143
3,Nexora Care - Downtown Express,2025-11-06,43,3,Thursday,6,11,November,4,2025,45,0,False,No Holiday,Standard,51.0,45.0,46.0,46.0,39.42857142857143,39.357142857142854,40.17857142857143
3,Nexora Care - Downtown Express,2025-11-07,44,4,Friday,7,11,November,4,2025,45,0,False,No Holiday,Standard,43.0,36.0,40.0,36.0,39.142857142857146,39.142857142857146,40.07142857142857
3,Nexora Care - Downtown Express,2025-11-08,39,5,Saturday,8,11,November,4,2025,45,1,False,No Holiday,Standard,44.0,24.0,38.0,24.0,40.285714285714285,39.42857142857143,40.357142857142854
3,Nexora Care - Downtown Express,2025-11-09,23,6,Sunday,9,11,November,4,2025,45,1,False,No Holiday,Standard,39.0,29.0,27.0,24.0,42.42857142857143,39.5,40.892857142857146
3,Nexora Care - Downtown Express,2025-11-10,38,0,Monday,10,11,November,4,2025,46,0,False,No Holiday,Standard,23.0,45.0,39.0,52.0,41.57142857142857,39.214285714285715,40.857142857142854
3,Nexora Care - Downtown Express,2025-11-11,3,1,Tuesday,11,11,November,4,2025,46,0,True,Veterans Day,Standard,38.0,46.0,52.0,61.0,40.57142857142857,39.142857142857146,40.357142857142854
3,Nexora Care - Downtown Express,2025-11-12,84,2,Wednesday,12,11,November,4,2025,46,0,False,No Holiday,Standard,3.0,51.0,33.0,52.0,34.42857142857143,35.642857142857146,38.285714285714285
3,Nexora Care - Downtown Express,2025-11-13,50,3,Thursday,13,11,November,4,2025,46,0,False,No Holiday,Standard,84.0,43.0,45.0,45.0,39.142857142857146,39.285714285714285,39.42857142857143
3,Nexora Care - Downtown Express,2025-11-14,52,4,Friday,14,11,November,4,2025,46,0,False,No Holiday,Standard,50.0,44.0,36.0,43.0,40.142857142857146,39.642857142857146,39.607142857142854
3,Nexora Care - Downtown Express,2025-11-15,42,5,Saturday,15,11,November,4,2025,46,1,False,No Holiday,Standard,52.0,39.0,24.0,40.0,41.285714285714285,40.785714285714285,39.92857142857143
3,Nexora Care - Downtown Express,2025-11-16,28,6,Sunday,16,11,November,4,2025,46,1,False,No Holiday,Standard,42.0,23.0,29.0,35.0,41.714285714285715,42.07142857142857,40.0
3,Nexora Care - Downtown Express,2025-11-17,41,0,Monday,17,11,November,4,2025,47,0,False,No Holiday,Standard,28.0,38.0,45.0,39.0,42.42857142857143,42.0,39.75
3,Nexora Care - Downtown Express,2025-11-18,47,1,Tuesday,18,11,November,4,2025,47,0,False,No Holiday,Standard,41.0,3.0,46.0,33.0,42.857142857142854,41.714285714285715,39.82142857142857
3,Nexora Care - Downtown Express,2025-11-19,43,2,Wednesday,19,11,November,4,2025,47,0,False,No Holiday,Standard,47.0,84.0,51.0,44.0,49.142857142857146,41.785714285714285,40.32142857142857
3,Nexora Care - Downtown Express,2025-11-20,33,3,Thursday,20,11,November,4,2025,47,0,False,No Holiday,Standard,43.0,50.0,43.0,46.0,43.285714285714285,41.214285714285715,40.285714285714285
3,Nexora Care - Downtown Express,2025-11-21,36,4,Friday,21,11,November,4,2025,47,0,False,No Holiday,Standard,33.0,52.0,44.0,40.0,40.857142857142854,40.5,39.82142857142857
3,Nexora Care - Downtown Express,2025-11-22,39,5,Saturday,22,11,November,4,2025,47,1,False,No Holiday,Standard,36.0,42.0,39.0,38.0,38.57142857142857,39.92857142857143,39.67857142857143
3,Nexora Care - Downtown Express,2025-11-23,37,6,Sunday,23,11,November,4,2025,47,1,False,No Holiday,Standard,39.0,28.0,23.0,27.0,38.142857142857146,39.92857142857143,39.714285714285715
3,Nexora Care - Downtown Express,2025-11-24,51,0,Monday,24,11,November,4,2025,48,0,False,No Holiday,Standard,37.0,41.0,38.0,39.0,39.42857142857143,40.92857142857143,40.07142857142857
3,Nexora Care - Downtown Express,2025-11-25,48,1,Tuesday,25,11,November,4,2025,48,0,False,No Holiday,Standard,51.0,47.0,3.0,52.0,40.857142857142854,41.857142857142854,40.5
3,Nexora Care - Downtown Express,2025-11-26,53,2,Wednesday,26,11,November,4,2025,48,0,False,No Holiday,Standard,48.0,43.0,84.0,33.0,41.0,45.07142857142857,40.357142857142854
3,Nexora Care - Downtown Express,2025-11-27,10,3,Thursday,27,11,November,4,2025,48,0,True,Thanksgiving,Standard,53.0,33.0,50.0,45.0,42.42857142857143,42.857142857142854,41.07142857142857
3,Nexora Care - Downtown Express,2025-11-28,4,4,Friday,28,11,November,4,2025,48,0,True,Day After Thanksgiving,Standard,10.0,36.0,52.0,36.0,39.142857142857146,40.0,39.82142857142857
3,Nexora Care - Downtown Express,2025-11-29,41,5,Saturday,29,11,November,4,2025,48,1,False,No Holiday,Standard,4.0,39.0,42.0,24.0,34.57142857142857,36.57142857142857,38.67857142857143
3,Nexora Care - Downtown Express,2025-11-30,29,6,Sunday,30,11,November,4,2025,48,1,False,No Holiday,Standard,41.0,37.0,28.0,29.0,34.857142857142854,36.5,39.285714285714285
3,Nexora Care - Downtown Express,2025-12-01,49,0,Monday,1,12,December,4,2025,49,0,False,No Holiday,Flu Season,29.0,51.0,41.0,45.0,33.714285714285715,36.57142857142857,39.285714285714285
3,Nexora Care - Downtown Express,2025-12-02,48,1,Tuesday,2,12,December,4,2025,49,0,False,No Holiday,Flu Season,49.0,48.0,47.0,46.0,33.42857142857143,37.142857142857146,39.42857142857143
3,Nexora Care - Downtown Express,2025-12-03,54,2,Wednesday,3,12,December,4,2025,49,0,False,No Holiday,Flu Season,48.0,53.0,43.0,51.0,33.42857142857143,37.214285714285715,39.5
3,Nexora Care - Downtown Express,2025-12-04,55,3,Thursday,4,12,December,4,2025,49,0,False,No Holiday,Flu Season,54.0,10.0,33.0,43.0,33.57142857142857,38.0,39.607142857142854
3,Nexora Care - Downtown Express,2025-12-05,41,4,Friday,5,12,December,4,2025,49,0,False,No Holiday,Flu Season,55.0,4.0,36.0,44.0,40.0,39.57142857142857,40.035714285714285
3,Nexora Care - Downtown Express,2025-12-06,37,5,Saturday,6,12,December,4,2025,49,1,False,No Holiday,Flu Season,41.0,41.0,39.0,39.0,45.285714285714285,39.92857142857143,39.92857142857143
3,Nexora Care - Downtown Express,2025-12-07,38,6,Sunday,7,12,December,4,2025,49,1,False,No Holiday,Flu Season,37.0,29.0,37.0,23.0,44.714285714285715,39.785714285714285,39.857142857142854
3,Nexora Care - Downtown Express,2025-12-08,68,0,Monday,8,12,December,4,2025,50,0,False,No Holiday,Flu Season,38.0,49.0,51.0,38.0,46.0,39.857142857142854,40.392857142857146
3,Nexora Care - Downtown Express,2025-12-09,60,1,Tuesday,9,12,December,4,2025,50,0,False,No Holiday,Flu Season,68.0,48.0,48.0,3.0,48.714285714285715,41.07142857142857,41.464285714285715
3,Nexora Care - Downtown Express,2025-12-10,56,2,Wednesday,10,12,December,4,2025,50,0,False,No Holiday,Flu Season,60.0,54.0,53.0,84.0,50.42857142857143,41.92857142857143,43.5
3,Nexora Care - Downtown Express,2025-12-11,52,3,Thursday,11,12,December,4,2025,50,0,False,No Holiday,Flu Season,56.0,55.0,10.0,50.0,50.714285714285715,42.142857142857146,42.5
3,Nexora Care - Downtown Express,2025-12-12,53,4,Friday,12,12,December,4,2025,50,0,False,No Holiday,Flu Season,52.0,41.0,4.0,52.0,50.285714285714285,45.142857142857146,42.57142857142857
3,Nexora Care - Downtown Express,2025-12-13,41,5,Saturday,13,12,December,4,2025,50,1,False,No Holiday,Flu Season,53.0,37.0,41.0,42.0,52.0,48.642857142857146,42.607142857142854
3,Nexora Care - Downtown Express,2025-12-14,33,6,Sunday,14,12,December,4,2025,50,1,False,No Holiday,Flu Season,41.0,38.0,29.0,28.0,52.57142857142857,48.642857142857146,42.57142857142857
3,Nexora Care - Downtown Express,2025-12-15,38,0,Monday,15,12,December,4,2025,51,0,False,No Holiday,Flu Season,33.0,68.0,49.0,41.0,51.857142857142854,48.92857142857143,42.75
3,Nexora Care - Downtown Express,2025-12-16,55,1,Tuesday,16,12,December,4,2025,51,0,False,No Holiday,Flu Season,38.0,60.0,48.0,47.0,47.57142857142857,48.142857142857146,42.642857142857146
3,Nexora Care - Downtown Express,2025-12-17,64,2,Wednesday,17,12,December,4,2025,51,0,False,No Holiday,Flu Season,55.0,56.0,54.0,43.0,46.857142857142854,48.642857142857146,42.92857142857143
3,Nexora Care - Downtown Express,2025-12-18,53,3,Thursday,18,12,December,4,2025,51,0,False,No Holiday,Flu Season,64.0,52.0,55.0,33.0,48.0,49.357142857142854,43.67857142857143
3,Nexora Care - Downtown Express,2025-12-19,44,4,Friday,19,12,December,4,2025,51,0,False,No Holiday,Flu Season,53.0,53.0,41.0,36.0,48.142857142857146,49.214285714285715,44.392857142857146
3,Nexora Care - Downtown Express,2025-12-20,29,5,Saturday,20,12,December,4,2025,51,1,False,No Holiday,Flu Season,44.0,41.0,37.0,39.0,46.857142857142854,49.42857142857143,44.67857142857143
3,Nexora Care - Downtown Express,2025-12-21,17,6,Sunday,21,12,December,4,2025,51,1,False,No Holiday,Flu Season,29.0,33.0,38.0,37.0,45.142857142857146,48.857142857142854,44.32142857142857
3,Nexora Care - Downtown Express,2025-12-22,38,0,Monday,22,12,December,4,2025,52,0,False,No Holiday,Flu Season,17.0,38.0,68.0,51.0,42.857142857142854,47.357142857142854,43.607142857142854
3,Nexora Care - Downtown Express,2025-12-23,36,1,Tuesday,23,12,December,4,2025,52,0,False,No Holiday,Flu Season,38.0,55.0,60.0,48.0,42.857142857142854,45.214285714285715,43.142857142857146
3,Nexora Care - Downtown Express,2025-12-24,12,2,Wednesday,24,12,December,4,2025,52,0,True,Christmas Eve,Flu Season,36.0,64.0,56.0,53.0,40.142857142857146,43.5,42.714285714285715
3,Nexora Care - Downtown Express,2025-12-25,10,3,Thursday,25,12,December,4,2025,52,0,True,Christmas Day,Flu Season,12.0,53.0,52.0,10.0,32.714285714285715,40.357142857142854,41.25
3,Nexora Care - Downtown Express,2025-12-26,61,4,Friday,26,12,December,4,2025,52,0,False,No Holiday,Flu Season,10.0,44.0,53.0,4.0,26.571428571428573,37.357142857142854,41.25
3,Nexora Care - Downtown Express,2025-12-27,29,5,Saturday,27,12,December,4,2025,52,1,False,No Holiday,Flu Season,61.0,29.0,41.0,41.0,29.0,37.92857142857143,43.285714285714285
3,Nexora Care - Downtown Express,2025-12-28,25,6,Sunday,28,12,December,4,2025,52,1,False,No Holiday,Flu Season,29.0,17.0,33.0,29.0,29.0,37.07142857142857,42.857142857142854
3,Nexora Care - Downtown Express,2025-12-29,53,0,Monday,29,12,December,4,2025,1,0,False,No Holiday,Flu Season,25.0,38.0,38.0,49.0,30.142857142857142,36.5,42.714285714285715
3,Nexora Care - Downtown Express,2025-12-30,47,1,Tuesday,30,12,December,4,2025,1,0,False,No Holiday,Flu Season,53.0,36.0,55.0,48.0,32.285714285714285,37.57142857142857,42.857142857142854
3,Nexora Care - Downtown Express,2025-12-31,11,2,Wednesday,31,12,December,4,2025,1,0,True,New Year's Eve,Flu Season,47.0,12.0,64.0,54.0,33.857142857142854,37.0,42.82142857142857
4,Nexora Care - Hillcrest,2024-06-29,14,5,Saturday,29,6,June,2,2024,26,1,False,No Holiday,Standard,,,,,,,
4,Nexora Care - Hillcrest,2024-07-01,73,0,Monday,1,7,July,3,2024,27,0,False,No Holiday,Standard,14.0,,,,,,
4,Nexora Care - Hillcrest,2024-07-02,66,1,Tuesday,2,7,July,3,2024,27,0,False,No Holiday,Standard,73.0,,,,,,
4,Nexora Care - Hillcrest,2024-07-03,71,2,Wednesday,3,7,July,3,2024,27,0,False,No Holiday,Standard,66.0,,,,,,
4,Nexora Care - Hillcrest,2024-07-04,7,3,Thursday,4,7,July,3,2024,27,0,True,Independence Day,Standard,71.0,,,,,,
4,Nexora Care - Hillcrest,2024-07-05,82,4,Friday,5,7,July,3,2024,27,0,False,No Holiday,Standard,7.0,,,,,,
4,Nexora Care - Hillcrest,2024-07-06,24,5,Saturday,6,7,July,3,2024,27,1,False,No Holiday,Standard,82.0,,,,,,
4,Nexora Care - Hillcrest,2024-07-08,77,0,Monday,8,7,July,3,2024,28,0,False,No Holiday,Standard,24.0,14.0,,,48.142857142857146,,
4,Nexora Care - Hillcrest,2024-07-09,63,1,Tuesday,9,7,July,3,2024,28,0,False,No Holiday,Standard,77.0,73.0,,,57.142857142857146,,
4,Nexora Care - Hillcrest,2024-07-10,53,2,Wednesday,10,7,July,3,2024,28,0,False,No Holiday,Standard,63.0,66.0,,,55.714285714285715,,
4,Nexora Care - Hillcrest,2024-07-11,55,3,Thursday,11,7,July,3,2024,28,0,False,No Holiday,Standard,53.0,71.0,,,53.857142857142854,,
4,Nexora Care - Hillcrest,2024-07-12,49,4,Friday,12,7,July,3,2024,28,0,False,No Holiday,Standard,55.0,7.0,,,51.57142857142857,,
4,Nexora Care - Hillcrest,2024-07-13,21,5,Saturday,13,7,July,3,2024,28,1,False,No Holiday,Standard,49.0,82.0,,,57.57142857142857,,
4,Nexora Care - Hillcrest,2024-07-15,41,0,Monday,15,7,July,3,2024,29,0,False,No Holiday,Standard,21.0,24.0,,,48.857142857142854,,
4,Nexora Care - Hillcrest,2024-07-16,53,1,Tuesday,16,7,July,3,2024,29,0,False,No Holiday,Standard,41.0,77.0,14.0,,51.285714285714285,49.714285714285715,
4,Nexora Care - Hillcrest,2024-07-17,66,2,Wednesday,17,7,July,3,2024,29,0,False,No Holiday,Standard,53.0,63.0,73.0,,47.857142857142854,52.5,
4,Nexora Care - Hillcrest,2024-07-18,73,3,Thursday,18,7,July,3,2024,29,0,False,No Holiday,Standard,66.0,53.0,66.0,,48.285714285714285,52.0,
4,Nexora Care - Hillcrest,2024-07-19,51,4,Friday,19,7,July,3,2024,29,0,False,No Holiday,Standard,73.0,55.0,71.0,,51.142857142857146,52.5,
4,Nexora Care - Hillcrest,2024-07-20,7,5,Saturday,20,7,July,3,2024,29,1,False,No Holiday,Standard,51.0,49.0,7.0,,50.57142857142857,51.07142857142857,
4,Nexora Care - Hillcrest,2024-07-22,49,0,Monday,22,7,July,3,2024,30,0,False,No Holiday,Standard,7.0,21.0,82.0,,44.57142857142857,51.07142857142857,
4,Nexora Care - Hillcrest,2024-07-23,56,1,Tuesday,23,7,July,3,2024,30,0,False,No Holiday,Standard,49.0,41.0,24.0,,48.57142857142857,48.714285714285715,
4,Nexora Care - Hillcrest,2024-07-24,54,2,Wednesday,24,7,July,3,2024,30,0,False,No Holiday,Standard,56.0,53.0,77.0,,50.714285714285715,51.0,
4,Nexora Care - Hillcrest,2024-07-25,42,3,Thursday,25,7,July,3,2024,30,0,False,No Holiday,Standard,54.0,66.0,63.0,,50.857142857142854,49.357142857142854,
4,Nexora Care - Hillcrest,2024-07-26,60,4,Friday,26,7,July,3,2024,30,0,False,No Holiday,Standard,42.0,73.0,53.0,,47.42857142857143,47.857142857142854,
4,Nexora Care - Hillcrest,2024-07-27,15,5,Saturday,27,7,July,3,2024,30,1,False,No Holiday,Standard,60.0,51.0,55.0,,45.57142857142857,48.357142857142854,
4,Nexora Care - Hillcrest,2024-07-29,35,0,Monday,29,7,July,3,2024,31,0,False,No Holiday,Standard,15.0,7.0,49.0,,40.42857142857143,45.5,
4,Nexora Care - Hillcrest,2024-07-30,68,1,Tuesday,30,7,July,3,2024,31,0,False,No Holiday,Standard,35.0,49.0,21.0,,44.42857142857143,44.5,
4,Nexora Care - Hillcrest,2024-07-31,65,2,Wednesday,31,7,July,3,2024,31,0,False,No Holiday,Standard,68.0,56.0,41.0,,47.142857142857146,47.857142857142854,
4,Nexora Care - Hillcrest,2024-08-01,59,3,Thursday,1,8,August,3,2024,31,0,False,No Holiday,Standard,65.0,54.0,53.0,14.0,48.42857142857143,49.57142857142857,49.642857142857146
4,Nexora Care - Hillcrest,2024-08-02,45,4,Friday,2,8,August,3,2024,31,0,False,No Holiday,Standard,59.0,42.0,66.0,73.0,49.142857142857146,50.0,51.25
4,Nexora Care - Hillcrest,2024-08-03,19,5,Saturday,3,8,August,3,2024,31,1,False,No Holiday,Standard,45.0,60.0,73.0,66.0,49.57142857142857,48.5,50.25
4,Nexora Care - Hillcrest,2024-08-05,55,0,Monday,5,8,August,3,2024,32,0,False,No Holiday,Standard,19.0,15.0,51.0,71.0,43.714285714285715,44.642857142857146,48.57142857142857
4,Nexora Care - Hillcrest,2024-08-06,67,1,Tuesday,6,8,August,3,2024,32,0,False,No Holiday,Standard,55.0,35.0,7.0,7.0,49.42857142857143,44.92857142857143,48.0
4,Nexora Care - Hillcrest,2024-08-07,69,2,Wednesday,7,8,August,3,2024,32,0,False,No Holiday,Standard,67.0,68.0,49.0,82.0,54.0,49.214285714285715,50.142857142857146
4,Nexora Care - Hillcrest,2024-08-08,59,3,Thursday,8,8,August,3,2024,32,0,False,No Holiday,Standard,69.0,65.0,56.0,24.0,54.142857142857146,50.642857142857146,49.67857142857143
4,Nexora Care - Hillcrest,2024-08-09,69,4,Friday,9,8,August,3,2024,32,0,False,No Holiday,Standard,59.0,59.0,54.0,77.0,53.285714285714285,50.857142857142854,50.92857142857143
4,Nexora Care - Hillcrest,2024-08-10,19,5,Saturday,10,8,August,3,2024,32,1,False,No Holiday,Standard,69.0,45.0,42.0,63.0,54.714285714285715,51.92857142857143,50.642857142857146
4,Nexora Care - Hillcrest,2024-08-12,58,0,Monday,12,8,August,3,2024,33,0,False,No Holiday,Standard,19.0,19.0,60.0,53.0,51.0,50.285714285714285,49.07142857142857
4,Nexora Care - Hillcrest,2024-08-13,72,1,Tuesday,13,8,August,3,2024,33,0,False,No Holiday,Standard,58.0,55.0,15.0,55.0,56.57142857142857,50.142857142857146,49.25
4,Nexora Care - Hillcrest,2024-08-14,76,2,Wednesday,14,8,August,3,2024,33,0,False,No Holiday,Standard,72.0,67.0,35.0,49.0,59.0,54.214285714285715,49.857142857142854
4,Nexora Care - Hillcrest,2024-08-15,62,3,Thursday,15,8,August,3,2024,33,0,False,No Holiday,Standard,76.0,69.0,68.0,21.0,60.285714285714285,57.142857142857146,50.82142857142857
4,Nexora Care - Hillcrest,2024-08-16,71,4,Friday,16,8,August,3,2024,33,0,False,No Holiday,Standard,62.0,59.0,65.0,41.0,59.285714285714285,56.714285714285715,52.285714285714285
4,Nexora Care - Hillcrest,2024-08-17,18,5,Saturday,17,8,August,3,2024,33,1,False,No Holiday,Standard,71.0,69.0,59.0,53.0,61.0,57.142857142857146,53.357142857142854
4,Nexora Care - Hillcrest,2024-08-19,69,0,Monday,19,8,August,3,2024,34,0,False,No Holiday,Standard,18.0,19.0,45.0,66.0,53.714285714285715,54.214285714285715,52.107142857142854
4,Nexora Care - Hillcrest,2024-08-20,62,1,Tuesday,20,8,August,3,2024,34,0,False,No Holiday,Standard,69.0,58.0,19.0,73.0,60.857142857142854,55.92857142857143,52.214285714285715
4,Nexora Care - Hillcrest,2024-08-21,62,2,Wednesday,21,8,August,3,2024,34,0,False,No Holiday,Standard,62.0,72.0,55.0,51.0,61.42857142857143,59.0,51.82142857142857
4,Nexora Care - Hillcrest,2024-08-22,55,3,Thursday,22,8,August,3,2024,34,0,False,No Holiday,Standard,62.0,76.0,67.0,7.0,60.0,59.5,52.214285714285715
4,Nexora Care - Hillcrest,2024-08-23,40,4,Friday,23,8,August,3,2024,34,0,False,No Holiday,Standard,55.0,62.0,69.0,49.0,57.0,58.642857142857146,53.92857142857143
4,Nexora Care - Hillcrest,2024-08-24,20,5,Saturday,24,8,August,3,2024,34,1,False,No Holiday,Standard,40.0,71.0,59.0,56.0,53.857142857142854,56.57142857142857,53.607142857142854
4,Nexora Care - Hillcrest,2024-08-26,46,0,Monday,26,8,August,3,2024,35,0,False,No Holiday,Standard,20.0,18.0,69.0,54.0,46.57142857142857,53.785714285714285,52.32142857142857
4,Nexora Care - Hillcrest,2024-08-27,68,1,Tuesday,27,8,August,3,2024,35,0,False,No Holiday,Standard,46.0,69.0,19.0,42.0,50.57142857142857,52.142857142857146,52.035714285714285
4,Nexora Care - Hillcrest,2024-08-28,65,2,Wednesday,28,8,August,3,2024,35,0,False,No Holiday,Standard,68.0,62.0,58.0,60.0,50.42857142857143,55.642857142857146,52.964285714285715
4,Nexora Care - Hillcrest,2024-08-29,72,3,Thursday,29,8,August,3,2024,35,0,False,No Holiday,Standard,65.0,62.0,72.0,15.0,50.857142857142854,56.142857142857146,53.142857142857146
4,Nexora Care - Hillcrest,2024-08-30,52,4,Friday,30,8,August,3,2024,35,0,False,No Holiday,Standard,72.0,55.0,76.0,35.0,52.285714285714285,56.142857142857146,55.17857142857143
4,Nexora Care - Hillcrest,2024-08-31,10,5,Saturday,31,8,August,3,2024,35,1,False,No Holiday,Standard,52.0,40.0,62.0,68.0,51.857142857142854,54.42857142857143,55.785714285714285
4,Nexora Care - Hillcrest,2024-09-02,9,0,Monday,2,9,September,3,2024,36,0,True,Labor Day,Standard,10.0,20.0,71.0,65.0,47.57142857142857,50.714285714285715,53.714285714285715
4,Nexora Care - Hillcrest,2024-09-03,83,1,Tuesday,3,9,September,3,2024,36,0,False,No Holiday,Standard,9.0,46.0,18.0,59.0,46.0,46.285714285714285,51.714285714285715
4,Nexora Care - Hillcrest,2024-09-04,70,2,Wednesday,4,9,September,3,2024,36,0,False,No Holiday,Standard,83.0,68.0,69.0,45.0,51.285714285714285,50.92857142857143,52.57142857142857
4,Nexora Care - Hillcrest,2024-09-05,62,3,Thursday,5,9,September,3,2024,36,0,False,No Holiday,Standard,70.0,65.0,62.0,19.0,51.57142857142857,51.0,53.464285714285715
4,Nexora Care - Hillcrest,2024-09-06,76,4,Friday,6,9,September,3,2024,36,0,False,No Holiday,Standard,62.0,72.0,62.0,55.0,51.142857142857146,51.0,55.0
4,Nexora Care - Hillcrest,2024-09-07,18,5,Saturday,7,9,September,3,2024,36,1,False,No Holiday,Standard,76.0,52.0,55.0,67.0,51.714285714285715,52.0,55.75
4,Nexora Care - Hillcrest,2024-09-09,66,0,Monday,9,9,September,3,2024,37,0,False,No Holiday,Standard,18.0,10.0,40.0,69.0,46.857142857142854,49.357142857142854,54.0
4,Nexora Care - Hillcrest,2024-09-10,69,1,Tuesday,10,9,September,3,2024,37,0,False,No Holiday,Standard,66.0,9.0,20.0,59.0,54.857142857142854,51.214285714285715,53.892857142857146
4,Nexora Care - Hillcrest,2024-09-11,48,2,Wednesday,11,9,September,3,2024,37,0,False,No Holiday,Standard,69.0,83.0,46.0,69.0,63.42857142857143,54.714285714285715,54.25
4,Nexora Care - Hillcrest,2024-09-12,59,3,Thursday,12,9,September,3,2024,37,0,False,No Holiday,Standard,48.0,70.0,68.0,19.0,58.42857142857143,54.857142857142854,53.5
4,Nexora Care - Hillcrest,2024-09-13,45,4,Friday,13,9,September,3,2024,37,0,False,No Holiday,Standard,59.0,62.0,65.0,58.0,56.857142857142854,54.214285714285715,54.92857142857143
4,Nexora Care - Hillcrest,2024-09-14,25,5,Saturday,14,9,September,3,2024,37,1,False,No Holiday,Standard,45.0,76.0,72.0,72.0,54.42857142857143,52.785714285714285,54.464285714285715
4,Nexora Care - Hillcrest,2024-09-16,59,0,Monday,16,9,September,3,2024,38,0,False,No Holiday,Standard,25.0,18.0,52.0,76.0,47.142857142857146,49.42857142857143,52.785714285714285
4,Nexora Care - Hillcrest,2024-09-17,59,1,Tuesday,17,9,September,3,2024,38,0,False,No Holiday,Standard,59.0,66.0,10.0,62.0,53.0,49.92857142857143,52.17857142857143
4,Nexora Care - Hillcrest,2024-09-18,69,2,Wednesday,18,9,September,3,2024,38,0,False,No Holiday,Standard,59.0,69.0,9.0,71.0,52.0,53.42857142857143,52.07142857142857
4,Nexora Care - Hillcrest,2024-09-19,54,3,Thursday,19,9,September,3,2024,38,0,False,No Holiday,Standard,69.0,48.0,83.0,18.0,52.0,57.714285714285715,52.0
4,Nexora Care - Hillcrest,2024-09-20,67,4,Friday,20,9,September,3,2024,38,0,False,No Holiday,Standard,54.0,59.0,70.0,69.0,52.857142857142854,55.642857142857146,53.285714285714285
4,Nexora Care - Hillcrest,2024-09-21,15,5,Saturday,21,9,September,3,2024,38,1,False,No Holiday,Standard,67.0,45.0,62.0,62.0,54.0,55.42857142857143,53.214285714285715
4,Nexora Care - Hillcrest,2024-09-23,45,0,Monday,23,9,September,3,2024,39,0,False,No Holiday,Standard,15.0,25.0,76.0,62.0,49.714285714285715,52.07142857142857,51.535714285714285
4,Nexora Care - Hillcrest,2024-09-24,63,1,Tuesday,24,9,September,3,2024,39,0,False,No Holiday,Standard,45.0,59.0,18.0,55.0,52.57142857142857,49.857142857142854,50.92857142857143
4,Nexora Care - Hillcrest,2024-09-25,64,2,Wednesday,25,9,September,3,2024,39,0,False,No Holiday,Standard,63.0,59.0,66.0,40.0,53.142857142857146,53.07142857142857,51.214285714285715
4,Nexora Care - Hillcrest,2024-09-26,47,3,Thursday,26,9,September,3,2024,39,0,False,No Holiday,Standard,64.0,69.0,69.0,20.0,53.857142857142854,52.92857142857143,52.07142857142857
4,Nexora Care - Hillcrest,2024-09-27,41,4,Friday,27,9,September,3,2024,39,0,False,No Holiday,Standard,47.0,54.0,48.0,46.0,50.714285714285715,51.357142857142854,53.035714285714285
4,Nexora Care - Hillcrest,2024-09-28,11,5,Saturday,28,9,September,3,2024,39,1,False,No Holiday,Standard,41.0,67.0,59.0,68.0,48.857142857142854,50.857142857142854,52.857142857142854
4,Nexora Care - Hillcrest,2024-09-30,61,0,Monday,30,9,September,3,2024,40,0,False,No Holiday,Standard,11.0,15.0,45.0,65.0,40.857142857142854,47.42857142857143,50.82142857142857
4,Nexora Care - Hillcrest,2024-10-01,53,1,Tuesday,1,10,October,4,2024,40,0,False,No Holiday,Standard,61.0,45.0,25.0,72.0,47.42857142857143,48.57142857142857,50.67857142857143
4,Nexora Care - Hillcrest,2024-10-02,61,2,Wednesday,2,10,October,4,2024,40,0,False,No Holiday,Standard,53.0,63.0,59.0,52.0,48.57142857142857,50.57142857142857,50.0
4,Nexora Care - Hillcrest,2024-10-03,62,3,Thursday,3,10,October,4,2024,40,0,False,No Holiday,Standard,61.0,64.0,59.0,10.0,48.285714285714285,50.714285714285715,50.32142857142857
4,Nexora Care - Hillcrest,2024-10-04,59,4,Friday,4,10,October,4,2024,40,0,False,No Holiday,Standard,62.0,47.0,69.0,9.0,48.0,50.92857142857143,52.17857142857143
4,Nexora Care - Hillcrest,2024-10-05,17,5,Saturday,5,10,October,4,2024,40,1,False,No Holiday,Standard,59.0,41.0,54.0,83.0,49.714285714285715,50.214285714285715,53.964285714285715
4,Nexora Care - Hillcrest,2024-10-07,78,0,Monday,7,10,October,4,2024,41,0,False,No Holiday,Standard,17.0,11.0,67.0,70.0,46.285714285714285,47.57142857142857,51.607142857142854
4,Nexora Care - Hillcrest,2024-10-08,54,1,Tuesday,8,10,October,4,2024,41,0,False,No Holiday,Standard,78.0,61.0,15.0,62.0,55.857142857142854,48.357142857142854,51.892857142857146
4,Nexora Care - Hillcrest,2024-10-09,67,2,Wednesday,9,10,October,4,2024,41,0,False,No Holiday,Standard,54.0,53.0,45.0,76.0,54.857142857142854,51.142857142857146,51.607142857142854
4,Nexora Care - Hillcrest,2024-10-10,68,3,Thursday,10,10,October,4,2024,41,0,False,No Holiday,Standard,67.0,61.0,63.0,18.0,56.857142857142854,52.714285714285715,51.285714285714285
4,Nexora Care - Hillcrest,2024-10-11,56,4,Friday,11,10,October,4,2024,41,0,False,No Holiday,Standard,68.0,62.0,64.0,66.0,57.857142857142854,53.07142857142857,53.07142857142857
4,Nexora Care - Hillcrest,2024-10-12,9,5,Saturday,12,10,October,4,2024,41,1,False,No Holiday,Standard,56.0,59.0,47.0,69.0,57.0,52.5,52.714285714285715
4,Nexora Care - Hillcrest,2024-10-14,81,0,Monday,14,10,October,4,2024,42,0,False,No Holiday,Standard,9.0,17.0,41.0,48.0,49.857142857142854,49.785714285714285,50.57142857142857
4,Nexora Care - Hillcrest,2024-10-15,80,1,Tuesday,15,10,October,4,2024,42,0,False,No Holiday,Standard,81.0,78.0,11.0,59.0,59.0,52.642857142857146,51.75
4,Nexora Care - Hillcrest,2024-10-16,77,2,Wednesday,16,10,October,4,2024,42,0,False,No Holiday,Standard,80.0,54.0,61.0,45.0,59.285714285714285,57.57142857142857,52.5
4,Nexora Care - Hillcrest,2024-10-17,62,3,Thursday,17,10,October,4,2024,42,0,False,No Holiday,Standard,77.0,67.0,53.0,25.0,62.57142857142857,58.714285714285715,53.642857142857146
4,Nexora Care - Hillcrest,2024-10-18,63,4,Friday,18,10,October,4,2024,42,0,False,No Holiday,Standard,62.0,68.0,61.0,59.0,61.857142857142854,59.357142857142854,54.964285714285715
4,Nexora Care - Hillcrest,2024-10-19,11,5,Saturday,19,10,October,4,2024,42,1,False,No Holiday,Standard,63.0,56.0,62.0,59.0,61.142857142857146,59.5,55.107142857142854
4,Nexora Care - Hillcrest,2024-10-21,59,0,Monday,21,10,October,4,2024,43,0,False,No Holiday,Standard,11.0,9.0,59.0,69.0,54.714285714285715,55.857142857142854,53.392857142857146
4,Nexora Care - Hillcrest,2024-10-22,77,1,Tuesday,22,10,October,4,2024,43,0,False,No Holiday,Standard,59.0,81.0,17.0,54.0,61.857142857142854,55.857142857142854,53.035714285714285
4,Nexora Care - Hillcrest,2024-10-23,45,2,Wednesday,23,10,October,4,2024,43,0,False,No Holiday,Standard,77.0,80.0,78.0,67.0,61.285714285714285,60.142857142857146,53.857142857142854
4,Nexora Care - Hillcrest,2024-10-24,55,3,Thursday,24,10,October,4,2024,43,0,False,No Holiday,Standard,45.0,77.0,54.0,15.0,56.285714285714285,57.785714285714285,53.07142857142857
4,Nexora Care - Hillcrest,2024-10-25,65,4,Friday,25,10,October,4,2024,43,0,False,No Holiday,Standard,55.0,62.0,67.0,45.0,53.142857142857146,57.857142857142854,54.5
4,Nexora Care - Hillcrest,2024-10-26,19,5,Saturday,26,10,October,4,2024,43,1,False,No Holiday,Standard,65.0,63.0,68.0,63.0,53.57142857142857,57.714285714285715,55.214285714285715
4,Nexora Care - Hillcrest,2024-10-28,78,0,Monday,28,10,October,4,2024,44,0,False,No Holiday,Standard,19.0,11.0,56.0,64.0,47.285714285714285,54.214285714285715,53.642857142857146
4,Nexora Care - Hillcrest,2024-10-29,73,1,Tuesday,29,10,October,4,2024,44,0,False,No Holiday,Standard,78.0,59.0,9.0,47.0,56.857142857142854,55.785714285714285,54.142857142857146
4,Nexora Care - Hillcrest,2024-10-30,57,2,Wednesday,30,10,October,4,2024,44,0,False,No Holiday,Standard,73.0,77.0,81.0,41.0,58.857142857142854,60.357142857142854,55.07142857142857
4,Nexora Care - Hillcrest,2024-10-31,47,3,Thursday,31,10,October,4,2024,44,0,False,No Holiday,Standard,57.0,45.0,80.0,11.0,56.0,58.642857142857146,55.642857142857146
4,Nexora Care - Hillcrest,2024-11-01,46,4,Friday,1,11,November,4,2024,44,0,False,No Holiday,Standard,47.0,55.0,77.0,61.0,56.285714285714285,56.285714285714285,56.92857142857143
4,Nexora Care - Hillcrest,2024-11-02,19,5,Saturday,2,11,November,4,2024,44,1,False,No Holiday,Standard,46.0,65.0,62.0,53.0,55.0,54.07142857142857,56.392857142857146
4,Nexora Care - Hillcrest,2024-11-04,56,0,Monday,4,11,November,4,2024,45,0,False,No Holiday,Standard,19.0,19.0,63.0,61.0,48.42857142857143,51.0,55.17857142857143
4,Nexora Care - Hillcrest,2024-11-05,63,1,Tuesday,5,11,November,4,2024,45,0,False,No Holiday,Standard,56.0,78.0,11.0,62.0,53.714285714285715,50.5,55.0
4,Nexora Care - Hillcrest,2024-11-06,69,2,Wednesday,6,11,November,4,2024,45,0,False,No Holiday,Standard,63.0,73.0,59.0,59.0,51.57142857142857,54.214285714285715,55.035714285714285
4,Nexora Care - Hillcrest,2024-11-07,65,3,Thursday,7,11,November,4,2024,45,0,False,No Holiday,Standard,69.0,57.0,77.0,17.0,51.0,54.92857142857143,55.392857142857146
4,Nexora Care - Hillcrest,2024-11-08,66,4,Friday,8,11,November,4,2024,45,0,False,No Holiday,Standard,65.0,47.0,45.0,78.0,52.142857142857146,54.07142857142857,57.107142857142854
4,Nexora Care - Hillcrest,2024-11-09,18,5,Saturday,9,11,November,4,2024,45,1,False,No Holiday,Standard,66.0,46.0,55.0,54.0,54.857142857142854,55.57142857142857,56.67857142857143
4,Nexora Care - Hillcrest,2024-11-11,7,0,Monday,11,11,November,4,2024,46,0,True,Veterans Day,Standard,18.0,19.0,65.0,67.0,50.857142857142854,52.92857142857143,55.392857142857146
4,Nexora Care - Hillcrest,2024-11-12,62,1,Tuesday,12,11,November,4,2024,46,0,False,No Holiday,Standard,7.0,56.0,19.0,68.0,49.142857142857146,48.785714285714285,53.25
4,Nexora Care - Hillcrest,2024-11-13,73,2,Wednesday,13,11,November,4,2024,46,0,False,No Holiday,Standard,62.0,63.0,78.0,56.0,50.0,51.857142857142854,53.035714285714285
4,Nexora Care - Hillcrest,2024-11-14,61,3,Thursday,14,11,November,4,2024,46,0,False,No Holiday,Standard,73.0,69.0,73.0,9.0,51.42857142857143,51.5,53.642857142857146
4,Nexora Care - Hillcrest,2024-11-15,60,4,Friday,15,11,November,4,2024,46,0,False,No Holiday,Standard,61.0,65.0,57.0,81.0,50.285714285714285,50.642857142857146,55.5
4,Nexora Care - Hillcrest,2024-11-16,8,5,Saturday,16,11,November,4,2024,46,1,False,No Holiday,Standard,60.0,66.0,47.0,80.0,49.57142857142857,50.857142857142854,54.75
4,Nexora Care - Hillcrest,2024-11-18,73,0,Monday,18,11,November,4,2024,47,0,False,No Holiday,Standard,8.0,18.0,46.0,77.0,41.285714285714285,48.07142857142857,52.17857142857143
4,Nexora Care - Hillcrest,2024-11-19,60,1,Tuesday,19,11,November,4,2024,47,0,False,No Holiday,Standard,73.0,7.0,19.0,62.0,49.142857142857146,50.0,52.035714285714285
4,Nexora Care - Hillcrest,2024-11-20,65,2,Wednesday,20,11,November,4,2024,47,0,False,No Holiday,Standard,60.0,62.0,56.0,63.0,56.714285714285715,52.92857142857143,51.964285714285715
4,Nexora Care - Hillcrest,2024-11-21,71,3,Thursday,21,11,November,4,2024,47,0,False,No Holiday,Standard,65.0,73.0,63.0,11.0,57.142857142857146,53.57142857142857,52.035714285714285
4,Nexora Care - Hillcrest,2024-11-22,40,4,Friday,22,11,November,4,2024,47,0,False,No Holiday,Standard,71.0,61.0,69.0,59.0,56.857142857142854,54.142857142857146,54.17857142857143
4,Nexora Care - Hillcrest,2024-11-23,21,5,Saturday,23,11,November,4,2024,47,1,False,No Holiday,Standard,40.0,60.0,65.0,77.0,53.857142857142854,52.07142857142857,53.5
4,Nexora Care - Hillcrest,2024-11-25,46,0,Monday,25,11,November,4,2024,48,0,False,No Holiday,Standard,21.0,8.0,66.0,45.0,48.285714285714285,48.92857142857143,51.5
4,Nexora Care - Hillcrest,2024-11-26,38,1,Tuesday,26,11,November,4,2024,48,0,False,No Holiday,Standard,46.0,73.0,18.0,55.0,53.714285714285715,47.5,51.535714285714285
4,Nexora Care - Hillcrest,2024-11-27,51,2,Wednesday,27,11,November,4,2024,48,0,False,No Holiday,Standard,38.0,60.0,7.0,65.0,48.714285714285715,48.92857142857143,50.92857142857143
4,Nexora Care - Hillcrest,2024-11-28,15,3,Thursday,28,11,November,4,2024,48,0,True,Thanksgiving,Standard,51.0,65.0,62.0,19.0,47.42857142857143,52.07142857142857,50.42857142857143
4,Nexora Care - Hillcrest,2024-11-29,16,4,Friday,29,11,November,4,2024,48,0,True,Day After Thanksgiving,Standard,15.0,71.0,73.0,78.0,40.285714285714285,48.714285714285715,50.285714285714285
4,Nexora Care - Hillcrest,2024-11-30,29,5,Saturday,30,11,November,4,2024,48,1,False,No Holiday,Standard,16.0,40.0,61.0,73.0,32.42857142857143,44.642857142857146,48.07142857142857
4,Nexora Care - Hillcrest,2024-12-02,85,0,Monday,2,12,December,4,2024,49,0,False,No Holiday,Flu Season,29.0,21.0,60.0,57.0,30.857142857142858,42.357142857142854,46.5
4,Nexora Care - Hillcrest,2024-12-03,80,1,Tuesday,3,12,December,4,2024,49,0,False,No Holiday,Flu Season,85.0,46.0,8.0,47.0,40.0,44.142857142857146,47.5
4,Nexora Care - Hillcrest,2024-12-04,89,2,Wednesday,4,12,December,4,2024,49,0,False,No Holiday,Flu Season,80.0,38.0,73.0,46.0,44.857142857142854,49.285714285714285,48.67857142857143
4,Nexora Care - Hillcrest,2024-12-05,67,3,Thursday,5,12,December,4,2024,49,0,False,No Holiday,Flu Season,89.0,51.0,60.0,19.0,52.142857142857146,50.42857142857143,50.214285714285715
4,Nexora Care - Hillcrest,2024-12-06,69,4,Friday,6,12,December,4,2024,49,0,False,No Holiday,Flu Season,67.0,15.0,65.0,56.0,54.42857142857143,50.92857142857143,51.92857142857143
4,Nexora Care - Hillcrest,2024-12-07,22,5,Saturday,7,12,December,4,2024,49,1,False,No Holiday,Flu Season,69.0,16.0,71.0,63.0,62.142857142857146,51.214285714285715,52.392857142857146
4,Nexora Care - Hillcrest,2024-12-09,89,0,Monday,9,12,December,4,2024,50,0,False,No Holiday,Flu Season,22.0,29.0,40.0,69.0,63.0,47.714285714285715,50.92857142857143
4,Nexora Care - Hillcrest,2024-12-10,81,1,Tuesday,10,12,December,4,2024,50,0,False,No Holiday,Flu Season,89.0,85.0,21.0,65.0,71.57142857142857,51.214285714285715,51.642857142857146
4,Nexora Care - Hillcrest,2024-12-11,78,2,Wednesday,11,12,December,4,2024,50,0,False,No Holiday,Flu Season,81.0,80.0,46.0,66.0,71.0,55.5,52.214285714285715
4,Nexora Care - Hillcrest,2024-12-12,81,3,Thursday,12,12,December,4,2024,50,0,False,No Holiday,Flu Season,78.0,89.0,38.0,18.0,70.71428571428571,57.785714285714285,52.642857142857146
4,Nexora Care - Hillcrest,2024-12-13,50,4,Friday,13,12,December,4,2024,50,0,False,No Holiday,Flu Season,81.0,67.0,51.0,7.0,69.57142857142857,60.857142857142854,54.892857142857146
4,Nexora Care - Hillcrest,2024-12-14,26,5,Saturday,14,12,December,4,2024,50,1,False,No Holiday,Flu Season,50.0,69.0,15.0,62.0,67.14285714285714,60.785714285714285,56.42857142857143
4,Nexora Care - Hillcrest,2024-12-16,83,0,Monday,16,12,December,4,2024,51,0,False,No Holiday,Flu Season,26.0,22.0,16.0,73.0,61.0,61.57142857142857,55.142857142857146
4,Nexora Care - Hillcrest,2024-12-17,81,1,Tuesday,17,12,December,4,2024,51,0,False,No Holiday,Flu Season,83.0,89.0,29.0,61.0,69.71428571428571,66.35714285714286,55.5
4,Nexora Care - Hillcrest,2024-12-18,80,2,Wednesday,18,12,December,4,2024,51,0,False,No Holiday,Flu Season,81.0,81.0,85.0,60.0,68.57142857142857,70.07142857142857,56.214285714285715
4,Nexora Care - Hillcrest,2024-12-19,98,3,Thursday,19,12,December,4,2024,51,0,False,No Holiday,Flu Season,80.0,78.0,80.0,8.0,68.42857142857143,69.71428571428571,56.92857142857143
4,Nexora Care - Hillcrest,2024-12-20,79,4,Friday,20,12,December,4,2024,51,0,False,No Holiday,Flu Season,98.0,81.0,89.0,73.0,71.28571428571429,71.0,60.142857142857146
4,Nexora Care - Hillcrest,2024-12-21,19,5,Saturday,21,12,December,4,2024,51,1,False,No Holiday,Flu Season,79.0,50.0,67.0,60.0,71.0,70.28571428571429,60.357142857142854
4,Nexora Care - Hillcrest,2024-12-23,87,0,Monday,23,12,December,4,2024,52,0,False,No Holiday,Flu Season,19.0,26.0,69.0,65.0,66.57142857142857,66.85714285714286,58.892857142857146
4,Nexora Care - Hillcrest,2024-12-24,12,1,Tuesday,24,12,December,4,2024,52,0,True,Christmas Eve,Flu Season,87.0,83.0,22.0,71.0,75.28571428571429,68.14285714285714,59.67857142857143
4,Nexora Care - Hillcrest,2024-12-25,12,2,Wednesday,25,12,December,4,2024,52,0,True,Christmas Day,Flu Season,12.0,81.0,89.0,40.0,65.14285714285714,67.42857142857143,57.57142857142857
4,Nexora Care - Hillcrest,2024-12-26,90,3,Thursday,26,12,December,4,2024,52,0,False,No Holiday,Flu Season,12.0,80.0,81.0,21.0,55.285714285714285,61.92857142857143,56.57142857142857
4,Nexora Care - Hillcrest,2024-12-27,50,4,Friday,27,12,December,4,2024,52,0,False,No Holiday,Flu Season,90.0,98.0,78.0,46.0,56.714285714285715,62.57142857142857,59.035714285714285
4,Nexora Care - Hillcrest,2024-12-28,21,5,Saturday,28,12,December,4,2024,52,1,False,No Holiday,Flu Season,50.0,79.0,81.0,38.0,49.857142857142854,60.57142857142857,59.17857142857143
4,Nexora Care - Hillcrest,2024-12-30,74,0,Monday,30,12,December,4,2024,1,0,False,No Holiday,Flu Season,21.0,19.0,50.0,51.0,41.57142857142857,56.285714285714285,58.57142857142857
4,Nexora Care - Hillcrest,2024-12-31,12,1,Tuesday,31,12,December,4,2024,1,0,True,New Year's Eve,Flu Season,74.0,87.0,26.0,15.0,49.42857142857143,58.0,59.392857142857146
4,Nexora Care - Hillcrest,2025-01-01,12,2,Wednesday,1,1,January,1,2025,1,0,True,New Year's Day,Flu Season,12.0,12.0,83.0,16.0,38.714285714285715,57.0,59.285714285714285
4,Nexora Care - Hillcrest,2025-01-02,92,3,Thursday,2,1,January,1,2025,1,0,False,No Holiday,Flu Season,12.0,12.0,81.0,29.0,38.714285714285715,51.92857142857143,59.142857142857146
4,Nexora Care - Hillcrest,2025-01-03,75,4,Friday,3,1,January,1,2025,1,0,False,No Holiday,Flu Season,92.0,90.0,80.0,85.0,50.142857142857146,52.714285714285715,61.392857142857146
4,Nexora Care - Hillcrest,2025-01-04,20,5,Saturday,4,1,January,1,2025,1,1,False,No Holiday,Flu Season,75.0,50.0,98.0,80.0,48.0,52.357142857142854,61.035714285714285
4,Nexora Care - Hillcrest,2025-01-06,70,0,Monday,6,1,January,1,2025,2,0,False,No Holiday,Flu Season,20.0,21.0,79.0,89.0,43.714285714285715,46.785714285714285,58.892857142857146
4,Nexora Care - Hillcrest,2025-01-07,109,1,Tuesday,7,1,January,1,2025,2,0,False,No Holiday,Flu Season,70.0,74.0,19.0,67.0,50.714285714285715,46.142857142857146,58.214285714285715
4,Nexora Care - Hillcrest,2025-01-08,101,2,Wednesday,8,1,January,1,2025,2,0,False,No Holiday,Flu Season,109.0,12.0,87.0,69.0,55.714285714285715,52.57142857142857,59.714285714285715
4,Nexora Care - Hillcrest,2025-01-09,83,3,Thursday,9,1,January,1,2025,2,0,False,No Holiday,Flu Season,101.0,12.0,12.0,22.0,68.42857142857143,53.57142857142857,60.857142857142854
4,Nexora Care - Hillcrest,2025-01-10,95,4,Friday,10,1,January,1,2025,2,0,False,No Holiday,Flu Season,83.0,92.0,12.0,89.0,78.57142857142857,58.642857142857146,63.035714285714285
4,Nexora Care - Hillcrest,2025-01-11,24,5,Saturday,11,1,January,1,2025,2,1,False,No Holiday,Flu Season,95.0,75.0,90.0,81.0,79.0,64.57142857142857,63.25
4,Nexora Care - Hillcrest,2025-01-13,92,0,Monday,13,1,January,1,2025,3,0,False,No Holiday,Flu Season,24.0,20.0,50.0,78.0,71.71428571428571,59.857142857142854,61.214285714285715
4,Nexora Care - Hillcrest,2025-01-14,112,1,Tuesday,14,1,January,1,2025,3,0,False,No Holiday,Flu Season,92.0,70.0,21.0,81.0,82.0,62.857142857142854,61.714285714285715
4,Nexora Care - Hillcrest,2025-01-15,103,2,Wednesday,15,1,January,1,2025,3,0,False,No Holiday,Flu Season,112.0,109.0,74.0,50.0,88.0,69.35714285714286,62.82142857142857
4,Nexora Care - Hillcrest,2025-01-16,102,3,Thursday,16,1,January,1,2025,3,0,False,No Holiday,Flu Season,103.0,101.0,12.0,26.0,87.14285714285714,71.42857142857143,64.71428571428571
4,Nexora Care - Hillcrest,2025-01-17,90,4,Friday,17,1,January,1,2025,3,0,False,No Holiday,Flu Season,102.0,83.0,12.0,83.0,87.28571428571429,77.85714285714286,67.42857142857143
4,Nexora Care - Hillcrest,2025-01-18,29,5,Saturday,18,1,January,1,2025,3,1,False,No Holiday,Flu Season,90.0,95.0,92.0,81.0,88.28571428571429,83.42857142857143,67.67857142857143
4,Nexora Care - Hillcrest,2025-01-20,11,0,Monday,20,1,January,1,2025,4,0,True,MLK Day,Flu Season,29.0,24.0,75.0,80.0,78.85714285714286,78.92857142857143,65.82142857142857
4,Nexora Care - Hillcrest,2025-01-21,126,1,Tuesday,21,1,January,1,2025,4,0,False,No Holiday,Flu Season,11.0,92.0,20.0,98.0,77.0,74.35714285714286,63.357142857142854
4,Nexora Care - Hillcrest,2025-01-22,84,2,Wednesday,22,1,January,1,2025,4,0,False,No Holiday,Flu Season,126.0,112.0,70.0,79.0,81.85714285714286,81.92857142857143,64.35714285714286
4,Nexora Care - Hillcrest,2025-01-23,85,3,Thursday,23,1,January,1,2025,4,0,False,No Holiday,Flu Season,84.0,103.0,109.0,19.0,77.85714285714286,82.92857142857143,64.53571428571429
4,Nexora Care - Hillcrest,2025-01-24,63,4,Friday,24,1,January,1,2025,4,0,False,No Holiday,Flu Season,85.0,102.0,101.0,87.0,75.28571428571429,81.21428571428571,66.89285714285714
4,Nexora Care - Hillcrest,2025-01-25,37,5,Saturday,25,1,January,1,2025,4,1,False,No Holiday,Flu Season,63.0,90.0,83.0,12.0,69.71428571428571,78.5,66.03571428571429
4,Nexora Care - Hillcrest,2025-01-27,72,0,Monday,27,1,January,1,2025,5,0,False,No Holiday,Flu Season,37.0,29.0,95.0,12.0,62.142857142857146,75.21428571428571,66.92857142857143
4,Nexora Care - Hillcrest,2025-01-28,79,1,Tuesday,28,1,January,1,2025,5,0,False,No Holiday,Flu Season,72.0,11.0,24.0,90.0,68.28571428571429,73.57142857142857,69.07142857142857
4,Nexora Care - Hillcrest,2025-01-29,72,2,Wednesday,29,1,January,1,2025,5,0,False,No Holiday,Flu Season,79.0,126.0,92.0,50.0,78.0,77.5,68.67857142857143
4,Nexora Care - Hillcrest,2025-01-30,83,3,Thursday,30,1,January,1,2025,5,0,False,No Holiday,Flu Season,72.0,84.0,112.0,21.0,70.28571428571429,76.07142857142857,69.46428571428571
4,Nexora Care - Hillcrest,2025-01-31,64,4,Friday,31,1,January,1,2025,5,0,False,No Holiday,Flu Season,83.0,85.0,103.0,74.0,70.14285714285714,74.0,71.67857142857143
4,Nexora Care - Hillcrest,2025-02-01,17,5,Saturday,1,2,February,1,2025,5,1,False,No Holiday,Flu Season,64.0,63.0,102.0,12.0,67.14285714285714,71.21428571428571,71.32142857142857
4,Nexora Care - Hillcrest,2025-02-03,59,0,Monday,3,2,February,1,2025,6,0,False,No Holiday,Flu Season,17.0,37.0,90.0,12.0,60.57142857142857,65.14285714285714,71.5
4,Nexora Care - Hillcrest,2025-02-04,69,1,Tuesday,4,2,February,1,2025,6,0,False,No Holiday,Flu Season,59.0,72.0,29.0,92.0,63.714285714285715,62.92857142857143,73.17857142857143
4,Nexora Care - Hillcrest,2025-02-05,71,2,Wednesday,5,2,February,1,2025,6,0,False,No Holiday,Flu Season,69.0,79.0,11.0,75.0,63.285714285714285,65.78571428571429,72.35714285714286
4,Nexora Care - Hillcrest,2025-02-06,90,3,Thursday,6,2,February,1,2025,6,0,False,No Holiday,Flu Season,71.0,72.0,126.0,20.0,62.142857142857146,70.07142857142857,72.21428571428571
4,Nexora Care - Hillcrest,2025-02-07,104,4,Friday,7,2,February,1,2025,6,0,False,No Holiday,Flu Season,90.0,83.0,84.0,70.0,64.71428571428571,67.5,74.71428571428571
4,Nexora Care - Hillcrest,2025-02-08,25,5,Saturday,8,2,February,1,2025,6,1,False,No Holiday,Flu Season,104.0,64.0,85.0,109.0,67.71428571428571,68.92857142857143,75.92857142857143
4,Nexora Care - Hillcrest,2025-02-10,85,0,Monday,10,2,February,1,2025,7,0,False,No Holiday,Flu Season,25.0,17.0,63.0,101.0,62.142857142857146,64.64285714285714,72.92857142857143
4,Nexora Care - Hillcrest,2025-02-11,84,1,Tuesday,11,2,February,1,2025,7,0,False,No Holiday,Flu Season,85.0,59.0,37.0,83.0,71.85714285714286,66.21428571428571,72.35714285714286
4,Nexora Care - Hillcrest,2025-02-12,76,2,Wednesday,12,2,February,1,2025,7,0,False,No Holiday,Flu Season,84.0,69.0,72.0,95.0,75.42857142857143,69.57142857142857,72.39285714285714
4,Nexora Care - Hillcrest,2025-02-13,83,3,Thursday,13,2,February,1,2025,7,0,False,No Holiday,Flu Season,76.0,71.0,79.0,24.0,76.42857142857143,69.85714285714286,71.71428571428571
4,Nexora Care - Hillcrest,2025-02-14,89,4,Friday,14,2,February,1,2025,7,0,False,No Holiday,Flu Season,83.0,90.0,72.0,92.0,78.14285714285714,70.14285714285714,73.82142857142857
4,Nexora Care - Hillcrest,2025-02-15,23,5,Saturday,15,2,February,1,2025,7,1,False,No Holiday,Flu Season,89.0,104.0,83.0,112.0,78.0,71.35714285714286,73.71428571428571
4,Nexora Care - Hillcrest,2025-02-17,14,0,Monday,17,2,February,1,2025,8,0,True,Presidents' Day,Flu Season,23.0,25.0,64.0,103.0,66.42857142857143,67.07142857142857,70.53571428571429
4,Nexora Care - Hillcrest,2025-02-18,120,1,Tuesday,18,2,February,1,2025,8,0,False,No Holiday,Flu Season,14.0,85.0,17.0,102.0,64.85714285714286,63.5,67.35714285714286
4,Nexora Care - Hillcrest,2025-02-19,86,2,Wednesday,19,2,February,1,2025,8,0,False,No Holiday,Flu Season,120.0,84.0,59.0,90.0,69.85714285714286,70.85714285714286,68.0
4,Nexora Care - Hillcrest,2025-02-20,83,3,Thursday,20,2,February,1,2025,8,0,False,No Holiday,Flu Season,86.0,76.0,69.0,29.0,70.14285714285714,72.78571428571429,67.85714285714286
4,Nexora Care - Hillcrest,2025-02-21,71,4,Friday,21,2,February,1,2025,8,0,False,No Holiday,Flu Season,83.0,83.0,71.0,11.0,71.14285714285714,73.78571428571429,69.78571428571429
4,Nexora Care - Hillcrest,2025-02-22,23,5,Saturday,22,2,February,1,2025,8,1,False,No Holiday,Flu Season,71.0,89.0,90.0,126.0,69.42857142857143,73.78571428571429,71.92857142857143
4,Nexora Care - Hillcrest,2025-02-24,73,0,Monday,24,2,February,1,2025,9,0,False,No Holiday,Flu Season,23.0,23.0,104.0,84.0,60.0,69.0,68.25
4,Nexora Care - Hillcrest,2025-02-25,86,1,Tuesday,25,2,February,1,2025,9,0,False,No Holiday,Flu Season,73.0,14.0,25.0,85.0,67.14285714285714,66.78571428571429,67.85714285714286
4,Nexora Care - Hillcrest,2025-02-26,109,2,Wednesday,26,2,February,1,2025,9,0,False,No Holiday,Flu Season,86.0,120.0,85.0,63.0,77.42857142857143,71.14285714285714,67.89285714285714
4,Nexora Care - Hillcrest,2025-02-27,70,3,Thursday,27,2,February,1,2025,9,0,False,No Holiday,Flu Season,109.0,86.0,84.0,37.0,75.85714285714286,72.85714285714286,69.53571428571429
4,Nexora Care - Hillcrest,2025-02-28,75,4,Friday,28,2,February,1,2025,9,0,False,No Holiday,Flu Season,70.0,83.0,76.0,72.0,73.57142857142857,71.85714285714286,70.71428571428571
4,Nexora Care - Hillcrest,2025-03-01,8,5,Saturday,1,3,March,1,2025,9,1,False,No Holiday,Allergy Season,75.0,71.0,83.0,79.0,72.42857142857143,71.78571428571429,70.82142857142857
4,Nexora Care - Hillcrest,2025-03-03,59,0,Monday,3,3,March,1,2025,10,0,False,No Holiday,Allergy Season,8.0,23.0,89.0,72.0,63.42857142857143,66.42857142857143,68.28571428571429
4,Nexora Care - Hillcrest,2025-03-04,87,1,Tuesday,4,3,March,1,2025,10,0,False,No Holiday,Allergy Season,59.0,73.0,23.0,83.0,68.57142857142857,64.28571428571429,67.82142857142857
4,Nexora Care - Hillcrest,2025-03-05,64,2,Wednesday,5,3,March,1,2025,10,0,False,No Holiday,Allergy Season,87.0,86.0,14.0,64.0,70.57142857142857,68.85714285714286,67.96428571428571
4,Nexora Care - Hillcrest,2025-03-06,70,3,Thursday,6,3,March,1,2025,10,0,False,No Holiday,Allergy Season,64.0,109.0,120.0,17.0,67.42857142857143,72.42857142857143,67.96428571428571
4,Nexora Care - Hillcrest,2025-03-07,78,4,Friday,7,3,March,1,2025,10,0,False,No Holiday,Allergy Season,70.0,70.0,86.0,59.0,61.857142857142854,68.85714285714286,69.85714285714286
4,Nexora Care - Hillcrest,2025-03-08,27,5,Saturday,8,3,March,1,2025,10,1,False,No Holiday,Allergy Season,78.0,75.0,83.0,69.0,63.0,68.28571428571429,70.53571428571429
4,Nexora Care - Hillcrest,2025-03-10,68,0,Monday,10,3,March,1,2025,11,0,False,No Holiday,Allergy Season,27.0,8.0,71.0,71.0,56.142857142857146,64.28571428571429,69.03571428571429
4,Nexora Care - Hillcrest,2025-03-11,81,1,Tuesday,11,3,March,1,2025,11,0,False,No Holiday,Allergy Season,68.0,59.0,23.0,90.0,64.71428571428571,64.07142857142857,68.92857142857143
4,Nexora Care - Hillcrest,2025-03-12,108,2,Wednesday,12,3,March,1,2025,11,0,False,No Holiday,Allergy Season,81.0,87.0,73.0,104.0,67.85714285714286,68.21428571428571,68.60714285714286
4,Nexora Care - Hillcrest,2025-03-13,65,3,Thursday,13,3,March,1,2025,11,0,False,No Holiday,Allergy Season,108.0,64.0,86.0,25.0,70.85714285714286,70.71428571428571,68.75
4,Nexora Care - Hillcrest,2025-03-14,73,4,Friday,14,3,March,1,2025,11,0,False,No Holiday,Allergy Season,65.0,70.0,109.0,85.0,71.0,69.21428571428571,70.17857142857143
4,Nexora Care - Hillcrest,2025-03-15,13,5,Saturday,15,3,March,1,2025,11,1,False,No Holiday,Allergy Season,73.0,78.0,70.0,84.0,71.42857142857143,66.64285714285714,69.75
4,Nexora Care - Hillcrest,2025-03-17,67,0,Monday,17,3,March,1,2025,12,0,False,No Holiday,Allergy Season,13.0,27.0,75.0,76.0,62.142857142857146,62.57142857142857,67.21428571428571
4,Nexora Care - Hillcrest,2025-03-18,69,1,Tuesday,18,3,March,1,2025,12,0,False,No Holiday,Allergy Season,67.0,68.0,8.0,83.0,67.85714285714286,62.0,66.89285714285714
4,Nexora Care - Hillcrest,2025-03-19,81,2,Wednesday,19,3,March,1,2025,12,0,False,No Holiday,Allergy Season,69.0,81.0,59.0,89.0,68.0,66.35714285714286,66.39285714285714
4,Nexora Care - Hillcrest,2025-03-20,71,3,Thursday,20,3,March,1,2025,12,0,False,No Holiday,Allergy Season,81.0,108.0,87.0,23.0,68.0,67.92857142857143,66.10714285714286
4,Nexora Care - Hillcrest,2025-03-21,62,4,Friday,21,3,March,1,2025,12,0,False,No Holiday,Allergy Season,71.0,65.0,64.0,14.0,62.714285714285715,66.78571428571429,67.82142857142857
4,Nexora Care - Hillcrest,2025-03-22,12,5,Saturday,22,3,March,1,2025,12,1,False,No Holiday,Allergy Season,62.0,73.0,70.0,120.0,62.285714285714285,66.64285714285714,69.53571428571429
4,Nexora Care - Hillcrest,2025-03-24,57,0,Monday,24,3,March,1,2025,13,0,False,No Holiday,Allergy Season,12.0,13.0,78.0,86.0,53.57142857142857,62.5,65.67857142857143
4,Nexora Care - Hillcrest,2025-03-25,65,1,Tuesday,25,3,March,1,2025,13,0,False,No Holiday,Allergy Season,57.0,67.0,27.0,83.0,59.857142857142854,61.0,64.64285714285714
4,Nexora Care - Hillcrest,2025-03-26,72,2,Wednesday,26,3,March,1,2025,13,0,False,No Holiday,Allergy Season,65.0,69.0,68.0,71.0,59.57142857142857,63.714285714285715,64.0
4,Nexora Care - Hillcrest,2025-03-27,69,3,Thursday,27,3,March,1,2025,13,0,False,No Holiday,Allergy Season,72.0,81.0,81.0,23.0,60.0,64.0,64.03571428571429
4,Nexora Care - Hillcrest,2025-03-28,70,4,Friday,28,3,March,1,2025,13,0,False,No Holiday,Allergy Season,69.0,71.0,108.0,73.0,58.285714285714285,63.142857142857146,65.67857142857143
4,Nexora Care - Hillcrest,2025-03-29,23,5,Saturday,29,3,March,1,2025,13,1,False,No Holiday,Allergy Season,70.0,62.0,65.0,86.0,58.142857142857146,60.42857142857143,65.57142857142857
4,Nexora Care - Hillcrest,2025-03-31,62,0,Monday,31,3,March,1,2025,14,0,False,No Holiday,Allergy Season,23.0,12.0,73.0,109.0,52.57142857142857,57.42857142857143,63.32142857142857
4,Nexora Care - Hillcrest,2025-04-01,90,1,Tuesday,1,4,April,2,2025,14,0,False,No Holiday,Allergy Season,62.0,57.0,13.0,70.0,59.714285714285715,56.642857142857146,61.642857142857146
4,Nexora Care - Hillcrest,2025-04-02,88,2,Wednesday,2,4,April,2,2025,14,0,False,No Holiday,Allergy Season,90.0,65.0,67.0,75.0,64.42857142857143,62.142857142857146,62.357142857142854
4,Nexora Care - Hillcrest,2025-04-03,84,3,Thursday,3,4,April,2,2025,14,0,False,No Holiday,Allergy Season,88.0,72.0,69.0,8.0,67.71428571428571,63.642857142857146,62.82142857142857
4,Nexora Care - Hillcrest,2025-04-04,90,4,Friday,4,4,April,2,2025,14,0,False,No Holiday,Allergy Season,84.0,69.0,81.0,59.0,69.42857142857143,64.71428571428571,65.53571428571429
4,Nexora Care - Hillcrest,2025-04-05,31,5,Saturday,5,4,April,2,2025,14,1,False,No Holiday,Allergy Season,90.0,70.0,71.0,87.0,72.42857142857143,65.35714285714286,66.64285714285714
4,Nexora Care - Hillcrest,2025-04-07,56,0,Monday,7,4,April,2,2025,15,0,False,No Holiday,Allergy Season,31.0,23.0,62.0,64.0,66.85714285714286,62.5,64.64285714285714
4,Nexora Care - Hillcrest,2025-04-08,74,1,Tuesday,8,4,April,2,2025,15,0,False,No Holiday,Allergy Season,56.0,62.0,12.0,70.0,71.57142857142857,62.07142857142857,64.35714285714286
4,Nexora Care - Hillcrest,2025-04-09,69,2,Wednesday,9,4,April,2,2025,15,0,False,No Holiday,Allergy Season,74.0,90.0,57.0,78.0,73.28571428571429,66.5,64.5
4,Nexora Care - Hillcrest,2025-04-10,74,3,Thursday,10,4,April,2,2025,15,0,False,No Holiday,Allergy Season,69.0,88.0,65.0,27.0,70.28571428571429,67.35714285714286,64.17857142857143
4,Nexora Care - Hillcrest,2025-04-11,78,4,Friday,11,4,April,2,2025,15,0,False,No Holiday,Allergy Season,74.0,84.0,72.0,68.0,68.28571428571429,68.0,65.85714285714286
4,Nexora Care - Hillcrest,2025-04-12,25,5,Saturday,12,4,April,2,2025,15,1,False,No Holiday,Allergy Season,78.0,90.0,69.0,81.0,67.42857142857143,68.42857142857143,66.21428571428571
4,Nexora Care - Hillcrest,2025-04-14,93,0,Monday,14,4,April,2,2025,16,0,False,No Holiday,Allergy Season,25.0,31.0,70.0,108.0,58.142857142857146,65.28571428571429,64.21428571428571
4,Nexora Care - Hillcrest,2025-04-15,79,1,Tuesday,15,4,April,2,2025,16,0,False,No Holiday,Allergy Season,93.0,56.0,23.0,65.0,67.0,66.92857142857143,63.67857142857143
4,Nexora Care - Hillcrest,2025-04-16,94,2,Wednesday,16,4,April,2,2025,16,0,False,No Holiday,Allergy Season,79.0,74.0,62.0,73.0,70.28571428571429,70.92857142857143,64.17857142857143
4,Nexora Care - Hillcrest,2025-04-17,86,3,Thursday,17,4,April,2,2025,16,0,False,No Holiday,Allergy Season,94.0,69.0,90.0,13.0,73.14285714285714,73.21428571428571,64.92857142857143
4,Nexora Care - Hillcrest,2025-04-18,78,4,Friday,18,4,April,2,2025,16,0,False,No Holiday,Allergy Season,86.0,74.0,88.0,67.0,75.57142857142857,72.92857142857143,67.53571428571429
4,Nexora Care - Hillcrest,2025-04-19,19,5,Saturday,19,4,April,2,2025,16,1,False,No Holiday,Allergy Season,78.0,78.0,84.0,69.0,76.14285714285714,72.21428571428571,67.92857142857143
4,Nexora Care - Hillcrest,2025-04-21,60,0,Monday,21,4,April,2,2025,17,0,False,No Holiday,Allergy Season,19.0,25.0,90.0,81.0,67.71428571428571,67.57142857142857,66.14285714285714
4,Nexora Care - Hillcrest,2025-04-22,86,1,Tuesday,22,4,April,2,2025,17,0,False,No Holiday,Allergy Season,60.0,93.0,31.0,71.0,72.71428571428571,65.42857142857143,65.39285714285714
4,Nexora Care - Hillcrest,2025-04-23,89,2,Wednesday,23,4,April,2,2025,17,0,False,No Holiday,Allergy Season,86.0,79.0,56.0,62.0,71.71428571428571,69.35714285714286,65.92857142857143
4,Nexora Care - Hillcrest,2025-04-24,71,3,Thursday,24,4,April,2,2025,17,0,False,No Holiday,Allergy Season,89.0,94.0,74.0,12.0,73.14285714285714,71.71428571428571,66.89285714285714
4,Nexora Care - Hillcrest,2025-04-25,60,4,Friday,25,4,April,2,2025,17,0,False,No Holiday,Allergy Season,71.0,86.0,69.0,57.0,69.85714285714286,71.5,69.0
4,Nexora Care - Hillcrest,2025-04-26,20,5,Saturday,26,4,April,2,2025,17,1,False,No Holiday,Allergy Season,60.0,78.0,74.0,65.0,66.14285714285714,70.85714285714286,69.10714285714286
4,Nexora Care - Hillcrest,2025-04-28,74,0,Monday,28,4,April,2,2025,18,0,False,No Holiday,Allergy Season,20.0,19.0,78.0,72.0,57.857142857142854,67.0,67.5
4,Nexora Care - Hillcrest,2025-04-29,66,1,Tuesday,29,4,April,2,2025,18,0,False,No Holiday,Allergy Season,74.0,60.0,25.0,69.0,65.71428571428571,66.71428571428571,67.57142857142857
4,Nexora Care - Hillcrest,2025-04-30,92,2,Wednesday,30,4,April,2,2025,18,0,False,No Holiday,Allergy Season,66.0,86.0,93.0,70.0,66.57142857142857,69.64285714285714,67.46428571428571
4,Nexora Care - Hillcrest,2025-05-01,70,3,Thursday,1,5,May,2,2025,18,0,False,No Holiday,Allergy Season,92.0,89.0,79.0,23.0,67.42857142857143,69.57142857142857,68.25
4,Nexora Care - Hillcrest,2025-05-02,69,4,Friday,2,5,May,2,2025,18,0,False,No Holiday,Allergy Season,70.0,71.0,94.0,62.0,64.71428571428571,68.92857142857143,69.92857142857143
4,Nexora Care - Hillcrest,2025-05-03,19,5,Saturday,3,5,May,2,2025,18,1,False,No Holiday,Allergy Season,69.0,60.0,86.0,90.0,64.42857142857143,67.14285714285714,70.17857142857143
4,Nexora Care - Hillcrest,2025-05-05,74,0,Monday,5,5,May,2,2025,19,0,False,No Holiday,Allergy Season,19.0,20.0,78.0,88.0,58.57142857142857,62.357142857142854,67.64285714285714
4,Nexora Care - Hillcrest,2025-05-06,74,1,Tuesday,6,5,May,2,2025,19,0,False,No Holiday,Allergy Season,74.0,74.0,19.0,84.0,66.28571428571429,62.07142857142857,67.14285714285714
4,Nexora Care - Hillcrest,2025-05-07,88,2,Wednesday,7,5,May,2,2025,19,0,False,No Holiday,Allergy Season,74.0,66.0,60.0,90.0,66.28571428571429,66.0,66.78571428571429
4,Nexora Care - Hillcrest,2025-05-08,68,3,Thursday,8,5,May,2,2025,19,0,False,No Holiday,Allergy Season,88.0,92.0,86.0,31.0,69.42857142857143,68.0,66.71428571428571
4,Nexora Care - Hillcrest,2025-05-09,60,4,Friday,9,5,May,2,2025,19,0,False,No Holiday,Allergy Season,68.0,70.0,89.0,56.0,66.0,66.71428571428571,68.03571428571429
4,Nexora Care - Hillcrest,2025-05-10,29,5,Saturday,10,5,May,2,2025,19,1,False,No Holiday,Allergy Season,60.0,69.0,71.0,74.0,64.57142857142857,64.64285714285714,68.17857142857143
4,Nexora Care - Hillcrest,2025-05-12,71,0,Monday,12,5,May,2,2025,20,0,False,No Holiday,Allergy Season,29.0,19.0,60.0,69.0,58.857142857142854,61.642857142857146,66.57142857142857
4,Nexora Care - Hillcrest,2025-05-13,86,1,Tuesday,13,5,May,2,2025,20,0,False,No Holiday,Allergy Season,71.0,74.0,20.0,74.0,66.28571428571429,62.42857142857143,66.64285714285714
4,Nexora Care - Hillcrest,2025-05-14,68,2,Wednesday,14,5,May,2,2025,20,0,False,No Holiday,Allergy Season,86.0,74.0,74.0,78.0,68.0,67.14285714285714,67.07142857142857
4,Nexora Care - Hillcrest,2025-05-15,82,3,Thursday,15,5,May,2,2025,20,0,False,No Holiday,Allergy Season,68.0,88.0,66.0,25.0,67.14285714285714,66.71428571428571,66.71428571428571
4,Nexora Care - Hillcrest,2025-05-16,77,4,Friday,16,5,May,2,2025,20,0,False,No Holiday,Allergy Season,82.0,68.0,92.0,93.0,66.28571428571429,67.85714285714286,68.75
4,Nexora Care - Hillcrest,2025-05-17,24,5,Saturday,17,5,May,2,2025,20,1,False,No Holiday,Allergy Season,77.0,60.0,70.0,79.0,67.57142857142857,66.78571428571429,68.17857142857143
4,Nexora Care - Hillcrest,2025-05-19,75,0,Monday,19,5,May,2,2025,21,0,False,No Holiday,Allergy Season,24.0,29.0,69.0,94.0,62.42857142857143,63.5,66.21428571428571
4,Nexora Care - Hillcrest,2025-05-20,68,1,Tuesday,20,5,May,2,2025,21,0,False,No Holiday,Allergy Season,75.0,71.0,19.0,86.0,69.0,63.92857142857143,65.53571428571429
4,Nexora Care - Hillcrest,2025-05-21,72,2,Wednesday,21,5,May,2,2025,21,0,False,No Holiday,Allergy Season,68.0,86.0,74.0,78.0,68.57142857142857,67.42857142857143,64.89285714285714
4,Nexora Care - Hillcrest,2025-05-22,79,3,Thursday,22,5,May,2,2025,21,0,False,No Holiday,Allergy Season,72.0,68.0,74.0,19.0,66.57142857142857,67.28571428571429,64.67857142857143
4,Nexora Care - Hillcrest,2025-05-23,62,4,Friday,23,5,May,2,2025,21,0,False,No Holiday,Allergy Season,79.0,82.0,88.0,60.0,68.14285714285714,67.64285714285714,66.82142857142857
4,Nexora Care - Hillcrest,2025-05-24,19,5,Saturday,24,5,May,2,2025,21,1,False,No Holiday,Allergy Season,62.0,77.0,68.0,86.0,65.28571428571429,65.78571428571429,66.89285714285714
4,Nexora Care - Hillcrest,2025-05-26,9,0,Monday,26,5,May,2,2025,22,0,True,Memorial Day,Allergy Season,19.0,24.0,60.0,89.0,57.0,62.285714285714285,64.5
4,Nexora Care - Hillcrest,2025-05-27,93,1,Tuesday,27,5,May,2,2025,22,0,False,No Holiday,Allergy Season,9.0,75.0,29.0,71.0,54.857142857142854,58.642857142857146,61.642857142857146
4,Nexora Care - Hillcrest,2025-05-28,85,2,Wednesday,28,5,May,2,2025,22,0,False,No Holiday,Allergy Season,93.0,68.0,71.0,60.0,57.42857142857143,63.214285714285715,62.42857142857143
4,Nexora Care - Hillcrest,2025-05-29,73,3,Thursday,29,5,May,2,2025,22,0,False,No Holiday,Allergy Season,85.0,72.0,86.0,20.0,59.857142857142854,64.21428571428571,63.32142857142857
4,Nexora Care - Hillcrest,2025-05-30,76,4,Friday,30,5,May,2,2025,22,0,False,No Holiday,Allergy Season,73.0,79.0,68.0,74.0,60.0,63.285714285714285,65.21428571428571
4,Nexora Care - Hillcrest,2025-05-31,20,5,Saturday,31,5,May,2,2025,22,1,False,No Holiday,Allergy Season,76.0,62.0,82.0,66.0,59.57142857142857,63.857142857142854,65.28571428571429
4,Nexora Care - Hillcrest,2025-06-02,68,0,Monday,2,6,June,2,2025,23,0,False,No Holiday,Standard,20.0,19.0,77.0,92.0,53.57142857142857,59.42857142857143,63.642857142857146
4,Nexora Care - Hillcrest,2025-06-03,80,1,Tuesday,3,6,June,2,2025,23,0,False,No Holiday,Standard,68.0,9.0,24.0,70.0,60.57142857142857,58.785714285714285,62.785714285714285
4,Nexora Care - Hillcrest,2025-06-04,69,2,Wednesday,4,6,June,2,2025,23,0,False,No Holiday,Standard,80.0,93.0,75.0,69.0,70.71428571428571,62.785714285714285,63.142857142857146
4,Nexora Care - Hillcrest,2025-06-05,87,3,Thursday,5,6,June,2,2025,23,0,False,No Holiday,Standard,69.0,85.0,68.0,19.0,67.28571428571429,62.357142857142854,63.142857142857146
4,Nexora Care - Hillcrest,2025-06-06,75,4,Friday,6,6,June,2,2025,23,0,False,No Holiday,Standard,87.0,73.0,72.0,74.0,67.57142857142857,63.714285714285715,65.57142857142857
4,Nexora Care - Hillcrest,2025-06-07,19,5,Saturday,7,6,June,2,2025,23,1,False,No Holiday,Standard,75.0,76.0,79.0,74.0,67.85714285714286,63.92857142857143,65.60714285714286
4,Nexora Care - Hillcrest,2025-06-09,72,0,Monday,9,6,June,2,2025,24,0,False,No Holiday,Standard,19.0,20.0,62.0,88.0,59.714285714285715,59.642857142857146,63.642857142857146
4,Nexora Care - Hillcrest,2025-06-10,90,1,Tuesday,10,6,June,2,2025,24,0,False,No Holiday,Standard,72.0,68.0,19.0,68.0,67.14285714285714,60.357142857142854,63.07142857142857
4,Nexora Care - Hillcrest,2025-06-11,78,2,Wednesday,11,6,June,2,2025,24,0,False,No Holiday,Standard,90.0,80.0,9.0,60.0,70.28571428571429,65.42857142857143,63.857142857142854
4,Nexora Care - Hillcrest,2025-06-12,77,3,Thursday,12,6,June,2,2025,24,0,False,No Holiday,Standard,78.0,69.0,93.0,29.0,70.0,70.35714285714286,64.5
4,Nexora Care - Hillcrest,2025-06-13,76,4,Friday,13,6,June,2,2025,24,0,False,No Holiday,Standard,77.0,87.0,85.0,71.0,71.14285714285714,69.21428571428571,66.21428571428571
4,Nexora Care - Hillcrest,2025-06-14,20,5,Saturday,14,6,June,2,2025,24,1,False,No Holiday,Standard,76.0,75.0,73.0,86.0,69.57142857142857,68.57142857142857,66.39285714285714
4,Nexora Care - Hillcrest,2025-06-16,76,0,Monday,16,6,June,2,2025,25,0,False,No Holiday,Standard,20.0,19.0,76.0,68.0,61.714285714285715,64.78571428571429,64.03571428571429
4,Nexora Care - Hillcrest,2025-06-17,61,1,Tuesday,17,6,June,2,2025,25,0,False,No Holiday,Standard,76.0,72.0,20.0,82.0,69.85714285714286,64.78571428571429,64.32142857142857
4,Nexora Care - Hillcrest,2025-06-18,90,2,Wednesday,18,6,June,2,2025,25,0,False,No Holiday,Standard,61.0,90.0,68.0,77.0,68.28571428571429,67.71428571428571,63.57142857142857
4,Nexora Care - Hillcrest,2025-06-19,13,3,Thursday,19,6,June,2,2025,25,0,True,Juneteenth,Standard,90.0,78.0,80.0,24.0,68.28571428571429,69.28571428571429,64.03571428571429
4,Nexora Care - Hillcrest,2025-06-20,98,4,Friday,20,6,June,2,2025,25,0,False,No Holiday,Standard,13.0,77.0,69.0,75.0,59.0,64.5,63.642857142857146
4,Nexora Care - Hillcrest,2025-06-21,17,5,Saturday,21,6,June,2,2025,25,1,False,No Holiday,Standard,98.0,76.0,87.0,68.0,62.0,66.57142857142857,64.46428571428571
4,Nexora Care - Hillcrest,2025-06-23,91,0,Monday,23,6,June,2,2025,26,0,False,No Holiday,Standard,17.0,20.0,75.0,72.0,53.57142857142857,61.57142857142857,62.642857142857146
4,Nexora Care - Hillcrest,2025-06-24,82,1,Tuesday,24,6,June,2,2025,26,0,False,No Holiday,Standard,91.0,76.0,19.0,79.0,63.714285714285715,62.714285714285715,63.32142857142857
4,Nexora Care - Hillcrest,2025-06-25,82,2,Wednesday,25,6,June,2,2025,26,0,False,No Holiday,Standard,82.0,61.0,72.0,62.0,64.57142857142857,67.21428571428571,63.42857142857143
4,Nexora Care - Hillcrest,2025-06-26,76,3,Thursday,26,6,June,2,2025,26,0,False,No Holiday,Standard,82.0,90.0,90.0,19.0,67.57142857142857,67.92857142857143,64.14285714285714
4,Nexora Care - Hillcrest,2025-06-27,61,4,Friday,27,6,June,2,2025,26,0,False,No Holiday,Standard,76.0,13.0,78.0,9.0,65.57142857142857,66.92857142857143,66.17857142857143
4,Nexora Care - Hillcrest,2025-06-28,23,5,Saturday,28,6,June,2,2025,26,1,False,No Holiday,Standard,61.0,98.0,77.0,93.0,72.42857142857143,65.71428571428571,68.03571428571429
4,Nexora Care - Hillcrest,2025-06-30,49,0,Monday,30,6,June,2,2025,27,0,False,No Holiday,Standard,23.0,17.0,76.0,85.0,61.714285714285715,61.857142857142854,65.53571428571429
4,Nexora Care - Hillcrest,2025-07-01,70,1,Tuesday,1,7,July,3,2025,27,0,False,No Holiday,Standard,49.0,91.0,20.0,73.0,66.28571428571429,59.92857142857143,64.25
4,Nexora Care - Hillcrest,2025-07-02,77,2,Wednesday,2,7,July,3,2025,27,0,False,No Holiday,Standard,70.0,82.0,76.0,76.0,63.285714285714285,63.5,64.14285714285714
4,Nexora Care - Hillcrest,2025-07-03,82,3,Thursday,3,7,July,3,2025,27,0,False,No Holiday,Standard,77.0,82.0,61.0,20.0,62.57142857142857,63.57142857142857,64.17857142857143
4,Nexora Care - Hillcrest,2025-07-04,11,4,Friday,4,7,July,3,2025,27,0,True,Independence Day,Standard,82.0,76.0,90.0,68.0,62.57142857142857,65.07142857142857,66.39285714285714
4,Nexora Care - Hillcrest,2025-07-05,36,5,Saturday,5,7,July,3,2025,27,1,False,No Holiday,Standard,11.0,61.0,13.0,80.0,53.285714285714285,59.42857142857143,64.35714285714286
4,Nexora Care - Hillcrest,2025-07-07,78,0,Monday,7,7,July,3,2025,28,0,False,No Holiday,Standard,36.0,23.0,98.0,69.0,49.714285714285715,61.07142857142857,62.785714285714285
4,Nexora Care - Hillcrest,2025-07-08,74,1,Tuesday,8,7,July,3,2025,28,0,False,No Holiday,Standard,78.0,49.0,17.0,87.0,57.57142857142857,59.642857142857146,63.107142857142854
4,Nexora Care - Hillcrest,2025-07-09,76,2,Wednesday,9,7,July,3,2025,28,0,False,No Holiday,Standard,74.0,70.0,91.0,75.0,61.142857142857146,63.714285714285715,62.642857142857146
4,Nexora Care - Hillcrest,2025-07-10,64,3,Thursday,10,7,July,3,2025,28,0,False,No Holiday,Standard,76.0,77.0,82.0,19.0,62.0,62.642857142857146,62.67857142857143
4,Nexora Care - Hillcrest,2025-07-11,58,4,Friday,11,7,July,3,2025,28,0,False,No Holiday,Standard,64.0,82.0,82.0,72.0,60.142857142857146,61.357142857142854,64.28571428571429
4,Nexora Care - Hillcrest,2025-07-12,17,5,Saturday,12,7,July,3,2025,28,1,False,No Holiday,Standard,58.0,11.0,76.0,90.0,56.714285714285715,59.642857142857146,63.785714285714285
4,Nexora Care - Hillcrest,2025-07-14,95,0,Monday,14,7,July,3,2025,29,0,False,No Holiday,Standard,17.0,36.0,61.0,78.0,57.57142857142857,55.42857142857143,61.17857142857143
4,Nexora Care - Hillcrest,2025-07-15,81,1,Tuesday,15,7,July,3,2025,29,0,False,No Holiday,Standard,95.0,78.0,23.0,77.0,66.0,57.857142857142854,61.785714285714285
4,Nexora Care - Hillcrest,2025-07-16,67,2,Wednesday,16,7,July,3,2025,29,0,False,No Holiday,Standard,81.0,74.0,49.0,76.0,66.42857142857143,62.0,61.92857142857143
4,Nexora Care - Hillcrest,2025-07-17,86,3,Thursday,17,7,July,3,2025,29,0,False,No Holiday,Standard,67.0,76.0,70.0,20.0,65.42857142857143,63.285714285714285,61.607142857142854
4,Nexora Care - Hillcrest,2025-07-18,61,4,Friday,18,7,July,3,2025,29,0,False,No Holiday,Standard,86.0,64.0,77.0,76.0,66.85714285714286,64.42857142857143,63.964285714285715
4,Nexora Care - Hillcrest,2025-07-19,18,5,Saturday,19,7,July,3,2025,29,1,False,No Holiday,Standard,61.0,58.0,82.0,61.0,66.42857142857143,63.285714285714285,63.42857142857143
4,Nexora Care - Hillcrest,2025-07-21,44,0,Monday,21,7,July,3,2025,30,0,False,No Holiday,Standard,18.0,17.0,11.0,90.0,60.714285714285715,58.714285714285715,61.892857142857146
4,Nexora Care - Hillcrest,2025-07-22,48,1,Tuesday,22,7,July,3,2025,30,0,False,No Holiday,Standard,44.0,95.0,36.0,13.0,64.57142857142857,61.07142857142857,60.25
4,Nexora Care - Hillcrest,2025-07-23,77,2,Wednesday,23,7,July,3,2025,30,0,False,No Holiday,Standard,48.0,81.0,78.0,98.0,57.857142857142854,61.92857142857143,61.5
4,Nexora Care - Hillcrest,2025-07-24,82,3,Thursday,24,7,July,3,2025,30,0,False,No Holiday,Standard,77.0,67.0,74.0,17.0,57.285714285714285,61.857142857142854,60.75
4,Nexora Care - Hillcrest,2025-07-25,72,4,Friday,25,7,July,3,2025,30,0,False,No Holiday,Standard,82.0,86.0,76.0,91.0,59.42857142857143,62.42857142857143,63.07142857142857
4,Nexora Care - Hillcrest,2025-07-26,15,5,Saturday,26,7,July,3,2025,30,1,False,No Holiday,Standard,72.0,61.0,64.0,82.0,57.42857142857143,62.142857142857146,62.392857142857146
4,Nexora Care - Hillcrest,2025-07-28,63,0,Monday,28,7,July,3,2025,31,0,False,No Holiday,Standard,15.0,18.0,58.0,82.0,50.857142857142854,58.642857142857146,60.0
4,Nexora Care - Hillcrest,2025-07-29,82,1,Tuesday,29,7,July,3,2025,31,0,False,No Holiday,Standard,63.0,44.0,17.0,76.0,57.285714285714285,59.0,59.32142857142857
4,Nexora Care - Hillcrest,2025-07-30,82,2,Wednesday,30,7,July,3,2025,31,0,False,No Holiday,Standard,82.0,48.0,95.0,61.0,62.714285714285715,63.642857142857146,59.535714285714285
4,Nexora Care - Hillcrest,2025-07-31,82,3,Thursday,31,7,July,3,2025,31,0,False,No Holiday,Standard,82.0,77.0,81.0,23.0,67.57142857142857,62.714285714285715,60.285714285714285
4,Nexora Care - Hillcrest,2025-08-01,60,4,Friday,1,8,August,3,2025,31,0,False,No Holiday,Standard,82.0,82.0,67.0,49.0,68.28571428571429,62.785714285714285,62.392857142857146
4,Nexora Care - Hillcrest,2025-08-02,22,5,Saturday,2,8,August,3,2025,31,1,False,No Holiday,Standard,60.0,72.0,86.0,70.0,65.14285714285714,62.285714285714285,62.785714285714285
4,Nexora Care - Hillcrest,2025-08-04,78,0,Monday,4,8,August,3,2025,32,0,False,No Holiday,Standard,22.0,15.0,61.0,77.0,58.0,57.714285714285715,61.07142857142857
4,Nexora Care - Hillcrest,2025-08-05,73,1,Tuesday,5,8,August,3,2025,32,0,False,No Holiday,Standard,78.0,63.0,18.0,82.0,67.0,58.92857142857143,61.107142857142854
4,Nexora Care - Hillcrest,2025-08-06,78,2,Wednesday,6,8,August,3,2025,32,0,False,No Holiday,Standard,73.0,82.0,44.0,11.0,68.42857142857143,62.857142857142854,60.785714285714285
4,Nexora Care - Hillcrest,2025-08-07,48,3,Thursday,7,8,August,3,2025,32,0,False,No Holiday,Standard,78.0,82.0,48.0,36.0,67.85714285714286,65.28571428571429,63.17857142857143
4,Nexora Care - Hillcrest,2025-08-08,41,4,Friday,8,8,August,3,2025,32,0,False,No Holiday,Standard,48.0,82.0,77.0,78.0,63.0,65.28571428571429,63.607142857142854
4,Nexora Care - Hillcrest,2025-08-09,12,5,Saturday,9,8,August,3,2025,32,1,False,No Holiday,Standard,41.0,60.0,82.0,74.0,57.142857142857146,62.714285714285715,62.285714285714285
4,Nexora Care - Hillcrest,2025-08-11,64,0,Monday,11,8,August,3,2025,33,0,False,No Holiday,Standard,12.0,22.0,72.0,76.0,50.285714285714285,57.714285714285715,60.07142857142857
4,Nexora Care - Hillcrest,2025-08-12,62,1,Tuesday,12,8,August,3,2025,33,0,False,No Holiday,Standard,64.0,78.0,15.0,64.0,56.285714285714285,57.142857142857146,59.642857142857146
4,Nexora Care - Hillcrest,2025-08-13,82,2,Wednesday,13,8,August,3,2025,33,0,False,No Holiday,Standard,62.0,73.0,63.0,58.0,54.0,60.5,59.57142857142857
4,Nexora Care - Hillcrest,2025-08-14,67,3,Thursday,14,8,August,3,2025,33,0,False,No Holiday,Standard,82.0,78.0,82.0,17.0,55.285714285714285,61.857142857142854,60.42857142857143
4,Nexora Care - Hillcrest,2025-08-15,62,4,Friday,15,8,August,3,2025,33,0,False,No Holiday,Standard,67.0,48.0,82.0,95.0,53.714285714285715,60.785714285714285,62.214285714285715
4,Nexora Care - Hillcrest,2025-08-16,22,5,Saturday,16,8,August,3,2025,33,1,False,No Holiday,Standard,62.0,41.0,82.0,81.0,55.714285714285715,59.357142857142854,61.035714285714285
4,Nexora Care - Hillcrest,2025-08-18,87,0,Monday,18,8,August,3,2025,34,0,False,No Holiday,Standard,22.0,12.0,60.0,67.0,53.0,55.07142857142857,58.92857142857143
4,Nexora Care - Hillcrest,2025-08-19,89,1,Tuesday,19,8,August,3,2025,34,0,False,No Holiday,Standard,87.0,64.0,22.0,86.0,63.714285714285715,57.0,59.642857142857146
4,Nexora Care - Hillcrest,2025-08-20,81,2,Wednesday,20,8,August,3,2025,34,0,False,No Holiday,Standard,89.0,62.0,78.0,61.0,67.28571428571429,61.785714285714285,59.75
4,Nexora Care - Hillcrest,2025-08-21,74,3,Thursday,21,8,August,3,2025,34,0,False,No Holiday,Standard,81.0,82.0,73.0,18.0,70.0,62.0,60.464285714285715
4,Nexora Care - Hillcrest,2025-08-22,68,4,Friday,22,8,August,3,2025,34,0,False,No Holiday,Standard,74.0,67.0,78.0,44.0,68.85714285714286,62.07142857142857,62.464285714285715
4,Nexora Care - Hillcrest,2025-08-23,22,5,Saturday,23,8,August,3,2025,34,1,False,No Holiday,Standard,68.0,62.0,48.0,48.0,69.0,61.357142857142854,63.32142857142857
4,Nexora Care - Hillcrest,2025-08-25,73,0,Monday,25,8,August,3,2025,35,0,False,No Holiday,Standard,22.0,22.0,41.0,77.0,63.285714285714285,59.5,62.392857142857146
4,Nexora Care - Hillcrest,2025-08-26,97,1,Tuesday,26,8,August,3,2025,35,0,False,No Holiday,Standard,73.0,87.0,12.0,82.0,70.57142857142857,61.785714285714285,62.25
4,Nexora Care - Hillcrest,2025-08-27,56,2,Wednesday,27,8,August,3,2025,35,0,False,No Holiday,Standard,97.0,89.0,64.0,72.0,72.0,67.85714285714286,62.785714285714285
4,Nexora Care - Hillcrest,2025-08-28,56,3,Thursday,28,8,August,3,2025,35,0,False,No Holiday,Standard,56.0,81.0,62.0,15.0,67.28571428571429,67.28571428571429,62.214285714285715
4,Nexora Care - Hillcrest,2025-08-29,58,4,Friday,29,8,August,3,2025,35,0,False,No Holiday,Standard,56.0,74.0,82.0,63.0,63.714285714285715,66.85714285714286,63.67857142857143
4,Nexora Care - Hillcrest,2025-08-30,25,5,Saturday,30,8,August,3,2025,35,1,False,No Holiday,Standard,58.0,68.0,67.0,82.0,61.42857142857143,65.14285714285714,63.5
4,Nexora Care - Hillcrest,2025-09-01,13,0,Monday,1,9,September,3,2025,36,0,True,Labor Day,Standard,25.0,22.0,62.0,82.0,55.285714285714285,62.142857142857146,61.464285714285715
4,Nexora Care - Hillcrest,2025-09-02,111,1,Tuesday,2,9,September,3,2025,36,0,False,No Holiday,Standard,13.0,73.0,22.0,82.0,54.0,58.642857142857146,59.0
4,Nexora Care - Hillcrest,2025-09-03,68,2,Wednesday,3,9,September,3,2025,36,0,False,No Holiday,Standard,111.0,97.0,87.0,60.0,59.42857142857143,65.0,60.035714285714285
4,Nexora Care - Hillcrest,2025-09-04,84,3,Thursday,4,9,September,3,2025,36,0,False,No Holiday,Standard,68.0,56.0,89.0,22.0,55.285714285714285,63.642857142857146,60.32142857142857
4,Nexora Care - Hillcrest,2025-09-05,67,4,Friday,5,9,September,3,2025,36,0,False,No Holiday,Standard,84.0,56.0,81.0,78.0,59.285714285714285,63.285714285714285,62.535714285714285
4,Nexora Care - Hillcrest,2025-09-06,26,5,Saturday,6,9,September,3,2025,36,1,False,No Holiday,Standard,67.0,58.0,74.0,73.0,60.857142857142854,62.285714285714285,62.142857142857146
4,Nexora Care - Hillcrest,2025-09-08,80,0,Monday,8,9,September,3,2025,37,0,False,No Holiday,Standard,26.0,25.0,68.0,78.0,56.285714285714285,58.857142857142854,60.464285714285715
4,Nexora Care - Hillcrest,2025-09-09,91,1,Tuesday,9,9,September,3,2025,37,0,False,No Holiday,Standard,80.0,13.0,22.0,48.0,64.14285714285714,59.714285714285715,60.535714285714285
4,Nexora Care - Hillcrest,2025-09-10,87,2,Wednesday,10,9,September,3,2025,37,0,False,No Holiday,Standard,91.0,111.0,73.0,41.0,75.28571428571429,64.64285714285714,62.07142857142857
4,Nexora Care - Hillcrest,2025-09-11,69,3,Thursday,11,9,September,3,2025,37,0,False,No Holiday,Standard,87.0,68.0,97.0,12.0,71.85714285714286,65.64285714285714,63.714285714285715
4,Nexora Care - Hillcrest,2025-09-12,63,4,Friday,12,9,September,3,2025,37,0,False,No Holiday,Standard,69.0,84.0,56.0,64.0,72.0,63.642857142857146,65.75
4,Nexora Care - Hillcrest,2025-09-13,18,5,Saturday,13,9,September,3,2025,37,1,False,No Holiday,Standard,63.0,67.0,56.0,62.0,69.0,64.14285714285714,65.71428571428571
4,Nexora Care - Hillcrest,2025-09-15,66,0,Monday,15,9,September,3,2025,38,0,False,No Holiday,Standard,18.0,26.0,58.0,82.0,62.0,61.42857142857143,64.14285714285714
4,Nexora Care - Hillcrest,2025-09-16,77,1,Tuesday,16,9,September,3,2025,38,0,False,No Holiday,Standard,66.0,80.0,25.0,67.0,67.71428571428571,62.0,63.57142857142857
4,Nexora Care - Hillcrest,2025-09-17,67,2,Wednesday,17,9,September,3,2025,38,0,False,No Holiday,Standard,77.0,91.0,13.0,62.0,67.28571428571429,65.71428571428571,63.92857142857143
4,Nexora Care - Hillcrest,2025-09-18,82,3,Thursday,18,9,September,3,2025,38,0,False,No Holiday,Standard,67.0,87.0,111.0,22.0,63.857142857142854,69.57142857142857,64.10714285714286
4,Nexora Care - Hillcrest,2025-09-19,50,4,Friday,19,9,September,3,2025,38,0,False,No Holiday,Standard,82.0,69.0,68.0,87.0,63.142857142857146,67.5,66.25
4,Nexora Care - Hillcrest,2025-09-20,16,5,Saturday,20,9,September,3,2025,38,1,False,No Holiday,Standard,50.0,63.0,84.0,89.0,60.42857142857143,66.21428571428571,64.92857142857143
4,Nexora Care - Hillcrest,2025-09-22,78,0,Monday,22,9,September,3,2025,39,0,False,No Holiday,Standard,16.0,18.0,67.0,81.0,53.714285714285715,61.357142857142854,62.32142857142857
4,Nexora Care - Hillcrest,2025-09-23,84,1,Tuesday,23,9,September,3,2025,39,0,False,No Holiday,Standard,78.0,66.0,26.0,74.0,62.285714285714285,62.142857142857146,62.214285714285715
4,Nexora Care - Hillcrest,2025-09-24,85,2,Wednesday,24,9,September,3,2025,39,0,False,No Holiday,Standard,84.0,77.0,80.0,68.0,64.85714285714286,66.28571428571429,62.57142857142857
4,Nexora Care - Hillcrest,2025-09-25,84,3,Thursday,25,9,September,3,2025,39,0,False,No Holiday,Standard,85.0,67.0,91.0,22.0,66.0,66.64285714285714,63.17857142857143
4,Nexora Care - Hillcrest,2025-09-26,81,4,Friday,26,9,September,3,2025,39,0,False,No Holiday,Standard,84.0,82.0,87.0,73.0,68.42857142857143,66.14285714285714,65.39285714285714
4,Nexora Care - Hillcrest,2025-09-27,18,5,Saturday,27,9,September,3,2025,39,1,False,No Holiday,Standard,81.0,50.0,69.0,97.0,68.28571428571429,65.71428571428571,65.67857142857143
4,Nexora Care - Hillcrest,2025-09-29,57,0,Monday,29,9,September,3,2025,40,0,False,No Holiday,Standard,18.0,16.0,63.0,56.0,63.714285714285715,62.07142857142857,62.857142857142854
4,Nexora Care - Hillcrest,2025-09-30,78,1,Tuesday,30,9,September,3,2025,40,0,False,No Holiday,Standard,57.0,78.0,18.0,56.0,69.57142857142857,61.642857142857146,62.892857142857146
4,Nexora Care - Hillcrest,2025-10-01,76,2,Wednesday,1,10,October,4,2025,40,0,False,No Holiday,Standard,78.0,84.0,66.0,58.0,69.57142857142857,65.92857142857143,63.67857142857143
4,Nexora Care - Hillcrest,2025-10-02,70,3,Thursday,2,10,October,4,2025,40,0,False,No Holiday,Standard,76.0,85.0,77.0,25.0,68.42857142857143,66.64285714285714,64.32142857142857
4,Nexora Care - Hillcrest,2025-10-03,66,4,Friday,3,10,October,4,2025,40,0,False,No Holiday,Standard,70.0,84.0,67.0,13.0,66.28571428571429,66.14285714285714,65.92857142857143
4,Nexora Care - Hillcrest,2025-10-04,14,5,Saturday,4,10,October,4,2025,40,1,False,No Holiday,Standard,66.0,81.0,82.0,111.0,63.714285714285715,66.07142857142857,67.82142857142857
4,Nexora Care - Hillcrest,2025-10-06,66,0,Monday,6,10,October,4,2025,41,0,False,No Holiday,Standard,14.0,18.0,50.0,68.0,54.142857142857146,61.214285714285715,64.35714285714286
4,Nexora Care - Hillcrest,2025-10-07,87,1,Tuesday,7,10,October,4,2025,41,0,False,No Holiday,Standard,66.0,57.0,16.0,84.0,61.0,62.357142857142854,64.28571428571429
4,Nexora Care - Hillcrest,2025-10-08,84,2,Wednesday,8,10,October,4,2025,41,0,False,No Holiday,Standard,87.0,78.0,78.0,67.0,65.28571428571429,67.42857142857143,64.39285714285714
4,Nexora Care - Hillcrest,2025-10-09,66,3,Thursday,9,10,October,4,2025,41,0,False,No Holiday,Standard,84.0,76.0,84.0,26.0,66.14285714285714,67.85714285714286,65.0
4,Nexora Care - Hillcrest,2025-10-10,59,4,Friday,10,10,October,4,2025,41,0,False,No Holiday,Standard,66.0,70.0,85.0,80.0,64.71428571428571,66.57142857142857,66.42857142857143
4,Nexora Care - Hillcrest,2025-10-11,22,5,Saturday,11,10,October,4,2025,41,1,False,No Holiday,Standard,59.0,66.0,84.0,91.0,63.142857142857146,64.71428571428571,65.67857142857143
4,Nexora Care - Hillcrest,2025-10-13,49,0,Monday,13,10,October,4,2025,42,0,False,No Holiday,Standard,22.0,14.0,81.0,87.0,56.857142857142854,60.285714285714285,63.214285714285715
4,Nexora Care - Hillcrest,2025-10-14,77,1,Tuesday,14,10,October,4,2025,42,0,False,No Holiday,Standard,49.0,66.0,18.0,69.0,61.857142857142854,58.0,61.857142857142854
4,Nexora Care - Hillcrest,2025-10-15,74,2,Wednesday,15,10,October,4,2025,42,0,False,No Holiday,Standard,77.0,87.0,57.0,63.0,63.42857142857143,62.214285714285715,62.142857142857146
4,Nexora Care - Hillcrest,2025-10-16,82,3,Thursday,16,10,October,4,2025,42,0,False,No Holiday,Standard,74.0,84.0,78.0,18.0,61.57142857142857,63.42857142857143,62.535714285714285
4,Nexora Care - Hillcrest,2025-10-17,61,4,Friday,17,10,October,4,2025,42,0,False,No Holiday,Standard,82.0,66.0,76.0,66.0,61.285714285714285,63.714285714285715,64.82142857142857
4,Nexora Care - Hillcrest,2025-10-18,21,5,Saturday,18,10,October,4,2025,42,1,False,No Holiday,Standard,61.0,59.0,70.0,77.0,60.57142857142857,62.642857142857146,64.64285714285714
4,Nexora Care - Hillcrest,2025-10-20,73,0,Monday,20,10,October,4,2025,43,0,False,No Holiday,Standard,21.0,22.0,66.0,67.0,55.142857142857146,59.142857142857146,62.642857142857146
4,Nexora Care - Hillcrest,2025-10-21,89,1,Tuesday,21,10,October,4,2025,43,0,False,No Holiday,Standard,73.0,49.0,14.0,82.0,62.42857142857143,59.642857142857146,62.857142857142854
4,Nexora Care - Hillcrest,2025-10-22,74,2,Wednesday,22,10,October,4,2025,43,0,False,No Holiday,Standard,89.0,77.0,66.0,50.0,68.14285714285714,65.0,63.107142857142854
4,Nexora Care - Hillcrest,2025-10-23,72,3,Thursday,23,10,October,4,2025,43,0,False,No Holiday,Standard,74.0,74.0,87.0,16.0,67.71428571428571,65.57142857142857,63.964285714285715
4,Nexora Care - Hillcrest,2025-10-24,73,4,Friday,24,10,October,4,2025,43,0,False,No Holiday,Standard,72.0,82.0,84.0,78.0,67.42857142857143,64.5,65.96428571428571
4,Nexora Care - Hillcrest,2025-10-25,23,5,Saturday,25,10,October,4,2025,43,1,False,No Holiday,Standard,73.0,61.0,66.0,84.0,66.14285714285714,63.714285714285715,65.78571428571429
4,Nexora Care - Hillcrest,2025-10-27,64,0,Monday,27,10,October,4,2025,44,0,False,No Holiday,Standard,23.0,21.0,59.0,85.0,60.714285714285715,60.642857142857146,63.607142857142854
4,Nexora Care - Hillcrest,2025-10-28,71,1,Tuesday,28,10,October,4,2025,44,0,False,No Holiday,Standard,64.0,73.0,22.0,84.0,66.85714285714286,61.0,62.857142857142854
4,Nexora Care - Hillcrest,2025-10-29,86,2,Wednesday,29,10,October,4,2025,44,0,False,No Holiday,Standard,71.0,89.0,49.0,81.0,66.57142857142857,64.5,62.392857142857146
4,Nexora Care - Hillcrest,2025-10-30,68,3,Thursday,30,10,October,4,2025,44,0,False,No Holiday,Standard,86.0,74.0,77.0,18.0,66.14285714285714,67.14285714285714,62.57142857142857
4,Nexora Care - Hillcrest,2025-10-31,54,4,Friday,31,10,October,4,2025,44,0,False,No Holiday,Standard,68.0,72.0,74.0,57.0,65.28571428571429,66.5,64.35714285714286
4,Nexora Care - Hillcrest,2025-11-01,21,5,Saturday,1,11,November,4,2025,44,1,False,No Holiday,Standard,54.0,73.0,82.0,78.0,62.714285714285715,65.07142857142857,64.25
4,Nexora Care - Hillcrest,2025-11-03,70,0,Monday,3,11,November,4,2025,45,0,False,No Holiday,Standard,21.0,23.0,61.0,76.0,55.285714285714285,60.714285714285715,62.214285714285715
4,Nexora Care - Hillcrest,2025-11-04,68,1,Tuesday,4,11,November,4,2025,45,0,False,No Holiday,Standard,70.0,64.0,21.0,70.0,62.0,61.357142857142854,62.0
4,Nexora Care - Hillcrest,2025-11-05,89,2,Wednesday,5,11,November,4,2025,45,0,False,No Holiday,Standard,68.0,71.0,73.0,66.0,62.57142857142857,64.71428571428571,61.92857142857143
4,Nexora Care - Hillcrest,2025-11-06,80,3,Thursday,6,11,November,4,2025,45,0,False,No Holiday,Standard,89.0,86.0,89.0,14.0,65.14285714285714,65.85714285714286,62.75
4,Nexora Care - Hillcrest,2025-11-07,73,4,Friday,7,11,November,4,2025,45,0,False,No Holiday,Standard,80.0,68.0,74.0,66.0,64.28571428571429,65.21428571428571,65.10714285714286
4,Nexora Care - Hillcrest,2025-11-08,19,5,Saturday,8,11,November,4,2025,45,1,False,No Holiday,Standard,73.0,54.0,72.0,87.0,65.0,65.14285714285714,65.35714285714286
4,Nexora Care - Hillcrest,2025-11-10,69,0,Monday,10,11,November,4,2025,46,0,False,No Holiday,Standard,19.0,21.0,73.0,84.0,60.0,61.357142857142854,62.92857142857143
4,Nexora Care - Hillcrest,2025-11-11,13,1,Tuesday,11,11,November,4,2025,46,0,True,Veterans Day,Standard,69.0,70.0,23.0,66.0,66.85714285714286,61.07142857142857,62.392857142857146
4,Nexora Care - Hillcrest,2025-11-12,116,2,Wednesday,12,11,November,4,2025,46,0,False,No Holiday,Standard,13.0,68.0,64.0,59.0,58.714285714285715,60.357142857142854,60.5
4,Nexora Care - Hillcrest,2025-11-13,79,3,Thursday,13,11,November,4,2025,46,0,False,No Holiday,Standard,116.0,89.0,71.0,22.0,65.57142857142857,64.07142857142857,62.535714285714285
4,Nexora Care - Hillcrest,2025-11-14,77,4,Friday,14,11,November,4,2025,46,0,False,No Holiday,Standard,79.0,80.0,86.0,49.0,64.14285714285714,64.64285714285714,64.57142857142857
4,Nexora Care - Hillcrest,2025-11-15,19,5,Saturday,15,11,November,4,2025,46,1,False,No Holiday,Standard,77.0,73.0,68.0,77.0,63.714285714285715,64.0,65.57142857142857
4,Nexora Care - Hillcrest,2025-11-17,99,0,Monday,17,11,November,4,2025,47,0,False,No Holiday,Standard,19.0,19.0,54.0,74.0,56.0,60.5,63.5
4,Nexora Care - Hillcrest,2025-11-18,83,1,Tuesday,18,11,November,4,2025,47,0,False,No Holiday,Standard,99.0,69.0,21.0,82.0,67.42857142857143,63.714285714285715,64.39285714285714
4,Nexora Care - Hillcrest,2025-11-19,84,2,Wednesday,19,11,November,4,2025,47,0,False,No Holiday,Standard,83.0,13.0,70.0,61.0,69.42857142857143,68.14285714285714,64.42857142857143
4,Nexora Care - Hillcrest,2025-11-20,63,3,Thursday,20,11,November,4,2025,47,0,False,No Holiday,Standard,84.0,116.0,68.0,21.0,79.57142857142857,69.14285714285714,65.25
4,Nexora Care - Hillcrest,2025-11-21,74,4,Friday,21,11,November,4,2025,47,0,False,No Holiday,Standard,63.0,79.0,89.0,73.0,72.0,68.78571428571429,66.75
4,Nexora Care - Hillcrest,2025-11-22,17,5,Saturday,22,11,November,4,2025,47,1,False,No Holiday,Standard,74.0,77.0,80.0,89.0,71.28571428571429,67.71428571428571,66.78571428571429
4,Nexora Care - Hillcrest,2025-11-24,92,0,Monday,24,11,November,4,2025,48,0,False,No Holiday,Standard,17.0,19.0,73.0,74.0,62.714285714285715,63.214285714285715,64.21428571428571
4,Nexora Care - Hillcrest,2025-11-25,89,1,Tuesday,25,11,November,4,2025,48,0,False,No Holiday,Standard,92.0,99.0,19.0,72.0,73.14285714285714,64.57142857142857,64.85714285714286
4,Nexora Care - Hillcrest,2025-11-26,90,2,Wednesday,26,11,November,4,2025,48,0,False,No Holiday,Standard,89.0,83.0,69.0,73.0,71.71428571428571,69.57142857142857,65.46428571428571
4,Nexora Care - Hillcrest,2025-11-27,16,3,Thursday,27,11,November,4,2025,48,0,True,Thanksgiving,Standard,90.0,84.0,13.0,23.0,72.71428571428571,71.07142857142857,66.07142857142857
4,Nexora Care - Hillcrest,2025-11-28,9,4,Friday,28,11,November,4,2025,48,0,True,Day After Thanksgiving,Standard,16.0,63.0,116.0,64.0,63.0,71.28571428571429,65.82142857142857
4,Nexora Care - Hillcrest,2025-11-29,25,5,Saturday,29,11,November,4,2025,48,1,False,No Holiday,Standard,9.0,74.0,79.0,71.0,55.285714285714285,63.642857142857146,63.857142857142854
4,Nexora Care - Hillcrest,2025-12-01,101,0,Monday,1,12,December,4,2025,49,0,False,No Holiday,Flu Season,25.0,17.0,77.0,86.0,48.285714285714285,59.785714285714285,62.214285714285715
4,Nexora Care - Hillcrest,2025-12-02,97,1,Tuesday,2,12,December,4,2025,49,0,False,No Holiday,Flu Season,101.0,92.0,19.0,68.0,60.285714285714285,61.5,62.75
4,Nexora Care - Hillcrest,2025-12-03,93,2,Wednesday,3,12,December,4,2025,49,0,False,No Holiday,Flu Season,97.0,89.0,99.0,54.0,61.0,67.07142857142857,63.785714285714285
4,Nexora Care - Hillcrest,2025-12-04,101,3,Thursday,4,12,December,4,2025,49,0,False,No Holiday,Flu Season,93.0,90.0,83.0,21.0,61.57142857142857,66.64285714285714,65.17857142857143
4,Nexora Care - Hillcrest,2025-12-05,64,4,Friday,5,12,December,4,2025,49,0,False,No Holiday,Flu Season,101.0,16.0,84.0,70.0,63.142857142857146,67.92857142857143,68.03571428571429
4,Nexora Care - Hillcrest,2025-12-06,28,5,Saturday,6,12,December,4,2025,49,1,False,No Holiday,Flu Season,64.0,9.0,63.0,68.0,70.0,66.5,67.82142857142857
4,Nexora Care - Hillcrest,2025-12-08,79,0,Monday,8,12,December,4,2025,50,0,False,No Holiday,Flu Season,28.0,25.0,74.0,89.0,72.71428571428571,64.0,66.39285714285714
4,Nexora Care - Hillcrest,2025-12-09,76,1,Tuesday,9,12,December,4,2025,50,0,False,No Holiday,Flu Season,79.0,101.0,17.0,80.0,80.42857142857143,64.35714285714286,66.03571428571429
4,Nexora Care - Hillcrest,2025-12-10,106,2,Wednesday,10,12,December,4,2025,50,0,False,No Holiday,Flu Season,76.0,97.0,92.0,73.0,76.85714285714286,68.57142857142857,65.89285714285714
4,Nexora Care - Hillcrest,2025-12-11,126,3,Thursday,11,12,December,4,2025,50,0,False,No Holiday,Flu Season,106.0,93.0,89.0,19.0,78.14285714285714,69.57142857142857,67.07142857142857
4,Nexora Care - Hillcrest,2025-12-12,96,4,Friday,12,12,December,4,2025,50,0,False,No Holiday,Flu Season,126.0,101.0,90.0,69.0,82.85714285714286,72.21428571428571,70.89285714285714
4,Nexora Care - Hillcrest,2025-12-13,22,5,Saturday,13,12,December,4,2025,50,1,False,No Holiday,Flu Season,96.0,64.0,16.0,13.0,82.14285714285714,72.64285714285714,71.85714285714286
4,Nexora Care - Hillcrest,2025-12-15,105,0,Monday,15,12,December,4,2025,51,0,False,No Holiday,Flu Season,22.0,28.0,9.0,116.0,76.14285714285714,73.07142857142857,72.17857142857143
4,Nexora Care - Hillcrest,2025-12-16,107,1,Tuesday,16,12,December,4,2025,51,0,False,No Holiday,Flu Season,105.0,79.0,25.0,79.0,87.14285714285714,79.92857142857143,71.78571428571429
4,Nexora Care - Hillcrest,2025-12-17,107,2,Wednesday,17,12,December,4,2025,51,0,False,No Holiday,Flu Season,107.0,76.0,101.0,77.0,91.14285714285714,85.78571428571429,72.78571428571429
4,Nexora Care - Hillcrest,2025-12-18,104,3,Thursday,18,12,December,4,2025,51,0,False,No Holiday,Flu Season,107.0,106.0,97.0,19.0,95.57142857142857,86.21428571428571,73.85714285714286
4,Nexora Care - Hillcrest,2025-12-19,87,4,Friday,19,12,December,4,2025,51,0,False,No Holiday,Flu Season,104.0,126.0,93.0,99.0,95.28571428571429,86.71428571428571,76.89285714285714
4,Nexora Care - Hillcrest,2025-12-20,31,5,Saturday,20,12,December,4,2025,51,1,False,No Holiday,Flu Season,87.0,96.0,101.0,83.0,89.71428571428571,86.28571428571429,76.46428571428571
4,Nexora Care - Hillcrest,2025-12-22,103,0,Monday,22,12,December,4,2025,52,0,False,No Holiday,Flu Season,31.0,22.0,64.0,84.0,80.42857142857143,81.28571428571429,74.60714285714286
4,Nexora Care - Hillcrest,2025-12-23,97,1,Tuesday,23,12,December,4,2025,52,0,False,No Holiday,Flu Season,103.0,105.0,28.0,63.0,92.0,84.07142857142857,75.28571428571429
4,Nexora Care - Hillcrest,2025-12-24,16,2,Wednesday,24,12,December,4,2025,52,0,True,Christmas Eve,Flu Season,97.0,107.0,79.0,74.0,90.85714285714286,89.0,76.5
4,Nexora Care - Hillcrest,2025-12-25,11,3,Thursday,25,12,December,4,2025,52,0,True,Christmas Day,Flu Season,16.0,107.0,76.0,17.0,77.85714285714286,84.5,74.42857142857143
4,Nexora Care - Hillcrest,2025-12-26,75,4,Friday,26,12,December,4,2025,52,0,False,No Holiday,Flu Season,11.0,104.0,106.0,92.0,64.14285714285714,79.85714285714286,74.21428571428571
4,Nexora Care - Hillcrest,2025-12-27,34,5,Saturday,27,12,December,4,2025,52,1,False,No Holiday,Flu Season,75.0,87.0,126.0,89.0,60.0,77.64285714285714,73.60714285714286
4,Nexora Care - Hillcrest,2025-12-29,92,0,Monday,29,12,December,4,2025,1,0,False,No Holiday,Flu Season,34.0,31.0,96.0,90.0,52.42857142857143,71.07142857142857,71.64285714285714
4,Nexora Care - Hillcrest,2025-12-30,99,1,Tuesday,30,12,December,4,2025,1,0,False,No Holiday,Flu Season,92.0,103.0,22.0,16.0,61.142857142857146,70.78571428571429,71.71428571428571
4,Nexora Care - Hillcrest,2025-12-31,20,2,Wednesday,31,12,December,4,2025,1,0,True,New Year's Eve,Flu Season,99.0,97.0,105.0,9.0,60.57142857142857,76.28571428571429,74.67857142857143
